tick,id,size,holding,elapsed,ahead,qpos,qsize,front,count,crowded,jam,n_train,n_hold,n_other,n_behind,n_missed,n_rest,n_rest_hold,n_rest_loop,count_rest,count_loop,count_all_loop,occ,occ_hold,occ_rest,n_corr,holder_corr,holder_stack_only,crowd_corr,check,guard,outcome,hopped
90,125,1,0,-1,20,1,2,0,26,0,0,26,0,0,0,0,0,0,0,26,26,26,0.5528,0.0000,0.0000,15,0,0,0,,0,pending,0
90,192,1,0,-1,21,1,2,0,32,1,0,32,0,0,5,0,0,0,0,32,27,27,0.5315,0.0000,0.0000,17,0,0,0,,0,hop,1
91,125,1,0,-1,20,1,2,0,26,0,0,26,0,0,0,0,0,0,0,26,26,26,0.5528,0.0000,0.0000,15,0,0,0,,0,hop,1
96,126,1,0,-1,18,4,5,0,22,0,0,22,0,0,0,0,0,0,0,22,22,22,0.4804,0.0000,0.0000,13,0,0,0,,0,pending,0
97,126,1,0,-1,18,4,5,0,22,0,0,22,0,0,0,0,0,0,0,22,22,22,0.4802,0.0000,0.0000,13,0,0,0,,0,hop,1
101,91,1,0,-1,22,0,1,0,28,0,0,28,0,0,0,0,0,0,0,28,28,28,0.5429,0.0000,0.0000,15,0,0,0,,0,hop,1
101,152,1,0,-1,23,0,2,0,28,0,0,28,0,0,0,1,0,0,0,28,29,29,0.6111,0.0000,0.0000,17,0,0,0,,0,pending,0
102,152,1,0,-1,23,0,2,0,28,0,0,28,0,0,0,1,0,0,0,28,29,29,0.6111,0.0000,0.0000,17,0,0,0,,0,hop,1
103,170,1,0,-1,3,1,2,0,3,0,0,3,0,0,0,0,0,0,0,3,3,3,0.1070,0.0000,0.0000,3,0,0,0,,0,hop,1
105,191,1,0,-1,25,1,2,0,32,1,0,32,0,0,0,0,0,0,0,32,32,32,0.5963,0.0000,0.0000,19,0,0,0,,0,hop,1
106,128,1,0,-1,20,3,5,0,21,0,0,21,0,0,0,0,0,0,0,21,21,21,0.5235,0.0000,0.0000,15,0,0,0,,0,pending,0
106,169,1,0,-1,18,1,5,0,20,0,0,20,0,0,2,1,0,0,0,20,19,19,0.5705,0.0000,0.0000,16,0,0,0,,0,pending,0
107,128,1,0,-1,20,3,5,0,21,0,0,21,0,0,0,0,0,0,0,21,21,21,0.5230,0.0000,0.0000,15,0,0,0,,0,hop,1
107,169,1,0,-1,18,1,5,0,20,0,0,20,0,0,2,1,0,0,0,20,19,19,0.5706,0.0000,0.0000,16,0,0,0,,0,hop,1
108,158,1,0,-1,16,3,5,0,16,0,0,16,0,0,0,0,0,0,0,16,16,16,0.4871,0.0000,0.0000,14,0,0,0,,0,hop,1
109,162,1,0,-1,10,1,3,0,10,0,0,10,0,0,0,0,0,0,0,10,10,10,0.3599,0.0000,0.0000,10,0,0,0,,0,hop,1
112,155,1,0,-1,19,0,3,0,19,0,0,19,0,0,0,1,0,0,0,19,20,20,0.5525,0.0000,0.0000,15,0,0,0,,0,pending,0
113,155,1,0,-1,19,0,3,0,19,0,0,19,0,0,0,1,0,0,0,19,20,20,0.5522,0.0000,0.0000,15,0,0,0,,0,hop,1
116,156,1,0,-1,5,0,1,0,6,0,0,6,0,0,1,0,0,0,0,6,5,5,0.1770,0.0000,0.0000,5,0,0,0,,0,hop,1
117,163,1,0,-1,6,1,4,0,5,0,0,5,0,0,0,1,0,0,0,5,6,6,0.1810,0.0000,0.0000,5,0,0,0,,0,hop,1
117,180,1,0,-1,0,0,2,1,0,0,0,0,0,0,0,0,0,0,0,0,0,0,0.0000,0.0000,0.0000,0,0,0,0,,0,pending,0
118,180,1,0,-1,0,0,2,1,0,0,0,0,0,0,0,0,0,0,0,0,0,0,0.0000,0.0000,0.0000,0,0,0,0,,0,hop,1
118,183,1,0,-1,6,0,1,1,6,0,0,6,0,0,0,0,0,0,0,6,6,6,0.2054,0.0000,0.0000,6,0,0,0,,0,pending,0
119,183,1,0,-1,6,0,1,1,6,0,0,6,0,0,0,0,0,0,0,6,6,6,0.2054,0.0000,0.0000,6,0,0,0,,0,hop,1
121,124,1,0,-1,24,0,1,0,29,0,0,29,0,0,0,0,0,0,0,29,29,29,0.5888,0.0000,0.0000,16,0,0,0,,0,pending,0
122,124,1,0,-1,24,0,1,0,29,0,0,29,0,0,0,0,0,0,0,29,29,29,0.5886,0.0000,0.0000,16,0,0,0,,0,hop,1
126,93,1,0,-1,8,1,2,0,9,0,0,9,0,0,1,0,0,0,0,9,8,8,0.2747,0.0000,0.0000,8,0,0,0,,0,hop,1
126,151,1,0,-1,24,1,2,0,29,0,0,29,0,0,0,0,0,0,0,29,29,29,0.6156,0.0000,0.0000,17,0,0,0,,0,hop,1
126,179,1,0,-1,12,0,1,0,12,0,0,12,0,0,0,0,0,0,0,12,12,12,0.3987,0.0000,0.0000,11,0,0,0,,0,hop,1
127,133,1,0,-1,11,0,1,1,12,0,0,12,0,0,1,0,0,0,0,12,11,11,0.3813,0.0000,0.0000,11,0,0,0,,0,pending,0
128,133,1,0,-1,11,0,1,1,12,0,0,12,0,0,1,0,0,0,0,12,11,11,0.3814,0.0000,0.0000,11,0,0,0,,0,hop,1
132,92,1,0,-1,21,0,1,0,25,0,0,25,0,0,1,0,0,0,0,25,24,24,0.5381,0.0000,0.0000,15,0,0,0,,0,pending,0
133,92,1,0,-1,21,0,1,0,25,0,0,25,0,0,1,0,0,0,0,25,24,24,0.5382,0.0000,0.0000,15,0,0,0,,0,hop,1
137,196,1,0,-1,2,0,2,1,2,0,0,2,0,0,0,0,0,0,0,2,2,2,0.0722,0.0000,0.0000,2,0,0,0,,0,pending,0
138,196,1,0,-1,2,0,2,1,2,0,0,2,0,0,0,0,0,0,0,2,2,2,0.0722,0.0000,0.0000,2,0,0,0,,0,hop,1
142,132,1,0,-1,12,0,5,1,14,0,0,14,0,0,1,0,0,0,0,14,13,13,0.4294,0.0000,0.0000,13,0,0,0,,0,pending,0
143,132,1,0,-1,12,0,5,1,14,0,0,14,0,0,1,0,0,0,0,14,13,13,0.4293,0.0000,0.0000,13,0,0,0,,0,hop,1
143,171,1,0,-1,14,2,5,0,14,0,0,14,0,0,0,0,0,0,0,14,14,14,0.4343,0.0000,0.0000,12,0,0,0,,0,hop,1
149,160,1,0,-1,13,1,3,0,14,0,0,14,0,0,0,0,0,0,0,14,14,14,0.4395,0.0000,0.0000,12,0,0,0,,0,pending,0
150,160,1,0,-1,13,1,3,0,14,0,0,14,0,0,0,0,0,0,0,14,14,14,0.4391,0.0000,0.0000,12,0,0,0,,0,hop,1
154,166,1,0,-1,23,0,2,0,30,0,0,30,0,0,0,0,0,0,0,30,30,30,0.6377,0.0000,0.0000,18,0,0,0,,0,hop,1
162,153,1,0,-1,22,0,2,0,23,0,0,23,0,0,0,1,0,0,0,23,24,24,0.6137,0.0000,0.0000,17,0,0,0,,0,hop,1
163,181,1,0,-1,9,0,2,1,10,0,0,10,0,0,0,0,0,0,0,10,10,10,0.3202,0.0000,0.0000,9,0,0,0,,0,hop,1
169,167,1,0,-1,21,1,2,0,27,0,0,27,0,0,1,1,0,0,0,27,27,27,0.6792,0.0000,0.0000,19,0,0,0,,0,hop,1
170,168,1,0,-1,19,0,1,0,22,0,0,22,0,0,2,0,0,0,0,22,20,20,0.5627,0.0000,0.0000,16,0,0,0,,0,pending,0
170,195,1,0,-1,17,1,2,0,19,0,0,19,0,0,2,0,0,0,0,19,17,17,0.5099,0.0000,0.0000,15,0,0,0,,0,pending,0
171,134,1,0,-1,7,2,4,0,7,0,0,7,0,0,0,0,0,0,0,7,7,7,0.2111,0.0000,0.0000,6,0,0,0,,0,pending,0
171,161,1,0,-1,2,0,2,1,2,0,0,2,0,0,0,0,0,0,0,2,2,2,0.0736,0.0000,0.0000,2,0,0,0,,0,pending,0
171,168,1,0,-1,19,0,1,0,22,0,0,22,0,0,2,0,0,0,0,22,20,20,0.5627,0.0000,0.0000,16,0,0,0,,0,hop,1
171,195,1,0,-1,17,1,2,0,19,0,0,19,0,0,2,0,0,0,0,19,17,17,0.5101,0.0000,0.0000,15,0,0,0,,0,hop,1
172,134,1,0,-1,7,2,4,0,7,0,0,7,0,0,0,0,0,0,0,7,7,7,0.2110,0.0000,0.0000,6,0,0,0,,0,hop,1
172,161,1,0,-1,2,0,2,1,2,0,0,2,0,0,0,0,0,0,0,2,2,2,0.0736,0.0000,0.0000,2,0,0,0,,0,hop,1
173,193,1,0,-1,20,0,1,0,26,0,0,26,0,0,4,0,0,0,0,26,22,22,0.4909,0.0000,0.0000,15,0,0,0,,0,hop,1
174,130,1,0,-1,15,1,2,0,18,0,0,18,0,0,2,0,0,0,0,18,16,16,0.5073,0.0000,0.0000,15,0,0,0,,0,hop,1
190,192,1,0,-1,21,0,2,0,28,0,0,28,0,0,3,0,0,0,0,28,25,25,0.6124,0.0000,0.0000,18,0,0,0,,0,pending,0
191,192,1,0,-1,21,0,2,0,27,0,0,27,0,0,2,0,0,0,0,27,25,25,0.6129,0.0000,0.0000,18,0,0,0,,0,hop,1
198,128,1,0,-1,19,1,2,0,20,0,0,20,0,0,1,0,0,0,0,20,19,19,0.5919,0.0000,0.0000,17,0,0,0,,0,pending,0
199,128,1,0,-1,19,1,2,0,20,0,0,20,0,0,1,0,0,0,0,20,19,19,0.5917,0.0000,0.0000,17,0,0,0,,0,hop,1
201,125,1,0,-1,21,1,3,0,25,0,0,25,0,0,0,0,0,0,0,25,25,25,0.5775,0.0000,0.0000,16,0,0,0,,0,hop,1
208,126,1,0,-1,22,0,2,0,21,0,0,21,0,0,0,1,0,0,0,21,22,22,0.6634,0.0000,0.0000,18,0,0,0,,0,hop,1
209,156,1,0,-1,5,0,4,0,6,0,0,6,0,0,1,0,0,0,0,6,5,5,0.2119,0.0000,0.0000,6,0,0,0,,0,hop,1
216,183,1,0,-1,6,0,1,1,6,0,0,6,0,0,0,0,0,0,0,6,6,6,0.2099,0.0000,0.0000,6,0,0,0,,0,hop,1
224,155,1,0,-1,18,0,2,0,17,0,0,17,0,0,0,1,0,0,0,17,18,18,0.5490,0.0000,0.0000,15,0,0,0,,0,hop,1
224,158,1,0,-1,14,2,4,0,16,0,0,16,0,0,0,0,0,0,0,16,16,16,0.4631,0.0000,0.0000,13,0,0,0,,0,hop,1
225,91,1,0,-1,22,0,2,0,27,0,0,27,0,0,0,0,0,0,0,27,27,27,0.6275,0.0000,0.0000,17,0,0,0,,0,pending,0
226,91,1,0,-1,22,0,2,0,27,0,0,27,0,0,0,0,0,0,0,27,27,27,0.6274,0.0000,0.0000,17,0,0,0,,0,hop,1
231,169,1,0,-1,16,0,2,0,17,0,0,17,0,0,0,0,0,0,0,17,17,17,0.5421,0.0000,0.0000,15,0,0,0,,0,hop,1
235,152,1,0,-1,23,1,2,0,28,0,0,28,0,0,0,0,0,0,0,28,28,28,0.6242,0.0000,0.0000,18,0,0,0,,0,hop,1
244,196,1,0,-1,2,1,2,0,2,0,0,2,0,0,0,0,0,0,0,2,2,2,0.0694,0.0000,0.0000,2,0,0,0,,0,pending,0
245,196,1,0,-1,2,1,2,0,2,0,0,2,0,0,0,0,0,0,0,2,2,2,0.0694,0.0000,0.0000,2,0,0,0,,0,hop,1
248,133,1,0,-1,10,0,1,0,13,0,0,13,0,0,2,0,0,0,0,13,11,11,0.3044,0.0000,0.0000,9,0,0,0,,0,pending,0
248,170,1,0,-1,3,0,1,1,3,0,0,3,0,0,0,0,0,0,0,3,3,3,0.1097,0.0000,0.0000,3,0,0,0,,0,hop,1
249,133,1,0,-1,10,0,1,0,13,0,0,13,0,0,2,0,0,0,0,13,11,11,0.3044,0.0000,0.0000,9,0,0,0,,0,hop,1
250,191,1,0,-1,23,0,1,0,29,0,0,29,0,0,1,0,0,0,0,29,28,28,0.6548,0.0000,0.0000,19,0,0,0,,0,hop,1
258,180,1,0,-1,0,0,1,1,0,0,0,0,0,0,0,0,0,0,0,0,0,0,0.0000,0.0000,0.0000,0,0,0,0,,0,hop,1
259,179,1,0,-1,10,1,3,0,12,0,0,12,0,0,0,0,0,0,0,12,12,12,0.3270,0.0000,0.0000,9,0,0,0,,0,hop,1
265,153,1,0,-1,23,0,3,0,23,0,0,23,0,0,0,0,0,0,0,23,23,23,0.6479,0.0000,0.0000,18,0,0,0,,0,pending,0
266,132,1,0,-1,12,0,5,1,15,0,0,15,0,0,0,0,0,0,0,15,15,15,0.4057,0.0000,0.0000,11,0,0,0,,0,hop,1
266,153,1,0,-1,23,0,3,0,23,0,0,23,0,0,0,0,0,0,0,23,23,23,0.6479,0.0000,0.0000,18,0,0,0,,0,hop,1
267,163,1,0,-1,6,1,4,0,5,0,0,5,0,0,0,1,0,0,0,5,6,6,0.1425,0.0000,0.0000,4,0,0,0,,0,hop,1
281,168,1,0,-1,19,0,2,0,20,0,0,20,0,0,0,0,0,0,0,20,20,20,0.6446,0.0000,0.0000,18,0,0,0,,0,pending,0
282,167,1,0,-1,22,0,2,0,26,0,0,26,0,0,0,0,0,0,0,26,26,26,0.7200,0.0000,0.0000,20,0,0,1,,0,start_crowd,0
282,168,1,0,-1,19,0,2,0,20,0,0,20,0,0,0,0,0,0,0,20,20,20,0.6447,0.0000,0.0000,18,0,0,0,,0,hop,1
283,92,1,0,-1,22,1,2,0,23,0,0,23,0,0,1,0,0,0,0,23,22,22,0.6270,0.0000,0.0000,17,0,0,0,,0,hop,1
286,93,1,0,-1,7,4,5,0,9,0,0,9,0,0,2,0,0,0,0,9,7,7,0.3046,0.0000,0.0000,9,0,0,0,,0,hop,1
286,162,1,0,-1,9,1,2,0,8,0,0,8,0,0,0,1,0,0,0,8,9,9,0.2905,0.0000,0.0000,8,0,0,0,,0,hop,1
288,160,1,0,-1,12,1,5,0,13,0,0,13,0,0,0,1,0,0,0,13,14,14,0.3600,0.0000,0.0000,10,0,0,0,,0,pending,0
289,160,1,0,-1,12,1,5,0,13,0,0,13,0,0,0,1,0,0,0,13,14,14,0.3600,0.0000,0.0000,10,0,0,0,,0,hop,1
293,193,1,0,-1,10,1,2,0,12,0,0,12,0,0,0,0,0,0,0,12,12,12,0.3134,0.0000,0.0000,9,0,0,0,,0,pending,0
294,124,1,0,-1,23,0,2,0,30,0,1,29,1,0,1,0,0,0,0,30,29,29,0.6101,0.0339,0.0000,18,1,0,0,,0,start_holder,0
294,193,1,0,-1,10,1,2,0,12,0,0,12,0,0,0,0,0,0,0,12,12,12,0.3136,0.0000,0.0000,9,0,0,0,,0,hop,1
300,134,1,0,-1,6,3,5,0,6,0,0,6,0,0,0,0,0,0,0,6,6,6,0.2141,0.0000,0.0000,6,0,0,0,,0,pending,0
301,134,1,0,-1,6,3,5,0,6,0,0,6,0,0,0,0,0,0,0,6,6,6,0.2140,0.0000,0.0000,6,0,0,0,,0,hop,1
303,126,1,0,-1,21,0,2,0,21,0,0,21,0,0,0,1,0,0,0,21,22,22,0.6259,0.0000,0.0000,17,0,0,0,,0,hop,1
306,192,1,0,-1,21,1,2,0,23,0,0,23,0,0,1,0,0,0,0,23,22,22,0.6230,0.0000,0.0000,18,0,0,0,,0,pending,0
307,192,1,0,-1,21,1,2,0,23,0,0,23,0,0,1,0,0,0,0,23,22,22,0.6231,0.0000,0.0000,18,0,0,0,,0,hop,1
308,161,1,0,-1,2,0,2,1,2,0,0,2,0,0,0,0,0,0,0,2,2,2,0.0729,0.0000,0.0000,2,0,0,0,,0,pending,0
309,128,1,0,-1,18,1,2,0,20,0,0,20,0,0,1,0,0,0,0,20,19,19,0.5976,0.0000,0.0000,17,0,0,0,,0,pending,0
309,161,1,0,-1,2,0,2,1,2,0,0,2,0,0,0,0,0,0,0,2,2,2,0.0729,0.0000,0.0000,2,0,0,0,,0,hop,1
310,128,1,0,-1,18,1,2,0,20,0,0,20,0,0,1,0,0,0,0,20,19,19,0.5974,0.0000,0.0000,17,0,0,0,,0,hop,1
314,171,1,0,-1,12,2,5,0,15,0,0,15,0,0,0,0,0,0,0,15,15,15,0.4370,0.0000,0.0000,12,0,0,0,,0,pending,0
314,181,1,0,-1,9,0,2,1,9,0,0,9,0,0,0,0,0,0,0,9,9,9,0.2846,0.0000,0.0000,8,0,0,0,,0,hop,1
315,167,1,1,33,22,0,2,0,26,0,0,26,0,0,0,0,0,0,0,26,26,26,0.6520,0.0000,0.0000,18,0,0,0,recheck,0,end_clear,1
315,171,1,0,-1,12,2,5,0,15,0,0,15,0,0,0,0,0,0,0,15,15,15,0.4370,0.0000,0.0000,12,0,0,0,,0,hop,1
319,130,1,0,-1,14,4,5,0,18,0,0,18,0,0,1,0,0,0,0,18,17,17,0.5034,0.0000,0.0000,15,0,0,0,,0,hop,1
320,166,1,0,-1,25,1,2,0,30,0,1,29,1,0,0,0,0,0,0,30,30,30,0.6207,0.0365,0.0000,17,0,1,0,,0,pending,0
321,166,1,0,-1,25,1,2,0,30,0,1,29,1,0,0,0,0,0,0,30,30,30,0.6207,0.0365,0.0000,17,0,1,0,,0,hop,1
322,125,1,0,-1,23,1,3,0,24,0,0,24,0,0,0,0,0,0,0,24,24,24,0.6632,0.0000,0.0000,18,0,0,0,,0,pending,0
323,125,1,0,-1,23,1,3,0,24,0,0,24,0,0,0,0,0,0,0,24,24,24,0.6633,0.0000,0.0000,18,0,0,0,,0,hop,1
331,195,1,0,-1,16,1,2,0,20,0,0,20,0,0,2,0,0,0,0,20,18,18,0.5154,0.0000,0.0000,15,0,0,0,,0,hop,1
335,196,1,0,-1,2,1,2,0,2,0,0,2,0,0,0,0,0,0,0,2,2,2,0.0671,0.0000,0.0000,2,0,0,0,,0,pending,0
336,196,1,0,-1,2,1,2,0,2,0,0,2,0,0,0,0,0,0,0,2,2,2,0.0670,0.0000,0.0000,2,0,0,0,,0,hop,1
342,124,1,1,48,23,0,2,0,30,0,0,30,0,0,1,0,0,0,0,30,29,29,0.6559,0.0000,0.0000,20,0,0,0,recheck,0,end_clear,1
345,91,1,0,-1,22,2,3,0,25,0,0,25,0,0,0,0,0,0,0,25,25,25,0.6649,0.0000,0.0000,18,0,0,0,,0,hop,1
352,183,1,0,-1,5,0,5,1,6,0,0,6,0,0,0,0,0,0,0,6,6,6,0.1750,0.0000,0.0000,5,0,0,0,,0,pending,0
353,183,1,0,-1,5,0,5,1,6,0,0,6,0,0,0,0,0,0,0,6,6,6,0.1748,0.0000,0.0000,5,0,0,0,,0,hop,1
358,156,1,0,-1,4,0,2,1,5,0,0,5,0,0,0,0,0,0,0,5,5,5,0.1108,0.0000,0.0000,3,0,0,0,,0,pending,0
359,153,1,0,-1,23,0,5,0,24,0,0,24,0,0,0,0,0,0,0,24,24,24,0.6775,0.0000,0.0000,19,0,0,0,,0,pending,0
359,156,1,0,-1,4,0,2,1,5,0,0,5,0,0,0,0,0,0,0,5,5,5,0.1108,0.0000,0.0000,3,0,0,0,,0,hop,1
359,163,1,0,-1,5,1,2,0,6,0,0,6,0,0,0,0,0,0,0,6,6,6,0.1813,0.0000,0.0000,5,0,0,0,,0,hop,1
359,180,1,0,-1,0,0,1,1,0,0,0,0,0,0,0,0,0,0,0,0,0,0,0.0000,0.0000,0.0000,0,0,0,0,,0,pending,0
360,153,1,0,-1,23,0,5,0,24,0,0,24,0,0,0,0,0,0,0,24,24,24,0.6774,0.0000,0.0000,19,0,0,0,,0,hop,1
360,180,1,0,-1,0,0,1,1,0,0,0,0,0,0,0,0,0,0,0,0,0,0,0.0000,0.0000,0.0000,0,0,0,0,,0,hop,1
361,158,1,0,-1,13,3,5,0,16,0,0,16,0,0,0,0,0,0,0,16,16,16,0.4325,0.0000,0.0000,12,0,0,0,,0,pending,0
362,158,1,0,-1,13,3,5,0,16,0,0,16,0,0,0,0,0,0,0,16,16,16,0.4325,0.0000,0.0000,12,0,0,0,,0,hop,1
366,191,1,0,-1,23,0,2,0,27,0,0,27,0,0,0,1,0,0,0,27,28,28,0.6000,0.0000,0.0000,17,0,0,0,,0,hop,1
379,169,1,0,-1,15,0,2,0,17,0,0,17,0,0,0,0,0,0,0,17,17,17,0.5395,0.0000,0.0000,15,0,0,0,,0,hop,1
384,152,1,0,-1,23,4,5,0,28,0,0,28,0,0,1,0,0,0,0,28,27,27,0.6167,0.0000,0.0000,19,0,0,0,,0,hop,1
385,160,1,0,-1,12,1,5,0,13,0,0,13,0,0,0,1,0,0,0,13,14,14,0.4099,0.0000,0.0000,11,0,0,0,,0,pending,0
386,160,1,0,-1,12,1,5,0,13,0,0,13,0,0,0,1,0,0,0,13,14,14,0.4100,0.0000,0.0000,11,0,0,0,,0,hop,1
388,155,1,0,-1,17,0,2,0,18,0,0,18,0,0,0,1,0,0,0,18,19,19,0.5497,0.0000,0.0000,15,0,0,0,,0,pending,0
389,155,1,0,-1,17,0,2,0,18,0,0,18,0,0,0,1,0,0,0,18,19,19,0.5500,0.0000,0.0000,15,0,0,0,,0,hop,1
394,133,1,0,-1,10,0,3,0,12,0,0,12,0,0,2,0,0,0,0,12,10,10,0.3701,0.0000,0.0000,11,0,0,0,,0,hop,1
402,168,1,0,-1,19,0,2,0,20,0,0,20,0,0,0,0,0,0,0,20,20,20,0.6053,0.0000,0.0000,17,0,0,0,,0,pending,0
403,168,1,0,-1,19,0,2,0,20,0,0,20,0,0,0,0,0,0,0,20,20,20,0.6054,0.0000,0.0000,17,0,0,0,,0,hop,1
405,170,1,0,-1,2,0,4,1,2,0,0,2,0,0,0,0,0,0,0,2,2,2,0.0739,0.0000,0.0000,2,0,0,0,,0,hop,1
407,93,1,0,-1,7,1,4,0,9,0,0,9,0,0,2,0,0,0,0,9,7,7,0.3027,0.0000,0.0000,9,0,0,0,,0,pending,0
408,93,1,0,-1,7,1,6,0,9,0,0,9,0,0,2,0,0,0,0,9,7,7,0.3027,0.0000,0.0000,9,0,0,0,,0,hop,1
409,132,1,0,-1,12,0,5,0,15,0,0,15,0,0,0,0,0,0,0,15,15,15,0.4427,0.0000,0.0000,12,0,0,0,,0,hop,1
419,161,1,0,-1,0,0,3,1,1,0,0,1,0,0,0,0,0,0,0,1,1,1,0.0000,0.0000,0.0000,0,0,0,0,,0,pending,0
420,161,1,0,-1,0,0,3,1,1,0,0,1,0,0,0,0,0,0,0,1,1,1,0.0000,0.0000,0.0000,0,0,0,0,,0,hop,1
421,179,1,0,-1,10,1,3,0,10,0,0,10,0,0,0,0,0,0,0,10,10,10,0.3307,0.0000,0.0000,9,0,0,0,,0,hop,1
430,130,1,0,-1,14,4,5,0,17,0,0,17,0,0,1,0,0,0,0,17,16,16,0.5117,0.0000,0.0000,15,0,0,0,,0,hop,1
438,192,1,0,-1,20,1,2,0,23,0,0,23,0,0,1,0,0,0,0,23,22,22,0.5836,0.0000,0.0000,17,0,0,0,,0,hop,1
440,162,1,0,-1,6,4,6,0,7,0,0,7,0,0,0,0,0,0,0,7,7,7,0.2194,0.0000,0.0000,6,0,0,0,,0,pending,0
441,162,1,0,-1,6,4,6,0,7,0,0,7,0,0,0,0,0,0,0,7,7,7,0.2194,0.0000,0.0000,6,0,0,0,,0,hop,1
450,92,1,0,-1,21,1,2,0,24,0,0,24,0,0,1,0,0,0,0,24,23,23,0.6403,0.0000,0.0000,18,0,0,0,,0,hop,1
451,125,1,0,-1,21,1,5,0,24,0,0,24,0,0,0,0,0,0,0,24,24,24,0.6240,0.0000,0.0000,18,0,0,0,,0,pending,0
452,125,1,0,-1,21,1,5,0,24,0,0,24,0,0,0,0,0,0,0,24,24,24,0.6237,0.0000,0.0000,18,0,0,0,,0,hop,1
452,128,1,0,-1,18,1,2,0,21,0,0,21,0,0,1,0,0,0,0,21,20,20,0.5951,0.0000,0.0000,17,0,0,0,,0,pending,0
453,128,1,0,-1,18,1,2,0,21,0,0,21,0,0,1,0,0,0,0,21,20,20,0.5958,0.0000,0.0000,17,0,0,0,,0,hop,1
455,158,1,0,-1,13,3,5,0,15,0,0,15,0,0,0,0,0,0,0,15,15,15,0.4790,0.0000,0.0000,13,0,0,0,,0,hop,1
456,126,1,0,-1,20,0,2,0,21,0,0,21,0,0,0,1,0,0,0,21,22,22,0.6497,0.0000,0.0000,18,0,0,0,,0,hop,1
456,167,1,0,-1,22,3,5,0,25,0,0,25,0,0,0,2,0,0,0,25,27,27,0.5883,0.0000,0.0000,16,0,0,0,,0,pending,0
457,167,1,0,-1,22,3,5,0,25,0,0,25,0,0,0,2,0,0,0,25,27,27,0.5884,0.0000,0.0000,16,0,0,0,,0,hop,1
458,156,1,0,-1,3,1,7,0,3,0,0,3,0,0,0,0,0,0,0,3,3,3,0.0739,0.0000,0.0000,2,0,0,0,,0,pending,0
458,193,1,0,-1,11,0,1,0,11,0,0,11,0,0,0,0,0,0,0,11,11,11,0.3898,0.0000,0.0000,11,0,0,0,,0,pending,0
459,156,1,0,-1,3,1,7,0,3,0,0,3,0,0,0,0,0,0,0,3,3,3,0.0739,0.0000,0.0000,2,0,0,0,,0,hop,1
459,193,1,0,-1,11,0,1,0,11,0,0,11,0,0,0,0,0,0,0,11,11,11,0.3897,0.0000,0.0000,11,0,0,0,,0,hop,1
465,134,1,0,-1,5,2,5,0,6,0,0,6,0,0,0,0,0,0,0,6,6,6,0.1832,0.0000,0.0000,5,0,0,0,,0,hop,1
477,183,1,0,-1,4,1,5,0,5,0,0,5,0,0,0,0,0,0,0,5,5,5,0.1460,0.0000,0.0000,4,0,0,0,,0,hop,1
486,163,1,0,-1,3,3,5,0,4,0,0,4,0,0,0,0,0,0,0,4,4,4,0.1103,0.0000,0.0000,3,0,0,0,,0,pending,0
487,163,1,0,-1,3,3,5,0,4,0,0,4,0,0,0,0,0,0,0,4,4,4,0.1102,0.0000,0.0000,3,0,0,0,,0,hop,1
490,181,1,0,-1,8,0,3,0,8,0,0,8,0,0,0,0,0,0,0,8,8,8,0.2862,0.0000,0.0000,8,0,0,0,,0,pending,0
491,181,1,0,-1,8,0,3,0,8,0,0,8,0,0,0,0,0,0,0,8,8,8,0.2863,0.0000,0.0000,8,0,0,0,,0,hop,1
494,171,1,0,-1,12,2,5,0,14,0,0,14,0,0,0,0,0,0,0,14,14,14,0.4715,0.0000,0.0000,13,0,0,0,,0,pending,0
495,171,1,0,-1,12,2,5,0,14,0,0,14,0,0,0,0,0,0,0,14,14,14,0.4715,0.0000,0.0000,13,0,0,0,,0,hop,1
501,195,1,0,-1,17,1,2,0,20,0,0,20,0,0,1,0,0,0,0,20,19,19,0.5120,0.0000,0.0000,15,0,0,0,,0,hop,1
504,180,1,0,-1,0,0,1,1,0,0,0,0,0,0,0,0,0,0,0,0,0,0,0.0000,0.0000,0.0000,0,0,0,0,,0,hop,1
509,196,1,0,-1,2,0,8,1,1,0,0,1,0,0,0,1,0,0,0,1,2,2,0.0369,0.0000,0.0000,1,0,0,0,,0,hop,1
510,132,1,0,-1,11,0,5,0,14,0,0,14,0,0,2,0,0,0,0,14,12,12,0.4216,0.0000,0.0000,13,0,0,0,,0,hop,1
517,91,1,0,-1,22,2,6,0,25,0,0,25,0,0,0,0,0,0,0,25,25,25,0.6211,0.0000,0.0000,18,0,0,0,,0,hop,1
520,153,1,0,-1,20,0,6,0,24,0,0,24,0,0,0,0,0,0,0,24,24,24,0.6435,0.0000,0.0000,18,0,0,0,,0,pending,0
521,153,1,0,-1,20,0,6,0,24,0,0,24,0,0,0,0,0,0,0,24,24,24,0.6433,0.0000,0.0000,18,0,0,0,,0,hop,1
534,170,1,0,-1,2,0,7,1,2,0,0,2,0,0,0,0,0,0,0,2,2,2,0.0739,0.0000,0.0000,2,0,0,0,,0,pending,0
535,155,1,0,-1,17,0,2,0,17,0,0,17,0,0,0,1,0,0,0,17,18,18,0.5477,0.0000,0.0000,15,0,0,0,,0,hop,1
535,170,1,0,-1,2,0,7,1,2,0,0,2,0,0,0,0,0,0,0,2,2,2,0.0739,0.0000,0.0000,2,0,0,0,,0,hop,1
542,133,1,0,-1,9,2,3,0,11,0,0,11,0,0,1,0,0,0,0,11,10,10,0.3415,0.0000,0.0000,10,0,0,0,,0,pending,0
543,133,1,0,-1,9,2,3,0,11,0,0,11,0,0,1,0,0,0,0,11,10,10,0.3416,0.0000,0.0000,10,0,0,0,,0,hop,1
543,191,1,0,-1,23,5,6,0,25,0,0,25,0,0,0,0,0,0,0,25,25,25,0.5100,0.0000,0.0000,14,0,0,0,,0,hop,1
548,162,1,0,-1,5,4,6,0,7,0,0,7,0,0,0,0,0,0,0,7,7,7,0.1830,0.0000,0.0000,5,0,0,0,,0,hop,1
549,125,1,0,-1,21,1,6,0,24,0,0,24,0,0,0,0,0,0,0,24,24,24,0.6534,0.0000,0.0000,19,0,0,0,,0,hop,1
551,152,1,0,-1,24,4,6,0,25,0,0,25,0,0,0,1,0,0,0,25,26,26,0.5541,0.0000,0.0000,15,0,0,0,,0,pending,0
552,152,1,0,-1,24,4,6,0,25,0,0,25,0,0,0,1,0,0,0,25,26,26,0.5541,0.0000,0.0000,15,0,0,0,,0,hop,1
556,169,1,0,-1,15,0,2,0,15,0,0,15,0,0,0,0,0,0,0,15,15,15,0.5422,0.0000,0.0000,15,0,0,0,,0,pending,0
557,169,1,0,-1,15,0,2,0,15,0,0,15,0,0,0,0,0,0,0,15,15,15,0.5423,0.0000,0.0000,15,0,0,0,,0,hop,1
559,128,1,0,-1,18,1,2,0,19,0,0,19,0,0,1,0,0,0,0,19,18,18,0.5861,0.0000,0.0000,17,0,0,0,,0,pending,0
560,128,1,0,-1,18,1,2,0,19,0,0,19,0,0,1,0,0,0,0,19,18,18,0.5859,0.0000,0.0000,17,0,0,0,,0,hop,1
561,160,1,0,-1,11,1,5,0,11,0,0,11,0,0,0,1,0,0,0,11,12,12,0.3625,0.0000,0.0000,10,0,0,0,,0,hop,1
563,193,1,0,-1,9,0,1,0,11,0,0,11,0,0,0,0,0,0,0,11,11,11,0.3185,0.0000,0.0000,9,0,0,0,,0,hop,1
567,92,1,0,-1,20,1,2,0,23,0,0,23,0,0,1,0,0,0,0,23,22,22,0.5973,0.0000,0.0000,17,0,0,0,,0,pending,0
567,93,1,0,-1,6,5,6,0,9,0,0,9,0,0,1,0,0,0,0,9,8,8,0.2070,0.0000,0.0000,6,0,0,0,,0,pending,0
568,92,1,0,-1,20,1,2,0,23,0,0,23,0,0,1,0,0,0,0,23,22,22,0.5973,0.0000,0.0000,17,0,0,0,,0,hop,1
568,93,1,0,-1,6,5,6,0,9,0,0,9,0,0,1,0,0,0,0,9,8,8,0.2069,0.0000,0.0000,6,0,0,0,,0,hop,1
571,168,1,0,-1,18,0,2,0,19,0,0,19,0,0,0,0,0,0,0,19,19,19,0.6457,0.0000,0.0000,18,0,0,0,,0,pending,0
572,168,1,0,-1,18,0,2,0,19,0,0,19,0,0,0,0,0,0,0,19,19,19,0.6457,0.0000,0.0000,18,0,0,0,,0,hop,1
576,183,1,0,-1,4,2,6,0,5,0,0,5,0,0,0,0,0,0,0,5,5,5,0.1052,0.0000,0.0000,3,0,0,0,,0,hop,1
579,161,1,0,-1,0,0,2,1,0,0,0,0,0,0,0,0,0,0,0,0,0,0,0.0000,0.0000,0.0000,0,0,0,0,,0,hop,1
580,130,1,0,-1,14,4,5,0,15,0,0,15,0,0,1,0,0,0,0,15,14,14,0.5162,0.0000,0.0000,15,0,0,0,,0,pending,0
581,130,1,0,-1,14,4,5,0,15,0,0,15,0,0,1,0,0,0,0,15,14,14,0.5162,0.0000,0.0000,15,0,0,0,,0,hop,1
589,179,1,0,-1,7,1,3,0,9,0,0,9,0,0,0,0,0,0,0,9,9,9,0.2543,0.0000,0.0000,7,0,0,0,,0,pending,0
590,156,1,0,-1,3,0,5,1,4,0,0,4,0,0,0,0,0,0,0,4,4,4,0.1077,0.0000,0.0000,3,0,0,0,,0,hop,1
590,179,1,0,-1,7,1,3,0,9,0,0,9,0,0,0,0,0,0,0,9,9,9,0.2542,0.0000,0.0000,7,0,0,0,,0,hop,1
602,192,1,0,-1,19,1,2,0,22,0,0,22,0,0,1,0,0,0,0,22,21,21,0.5949,0.0000,0.0000,17,0,0,0,,0,pending,0
603,192,1,0,-1,19,1,2,0,22,0,0,22,0,0,1,0,0,0,0,22,21,21,0.5951,0.0000,0.0000,17,0,0,0,,0,hop,1
605,158,1,0,-1,13,3,5,0,14,0,0,14,0,0,0,0,0,0,0,14,14,14,0.4016,0.0000,0.0000,11,0,0,0,,0,pending,0
606,158,1,0,-1,13,3,5,0,14,0,0,14,0,0,0,0,0,0,0,14,14,14,0.4018,0.0000,0.0000,11,0,0,0,,0,hop,1
612,132,1,0,-1,10,0,5,0,14,0,0,14,0,0,2,0,0,0,0,14,12,12,0.3974,0.0000,0.0000,12,0,0,0,,0,hop,1
626,155,1,0,-1,15,0,2,0,16,0,0,16,0,0,0,1,0,0,0,16,17,17,0.5112,0.0000,0.0000,14,0,0,0,,0,hop,1
627,134,1,0,-1,5,1,4,0,5,0,0,5,0,0,0,0,0,0,0,5,5,5,0.1454,0.0000,0.0000,4,0,0,0,,0,pending,0
627,170,1,0,-1,2,0,1,1,2,0,0,2,0,0,0,0,0,0,0,2,2,2,0.0671,0.0000,0.0000,2,0,0,0,,0,hop,1
628,134,1,0,-1,5,1,4,0,5,0,0,5,0,0,0,0,0,0,0,5,5,5,0.1454,0.0000,0.0000,4,0,0,0,,0,hop,1
629,126,1,0,-1,19,0,2,0,21,0,0,21,0,0,0,0,0,0,0,21,21,21,0.6329,0.0000,0.0000,18,0,0,0,,0,pending,0
630,126,1,0,-1,19,0,2,0,21,0,0,21,0,0,0,0,0,0,0,21,21,21,0.6327,0.0000,0.0000,18,0,0,0,,0,hop,1
632,167,1,0,-1,21,3,6,0,24,0,0,24,0,0,0,2,0,0,0,24,26,26,0.5887,0.0000,0.0000,16,0,0,0,,0,hop,1
635,163,1,0,-1,4,0,4,1,4,0,0,4,0,0,0,0,0,0,0,4,4,4,0.1476,0.0000,0.0000,4,0,0,0,,0,hop,1
648,181,1,0,-1,6,0,3,0,8,0,0,8,0,0,0,0,0,0,0,8,8,8,0.2150,0.0000,0.0000,6,0,0,0,,0,hop,1
648,191,1,0,-1,22,5,6,0,25,0,0,25,0,0,0,0,0,0,0,25,25,25,0.4740,0.0000,0.0000,13,0,0,0,,0,pending,0
649,191,1,0,-1,22,5,6,0,25,0,0,25,0,0,0,0,0,0,0,25,25,25,0.4740,0.0000,0.0000,13,0,0,0,,0,hop,1
651,125,1,0,-1,21,1,6,0,22,0,0,22,0,0,0,0,0,0,0,22,22,22,0.6461,0.0000,0.0000,19,0,0,0,,0,pending,0
651,133,1,0,-1,8,1,2,0,11,0,0,11,0,0,1,0,0,0,0,11,10,10,0.3152,0.0000,0.0000,9,0,0,0,,0,hop,1
652,125,1,0,-1,21,1,6,0,22,0,0,22,0,0,0,0,0,0,0,22,22,22,0.6456,0.0000,0.0000,19,0,0,0,,0,hop,1
653,195,1,0,-1,15,1,2,0,18,0,0,18,0,0,1,0,0,0,0,18,17,17,0.4826,0.0000,0.0000,14,0,0,0,,0,hop,1
657,153,1,0,-1,21,0,6,0,21,0,0,21,0,0,0,1,0,0,0,21,22,22,0.6052,0.0000,0.0000,17,0,0,0,,0,pending,0
658,153,1,0,-1,21,0,6,0,21,0,0,21,0,0,0,1,0,0,0,21,22,22,0.6055,0.0000,0.0000,17,0,0,0,,0,hop,1
659,171,1,0,-1,12,2,5,0,13,0,0,13,0,0,0,0,0,0,0,13,13,13,0.3993,0.0000,0.0000,11,0,0,0,,0,pending,0
660,91,1,0,-1,21,1,5,0,23,0,0,23,0,0,0,0,0,0,0,23,23,23,0.5469,0.0000,0.0000,16,0,0,0,,0,pending,0
660,171,1,0,-1,12,2,5,0,13,0,0,13,0,0,0,0,0,0,0,13,13,13,0.3994,0.0000,0.0000,11,0,0,0,,0,hop,1
661,91,1,0,-1,21,1,5,0,23,0,0,23,0,0,0,0,0,0,0,23,23,23,0.5471,0.0000,0.0000,16,0,0,0,,0,hop,1
671,193,1,0,-1,9,0,1,0,11,0,0,11,0,0,0,0,0,0,0,11,11,11,0.2852,0.0000,0.0000,8,0,0,0,,0,hop,1
678,128,1,0,-1,16,1,2,0,18,0,0,18,0,0,1,0,0,0,0,18,17,17,0.5116,0.0000,0.0000,15,0,0,0,,0,hop,1
678,162,1,0,-1,5,0,2,1,6,0,0,6,0,0,0,0,0,0,0,6,6,6,0.1476,0.0000,0.0000,4,0,0,0,,0,hop,1
684,92,1,0,-1,19,1,2,0,21,0,0,21,0,0,0,0,0,0,0,21,21,21,0.5550,0.0000,0.0000,16,0,0,0,,0,pending,0
685,92,1,0,-1,19,1,2,0,21,0,0,21,0,0,0,0,0,0,0,21,21,21,0.5897,0.0000,0.0000,17,0,0,0,,0,hop,1
686,160,1,0,-1,11,1,5,0,12,0,0,12,0,0,0,1,0,0,0,12,13,13,0.3298,0.0000,0.0000,9,0,0,0,,0,pending,0
687,160,1,0,-1,11,1,5,0,12,0,0,12,0,0,0,1,0,0,0,12,13,13,0.3298,0.0000,0.0000,9,0,0,0,,0,hop,1
700,183,1,0,-1,3,0,2,1,3,0,0,3,0,0,0,1,0,0,0,3,4,4,0.0731,0.0000,0.0000,2,0,0,0,,0,hop,1
701,196,1,0,-1,2,0,1,1,1,0,0,1,0,0,0,1,0,0,0,1,2,2,0.0370,0.0000,0.0000,1,0,0,0,,0,hop,1
702,93,1,0,-1,6,4,5,0,8,0,0,8,0,0,1,0,0,0,0,8,7,7,0.2416,0.0000,0.0000,7,0,0,0,,0,hop,1
703,169,1,0,-1,13,0,2,0,16,0,0,16,0,0,0,0,0,0,0,16,16,16,0.4733,0.0000,0.0000,13,0,0,0,,0,hop,1
710,152,1,0,-1,22,4,6,0,23,0,0,23,0,0,0,1,0,0,0,23,24,24,0.5171,0.0000,0.0000,14,0,0,0,,0,pending,0
711,152,1,0,-1,22,4,6,0,23,0,0,23,0,0,0,1,0,0,0,23,24,24,0.5171,0.0000,0.0000,14,0,0,0,,0,hop,1
718,155,1,0,-1,15,0,6,0,17,0,0,17,0,0,0,1,0,0,0,17,18,18,0.5114,0.0000,0.0000,14,0,0,0,,0,pending,0
719,155,1,0,-1,15,0,6,0,17,0,0,17,0,0,0,1,0,0,0,17,18,18,0.5110,0.0000,0.0000,14,0,0,0,,0,hop,1
726,179,1,0,-1,7,1,3,0,8,0,0,8,0,0,0,0,0,0,0,8,8,8,0.2889,0.0000,0.0000,8,0,0,0,,0,hop,1
730,168,1,0,-1,16,1,5,0,18,0,0,18,0,0,0,1,0,0,0,18,19,19,0.5489,0.0000,0.0000,15,0,0,0,,0,hop,1
735,130,1,0,-1,13,2,3,0,15,0,0,15,0,0,0,0,0,0,0,15,15,15,0.4425,0.0000,0.0000,12,0,0,0,,0,hop,1
736,156,1,0,-1,3,1,6,0,3,0,0,3,0,0,0,0,0,0,0,3,3,3,0.0739,0.0000,0.0000,2,0,0,0,,0,pending,0
736,167,1,0,-1,23,3,6,0,23,0,0,23,0,0,0,2,0,0,0,23,25,25,0.5902,0.0000,0.0000,16,0,0,0,,0,hop,1
737,156,1,0,-1,3,1,6,0,3,0,0,3,0,0,0,0,0,0,0,3,3,3,0.0739,0.0000,0.0000,2,0,0,0,,0,hop,1
743,158,1,0,-1,12,1,3,0,14,0,0,14,0,0,0,0,0,0,0,14,14,14,0.4456,0.0000,0.0000,12,0,0,0,,0,hop,1
744,134,1,0,-1,4,1,4,0,5,0,0,5,0,0,0,0,0,0,0,5,5,5,0.1411,0.0000,0.0000,4,0,0,0,,0,hop,1
746,163,1,0,-1,4,0,4,1,4,0,0,4,0,0,0,0,0,0,0,4,4,4,0.0984,0.0000,0.0000,3,0,0,0,,0,pending,0
747,163,1,0,-1,4,0,4,1,4,0,0,4,0,0,0,0,0,0,0,4,4,4,0.0988,0.0000,0.0000,3,0,0,0,,0,hop,1
749,125,1,0,-1,20,1,6,0,23,0,0,23,0,0,0,0,0,0,0,23,23,23,0.6467,0.0000,0.0000,19,0,0,0,,0,pending,0
750,125,1,0,-1,20,1,6,0,23,0,0,23,0,0,0,0,0,0,0,23,23,23,0.6465,0.0000,0.0000,19,0,0,0,,0,hop,1
756,132,1,0,-1,11,2,3,0,13,0,0,13,0,0,1,0,0,0,0,13,12,12,0.4154,0.0000,0.0000,12,0,0,0,,0,pending,0
756,161,1,0,-1,0,0,1,1,0,0,0,0,0,0,0,0,0,0,0,0,0,0,0.0000,0.0000,0.0000,0,0,0,0,,0,hop,1
757,132,1,0,-1,11,2,3,0,13,0,0,13,0,0,1,0,0,0,0,13,12,12,0.4153,0.0000,0.0000,12,0,0,0,,0,hop,1
765,91,1,0,-1,21,2,6,0,23,0,0,23,0,0,0,0,0,0,0,23,23,23,0.6542,0.0000,0.0000,19,0,0,0,,0,pending,0
766,91,1,0,-1,21,2,6,0,23,0,0,23,0,0,0,0,0,0,0,23,23,23,0.6884,0.0000,0.0000,20,0,0,0,,0,hop,1
767,195,1,0,-1,15,0,1,0,18,0,0,18,0,0,0,0,0,0,0,18,18,18,0.5339,0.0000,0.0000,15,0,0,0,,0,pending,0
768,195,1,0,-1,15,0,1,0,18,0,0,18,0,0,0,0,0,0,0,18,18,18,0.5342,0.0000,0.0000,15,0,0,0,,0,hop,1
772,1,1,0,-1,0,0,1,1,0,0,0,0,0,0,0,0,0,0,0,0,0,0,0.0000,0.0000,0.0000,0,0,0,0,,0,hop,1
774,192,1,0,-1,18,2,5,0,20,0,0,20,0,0,0,1,0,0,0,20,21,21,0.6139,0.0000,0.0000,17,0,0,0,,0,pending,0
775,126,1,0,-1,18,3,5,0,21,0,0,21,0,0,0,0,0,0,0,21,21,21,0.5884,0.0000,0.0000,17,0,0,0,,0,pending,0
775,191,1,0,-1,22,5,6,0,24,0,0,24,0,0,0,0,0,0,0,24,24,24,0.5106,0.0000,0.0000,14,0,0,0,,0,pending,0
775,192,1,0,-1,18,2,5,0,20,0,0,20,0,0,0,1,0,0,0,20,21,21,0.6141,0.0000,0.0000,17,0,0,0,,0,hop,1
776,126,1,0,-1,18,3,5,0,21,0,0,21,0,0,0,0,0,0,0,21,21,21,0.5886,0.0000,0.0000,17,0,0,0,,0,hop,1
776,191,1,0,-1,22,5,6,0,24,0,0,24,0,0,0,0,0,0,0,24,24,24,0.5106,0.0000,0.0000,14,0,0,0,,0,hop,1
784,170,1,0,-1,2,0,3,1,1,0,0,1,0,0,0,1,0,0,0,1,2,2,0.0369,0.0000,0.0000,1,0,0,0,,0,hop,1
791,183,1,0,-1,2,0,1,1,2,0,0,2,0,0,0,0,0,0,0,2,2,2,0.0739,0.0000,0.0000,2,0,0,0,,0,hop,1
792,181,1,0,-1,7,0,3,0,7,0,0,7,0,0,0,0,0,0,0,7,7,7,0.2166,0.0000,0.0000,6,0,0,0,,0,hop,1
797,133,1,0,-1,8,1,2,0,10,0,0,10,0,0,1,0,0,0,0,10,9,9,0.3190,0.0000,0.0000,9,0,0,0,,0,pending,0
797,153,1,0,-1,19,0,5,0,22,0,0,22,0,0,0,0,0,0,0,22,22,22,0.6457,0.0000,0.0000,18,0,0,0,,0,hop,1
798,133,1,0,-1,8,1,2,0,10,0,0,10,0,0,1,0,0,0,0,10,9,9,0.2835,0.0000,0.0000,8,0,0,0,,0,hop,1
804,160,1,0,-1,9,1,3,0,11,0,0,11,0,0,0,0,0,0,0,11,11,11,0.3273,0.0000,0.0000,9,0,0,0,,0,pending,0
805,160,1,0,-1,9,1,3,0,10,0,0,10,0,0,0,0,0,0,0,10,10,10,0.3274,0.0000,0.0000,9,0,0,0,,0,hop,1
810,169,1,0,-1,13,3,5,0,14,0,0,14,0,0,0,0,0,0,0,14,14,14,0.4660,0.0000,0.0000,13,0,0,0,,0,hop,1
811,196,1,0,-1,1,0,1,1,1,0,0,1,0,0,0,0,0,0,0,1,1,1,0.0000,0.0000,0.0000,0,0,0,0,,0,pending,0
812,196,1,0,-1,1,0,1,1,1,0,0,1,0,0,0,0,0,0,0,1,1,1,0.0000,0.0000,0.0000,0,0,0,0,,0,hop,1
815,93,1,0,-1,5,3,4,0,7,0,0,7,0,0,1,0,0,0,0,7,6,6,0.1747,0.0000,0.0000,5,0,0,0,,0,pending,0
816,93,1,0,-1,5,3,4,0,7,0,0,7,0,0,1,0,0,0,0,7,6,6,0.1746,0.0000,0.0000,5,0,0,0,,0,hop,1
823,171,1,0,-1,11,0,5,0,11,0,0,11,0,0,0,0,0,0,0,11,11,11,0.4025,0.0000,0.0000,11,0,0,0,,0,hop,1
832,128,1,0,-1,16,0,5,0,19,0,0,19,0,0,2,0,0,0,0,19,17,17,0.5714,0.0000,0.0000,17,0,0,0,,0,hop,1
838,162,1,0,-1,4,3,5,0,5,0,0,5,0,0,0,0,0,0,0,5,5,5,0.1066,0.0000,0.0000,3,0,0,0,,0,hop,1
846,193,1,0,-1,8,0,3,0,9,0,0,9,0,0,0,0,0,0,0,9,9,9,0.2862,0.0000,0.0000,8,0,0,0,,0,pending,0
847,193,1,0,-1,8,0,3,0,9,0,0,9,0,0,0,0,0,0,0,9,9,9,0.2862,0.0000,0.0000,8,0,0,0,,0,hop,1
850,130,1,0,-1,13,2,5,0,13,0,0,13,0,0,0,0,0,0,0,13,13,13,0.4741,0.0000,0.0000,13,0,0,0,,0,pending,0
851,130,1,0,-1,13,2,5,0,13,0,0,13,0,0,0,0,0,0,0,13,13,13,0.4741,0.0000,0.0000,13,0,0,0,,0,hop,1
852,179,1,0,-1,6,1,3,0,8,0,0,8,0,0,0,0,0,0,0,8,8,8,0.2200,0.0000,0.0000,6,0,0,0,,0,pending,0
853,92,1,0,-1,19,4,5,0,22,0,0,22,0,0,1,0,0,0,0,22,21,21,0.6611,0.0000,0.0000,19,0,0,0,,0,pending,0
853,179,1,0,-1,6,1,3,0,8,0,0,8,0,0,0,0,0,0,0,8,8,8,0.2199,0.0000,0.0000,6,0,0,0,,0,hop,1
854,92,1,0,-1,19,4,5,0,22,0,0,22,0,0,1,0,0,0,0,22,21,21,0.6610,0.0000,0.0000,19,0,0,0,,0,hop,1
865,125,1,0,-1,21,1,4,0,23,0,0,23,0,0,0,1,0,0,0,23,24,24,0.5879,0.0000,0.0000,16,0,0,0,,0,pending,0
866,125,1,0,-1,21,1,4,0,23,0,0,23,0,0,0,1,0,0,0,23,24,24,0.5879,0.0000,0.0000,16,0,0,0,,0,hop,1
871,91,1,0,-1,21,2,4,0,24,0,0,24,0,0,0,0,0,0,0,24,24,24,0.6066,0.0000,0.0000,18,0,0,0,,0,hop,1
875,126,1,0,-1,18,3,5,0,20,0,0,20,0,0,0,0,0,0,0,20,20,20,0.5864,0.0000,0.0000,17,0,0,0,,0,pending,0
875,134,1,0,-1,4,2,5,0,4,0,0,4,0,0,0,0,0,0,0,4,4,4,0.1017,0.0000,0.0000,3,0,0,0,,0,pending,0
876,126,1,0,-1,18,3,5,0,20,0,0,20,0,0,0,0,0,0,0,20,20,20,0.5861,0.0000,0.0000,17,0,0,0,,0,hop,1
876,134,1,0,-1,4,2,5,0,4,0,0,4,0,0,0,0,0,0,0,4,4,4,0.1017,0.0000,0.0000,3,0,0,0,,0,hop,1
881,195,1,0,-1,15,0,1,0,16,0,0,16,0,0,0,0,0,0,0,16,16,16,0.5358,0.0000,0.0000,15,0,0,0,,0,hop,1
888,183,1,0,-1,2,1,2,0,3,0,0,3,0,0,0,0,0,0,0,3,3,3,0.0699,0.0000,0.0000,2,0,0,0,,0,pending,0
889,183,1,0,-1,2,1,2,0,3,0,0,3,0,0,0,0,0,0,0,3,3,3,0.0698,0.0000,0.0000,2,0,0,0,,0,hop,1
891,168,1,0,-1,16,2,6,0,17,0,0,17,0,0,0,1,0,0,0,17,18,18,0.5432,0.0000,0.0000,15,0,0,0,,0,pending,0
892,168,1,0,-1,16,2,6,0,17,0,0,17,0,0,0,1,0,0,0,17,18,18,0.5429,0.0000,0.0000,15,0,0,0,,0,hop,1
895,155,1,0,-1,15,0,2,0,16,0,0,16,0,0,0,0,0,0,0,16,16,16,0.5298,0.0000,0.0000,15,0,0,0,,0,hop,1
895,158,1,0,-1,12,1,5,0,12,0,0,12,0,0,0,0,0,0,0,12,12,12,0.4456,0.0000,0.0000,12,0,0,0,,0,hop,1
897,2,1,0,-1,1,0,1,1,1,0,0,1,0,0,0,0,0,0,0,1,1,1,0.0368,0.0000,0.0000,1,0,0,0,,0,pending,0
898,2,1,0,-1,1,0,1,1,1,0,0,1,0,0,0,0,0,0,0,1,1,1,0.0368,0.0000,0.0000,1,0,0,0,,0,hop,1
900,132,1,0,-1,10,2,3,0,12,0,0,12,0,0,1,0,0,0,0,12,11,11,0.3874,0.0000,0.0000,11,0,0,0,,0,hop,1
902,133,1,0,-1,7,2,3,0,10,0,0,10,0,0,1,0,0,0,0,10,9,9,0.2957,0.0000,0.0000,8,0,0,0,,0,hop,1
902,169,1,0,-1,13,3,5,0,14,0,0,14,0,0,0,0,0,0,0,14,14,14,0.4712,0.0000,0.0000,13,0,0,0,,0,pending,0
903,169,1,0,-1,13,3,5,0,14,0,0,14,0,0,0,0,0,0,0,14,14,14,0.4704,0.0000,0.0000,13,0,0,0,,0,hop,1
913,167,1,0,-1,24,3,4,0,23,0,0,23,0,0,0,0,0,0,0,23,23,23,0.5172,0.0000,0.0000,14,0,0,0,,0,pending,0
914,156,1,0,-1,2,0,5,1,2,0,0,2,0,0,0,0,0,0,0,2,2,2,0.0739,0.0000,0.0000,2,0,0,0,,0,pending,0
914,167,1,0,-1,24,3,4,0,23,0,0,23,0,0,0,0,0,0,0,23,23,23,0.5172,0.0000,0.0000,14,0,0,0,,0,hop,1
915,156,1,0,-1,2,0,5,1,2,0,0,2,0,0,0,0,0,0,0,2,2,2,0.0739,0.0000,0.0000,2,0,0,0,,0,hop,1
919,161,1,0,-1,0,0,1,1,0,0,0,0,0,0,0,0,0,0,0,0,0,0,0.0000,0.0000,0.0000,0,0,0,0,,0,pending,0
920,161,1,0,-1,0,0,1,1,0,0,0,0,0,0,0,0,0,0,0,0,0,0,0.0000,0.0000,0.0000,0,0,0,0,,0,hop,1
920,171,1,0,-1,11,0,5,0,12,0,0,12,0,0,0,0,0,0,0,12,12,12,0.4016,0.0000,0.0000,11,0,0,0,,0,hop,1
922,163,1,0,-1,3,0,4,1,3,0,0,3,0,0,0,0,0,0,0,3,3,3,0.0739,0.0000,0.0000,2,0,0,0,,0,hop,1
931,93,1,0,-1,4,2,3,0,7,0,0,7,0,0,1,0,0,0,0,7,6,6,0.1804,0.0000,0.0000,5,0,0,0,,0,pending,0
932,93,1,0,-1,4,2,3,0,7,0,0,7,0,0,1,0,0,0,0,7,6,6,0.1803,0.0000,0.0000,5,0,0,0,,0,hop,1
939,1,1,0,-1,0,0,2,1,0,0,0,0,0,0,0,0,0,0,0,0,0,0,0.0000,0.0000,0.0000,0,0,0,0,,0,hop,1
944,192,1,0,-1,18,3,6,0,17,0,0,17,0,0,0,1,0,0,0,17,18,18,0.5799,0.0000,0.0000,16,0,0,0,,0,hop,1
946,170,1,0,-1,1,0,1,1,1,0,0,1,0,0,0,0,0,0,0,1,1,1,0.0341,0.0000,0.0000,1,0,0,0,,0,pending,0
947,170,1,0,-1,1,0,1,1,1,0,0,1,0,0,0,0,0,0,0,1,1,1,0.0341,0.0000,0.0000,1,0,0,0,,0,hop,1
949,130,1,0,-1,11,2,5,0,13,0,0,13,0,0,0,0,0,0,0,13,13,13,0.4031,0.0000,0.0000,11,0,0,0,,0,hop,1
953,153,1,0,-1,20,0,4,0,20,0,0,20,0,0,0,1,0,0,0,20,21,21,0.5742,0.0000,0.0000,16,0,0,0,,0,pending,0
953,160,1,0,-1,8,1,3,0,10,0,0,10,0,0,0,0,0,0,0,10,10,10,0.2530,0.0000,0.0000,7,0,0,0,,0,hop,1
954,153,1,0,-1,20,0,4,0,20,0,0,20,0,0,0,1,0,0,0,20,21,21,0.5742,0.0000,0.0000,16,0,0,0,,0,hop,1
954,196,1,0,-1,1,0,1,1,1,0,0,1,0,0,0,0,0,0,0,1,1,1,0.0000,0.0000,0.0000,0,0,0,0,,0,pending,0
955,196,1,0,-1,1,0,1,1,1,0,0,1,0,0,0,0,0,0,0,1,1,1,0.0000,0.0000,0.0000,0,0,0,0,,0,hop,1
957,181,1,0,-1,5,0,3,0,6,0,0,6,0,0,0,0,0,0,0,6,6,6,0.1800,0.0000,0.0000,5,0,0,0,,0,pending,0
958,181,1,0,-1,5,0,3,0,6,0,0,6,0,0,0,0,0,0,0,6,6,6,0.1800,0.0000,0.0000,5,0,0,0,,0,hop,1
962,193,1,0,-1,8,0,3,0,9,0,0,9,0,0,0,0,0,0,0,9,9,9,0.2506,0.0000,0.0000,7,0,0,0,,0,hop,1
969,91,1,0,-1,21,2,4,0,22,0,0,22,0,0,0,0,0,0,0,22,22,22,0.5961,0.0000,0.0000,18,0,0,0,,0,hop,1
973,128,1,0,-1,15,1,6,0,18,0,0,18,0,0,2,0,0,0,0,18,16,16,0.5708,0.0000,0.0000,17,0,0,0,,0,hop,1
973,162,1,0,-1,4,1,3,0,4,0,0,4,0,0,0,0,0,0,0,4,4,4,0.1090,0.0000,0.0000,3,0,0,0,,0,hop,1
979,92,1,0,-1,19,5,6,0,20,0,0,20,0,0,1,0,0,0,0,20,19,19,0.6447,0.0000,0.0000,19,0,0,0,,0,hop,1
988,179,1,0,-1,6,1,3,0,7,0,0,7,0,0,0,0,0,0,0,7,7,7,0.1817,0.0000,0.0000,5,0,0,0,,0,pending,0
989,179,1,0,-1,6,1,3,0,7,0,0,7,0,0,0,0,0,0,0,7,7,7,0.1816,0.0000,0.0000,5,0,0,0,,0,hop,1
998,133,1,0,-1,8,0,3,0,9,0,0,9,0,0,0,0,0,0,0,9,9,9,0.2476,0.0000,0.0000,7,0,0,0,,0,pending,0
999,133,1,0,-1,8,0,3,0,9,0,0,9,0,0,0,0,0,0,0,9,9,9,0.2476,0.0000,0.0000,7,0,0,0,,0,hop,1
1002,125,1,0,-1,20,1,3,0,21,0,0,21,0,0,0,0,0,0,0,21,21,21,0.6472,0.0000,0.0000,19,0,0,0,,0,pending,0
1003,125,1,0,-1,20,1,3,0,21,0,0,21,0,0,0,0,0,0,0,21,21,21,0.6471,0.0000,0.0000,19,0,0,0,,0,hop,1
1003,168,1,0,-1,16,2,6,0,16,0,0,16,0,0,0,1,0,0,0,16,17,17,0.5506,0.0000,0.0000,15,0,0,0,,0,pending,0
1004,168,1,0,-1,16,2,6,0,16,0,0,16,0,0,0,1,0,0,0,16,17,17,0.5504,0.0000,0.0000,15,0,0,0,,0,hop,1
1011,3,1,0,-1,1,0,1,1,1,0,0,1,0,0,0,0,0,0,0,1,1,1,0.0369,0.0000,0.0000,1,0,0,0,,0,hop,1
1016,169,1,0,-1,12,3,5,0,14,0,0,14,0,0,0,0,0,0,0,14,14,14,0.4341,0.0000,0.0000,12,0,0,0,,0,pending,0
1017,169,1,0,-1,12,3,5,0,14,0,0,14,0,0,0,0,0,0,0,14,14,14,0.4339,0.0000,0.0000,12,0,0,0,,0,hop,1
1019,132,1,0,-1,9,2,3,0,12,0,0,12,0,0,1,0,0,0,0,12,11,11,0.3120,0.0000,0.0000,9,0,0,0,,0,pending,0
1019,155,1,0,-1,14,0,6,0,16,0,0,16,0,0,0,0,0,0,0,16,16,16,0.5019,0.0000,0.0000,14,0,0,0,,0,hop,1
1020,132,1,0,-1,9,2,3,0,12,0,0,12,0,0,1,0,0,0,0,12,11,11,0.3124,0.0000,0.0000,9,0,0,0,,0,hop,1
1020,161,1,0,-1,0,0,1,1,1,0,0,1,0,0,0,0,0,0,0,1,1,1,0.0000,0.0000,0.0000,0,0,0,0,,0,pending,0
1021,161,1,0,-1,0,0,1,1,1,0,0,1,0,0,0,0,0,0,0,1,1,1,0.0000,0.0000,0.0000,0,0,0,0,,0,hop,1
1024,158,1,0,-1,10,1,5,0,13,0,0,13,0,0,0,0,0,0,0,13,13,13,0.3690,0.0000,0.0000,10,0,0,0,,0,pending,0
1025,158,1,0,-1,10,1,5,0,13,0,0,13,0,0,0,0,0,0,0,13,13,13,0.3690,0.0000,0.0000,10,0,0,0,,0,hop,1
1031,167,1,0,-1,24,0,1,1,23,0,0,23,0,0,0,0,0,0,0,23,23,23,0.5172,0.0000,0.0000,14,0,0,0,,0,hop,1
1034,163,1,0,-1,3,2,3,0,3,0,0,3,0,0,0,0,0,0,0,3,3,3,0.0663,0.0000,0.0000,2,0,0,0,,0,hop,1
1036,126,1,0,-1,18,4,6,0,18,0,0,18,0,0,0,0,0,0,0,18,18,18,0.6304,0.0000,0.0000,18,0,0,0,,0,pending,0
1037,126,1,0,-1,18,4,6,0,18,0,0,18,0,0,0,0,0,0,0,18,18,18,0.6303,0.0000,0.0000,18,0,0,0,,0,hop,1
1039,134,1,0,-1,3,0,3,1,3,0,0,3,0,0,0,0,0,0,0,3,3,3,0.1006,0.0000,0.0000,3,0,0,0,,0,hop,1
1040,195,1,0,-1,14,4,5,0,16,0,0,16,0,0,0,0,0,0,0,16,16,16,0.5038,0.0000,0.0000,14,0,0,0,,0,pending,0
1041,195,1,0,-1,14,4,5,0,16,0,0,16,0,0,0,0,0,0,0,16,16,16,0.5039,0.0000,0.0000,14,0,0,0,,0,hop,1
1044,192,1,0,-1,17,3,6,0,17,0,0,17,0,0,0,0,0,0,0,17,17,17,0.6169,0.0000,0.0000,17,0,0,0,,0,hop,1
1048,153,1,0,-1,19,0,4,0,20,0,0,20,0,0,0,0,0,0,0,20,20,20,0.6108,0.0000,0.0000,17,0,0,0,,0,pending,0
1049,153,1,0,-1,19,0,4,0,20,0,0,20,0,0,0,0,0,0,0,20,20,20,0.6108,0.0000,0.0000,17,0,0,0,,0,hop,1
1057,160,1,0,-1,8,1,3,0,10,0,0,10,0,0,0,0,0,0,0,10,10,10,0.2887,0.0000,0.0000,8,0,0,0,,0,pending,0
1058,160,1,0,-1,8,1,3,0,10,0,0,10,0,0,0,0,0,0,0,10,10,10,0.2886,0.0000,0.0000,8,0,0,0,,0,hop,1
1067,183,1,0,-1,1,0,3,1,1,0,0,1,0,0,0,0,0,0,0,1,1,1,0.0369,0.0000,0.0000,1,0,0,0,,0,hop,1
1070,91,1,0,-1,21,2,4,0,22,0,0,22,0,0,0,0,0,0,0,22,22,22,0.6404,0.0000,0.0000,19,0,0,0,,0,pending,0
1071,91,1,0,-1,21,2,4,0,22,0,0,22,0,0,0,0,0,0,0,22,22,22,0.6402,0.0000,0.0000,19,0,0,0,,0,hop,1
1074,170,1,0,-1,1,0,1,1,1,0,0,1,0,0,0,0,0,0,0,1,1,1,0.0357,0.0000,0.0000,1,0,0,0,,0,pending,0
1075,2,1,0,-1,0,0,2,1,0,0,0,0,0,0,0,0,0,0,0,0,0,0,0.0000,0.0000,0.0000,0,0,0,0,,0,hop,1
1075,170,1,0,-1,1,0,1,1,1,0,0,1,0,0,0,0,0,0,0,1,1,1,0.0357,0.0000,0.0000,1,0,0,0,,0,hop,1
1079,156,1,0,-1,2,0,1,1,2,0,0,2,0,0,0,0,0,0,0,2,2,2,0.0324,0.0000,0.0000,1,0,0,0,,0,pending,0
1080,156,1,0,-1,2,0,1,1,2,0,0,2,0,0,0,0,0,0,0,2,2,2,0.0324,0.0000,0.0000,1,0,0,0,,0,hop,1
1091,93,1,0,-1,5,0,3,0,6,0,0,6,0,0,0,0,0,0,0,6,6,6,0.1410,0.0000,0.0000,4,0,0,0,,0,hop,1
1091,171,1,0,-1,9,0,5,0,10,0,0,10,0,0,0,0,0,0,0,10,10,10,0.3664,0.0000,0.0000,10,0,0,0,,0,hop,1
1104,162,1,0,-1,2,0,2,1,4,0,0,4,0,0,0,0,0,0,0,4,4,4,0.0720,0.0000,0.0000,2,0,0,0,,0,pending,0
1105,162,1,0,-1,2,0,2,1,4,0,0,4,0,0,0,0,0,0,0,4,4,4,0.0720,0.0000,0.0000,2,0,0,0,,0,hop,1
1111,4,1,0,-1,2,0,1,1,2,0,0,2,0,0,0,0,0,0,0,2,2,2,0.0369,0.0000,0.0000,1,0,0,0,,0,pending,0
1111,181,1,0,-1,4,0,1,1,4,0,0,4,0,0,0,0,0,0,0,4,4,4,0.1444,0.0000,0.0000,4,0,0,0,,0,hop,1
1112,4,1,0,-1,2,0,1,1,2,0,0,2,0,0,0,0,0,0,0,2,2,2,0.0369,0.0000,0.0000,1,0,0,0,,0,hop,1
1114,130,1,0,-1,11,2,5,0,12,0,0,12,0,0,0,0,0,0,0,12,12,12,0.4008,0.0000,0.0000,11,0,0,0,,0,pending,0
1115,130,1,0,-1,11,2,5,0,12,0,0,12,0,0,0,0,0,0,0,12,12,12,0.4007,0.0000,0.0000,11,0,0,0,,0,hop,1
1116,161,1,0,-1,1,0,1,1,2,0,0,2,0,0,0,0,0,0,0,2,2,2,0.0369,0.0000,0.0000,1,0,0,0,,0,hop,1
1119,193,1,0,-1,7,2,3,0,7,0,0,7,0,0,0,0,0,0,0,7,7,7,0.2504,0.0000,0.0000,7,0,0,0,,0,hop,1
1123,155,1,0,-1,14,0,6,0,15,0,0,15,0,0,0,0,0,0,0,15,15,15,0.4676,0.0000,0.0000,13,0,0,0,,0,pending,0
1124,155,1,0,-1,14,0,6,0,15,0,0,15,0,0,0,0,0,0,0,15,15,15,0.4676,0.0000,0.0000,13,0,0,0,,0,hop,1
1126,169,1,0,-1,12,3,5,0,13,0,0,13,0,0,0,0,0,0,0,13,13,13,0.4007,0.0000,0.0000,11,0,0,0,,0,pending,0
1127,169,1,0,-1,12,3,5,0,13,0,0,13,0,0,0,0,0,0,0,13,13,13,0.4008,0.0000,0.0000,11,0,0,0,,0,hop,1
1133,126,1,0,-1,17,4,6,0,19,0,0,19,0,0,0,0,0,0,0,19,19,19,0.5301,0.0000,0.0000,15,0,0,0,,0,pending,0
1134,126,1,0,-1,17,4,6,0,19,0,0,19,0,0,0,0,0,0,0,19,19,19,0.5301,0.0000,0.0000,15,0,0,0,,0,hop,1
1134,196,1,0,-1,0,0,1,1,0,0,0,0,0,0,0,0,0,0,0,0,0,0,0.0000,0.0000,0.0000,0,0,0,0,,0,pending,0
1135,196,1,0,-1,0,0,1,1,0,0,0,0,0,0,0,0,0,0,0,0,0,0,0.0000,0.0000,0.0000,0,0,0,0,,0,hop,1
1137,92,1,0,-1,17,5,6,0,21,0,0,21,0,0,1,0,0,0,0,21,20,20,0.6017,0.0000,0.0000,17,0,0,0,,0,hop,1
1141,167,1,0,-1,22,3,4,0,20,0,0,20,0,0,0,0,0,0,0,20,20,20,0.5542,0.0000,0.0000,15,0,0,0,,0,hop,1
1147,128,1,0,-1,16,2,3,0,18,0,0,18,0,0,1,0,0,0,0,18,17,17,0.5143,0.0000,0.0000,15,0,0,0,,0,pending,0
1147,134,1,0,-1,3,0,3,1,3,0,0,3,0,0,0,0,0,0,0,3,3,3,0.0694,0.0000,0.0000,2,0,0,0,,0,pending,0
1147,153,1,0,-1,17,0,4,0,20,0,0,20,0,0,0,0,0,0,0,20,20,20,0.6108,0.0000,0.0000,17,0,0,0,,0,pending,0
1148,128,1,0,-1,16,2,3,0,18,0,0,18,0,0,1,0,0,0,0,18,17,17,0.5141,0.0000,0.0000,15,0,0,0,,0,hop,1
1148,134,1,0,-1,3,0,3,1,3,0,0,3,0,0,0,0,0,0,0,3,3,3,0.0694,0.0000,0.0000,2,0,0,0,,0,hop,1
1148,153,1,0,-1,17,0,4,0,20,0,0,20,0,0,0,0,0,0,0,20,20,20,0.6108,0.0000,0.0000,17,0,0,0,,0,hop,1
1154,179,1,0,-1,5,1,3,0,6,0,0,6,0,0,0,0,0,0,0,6,6,6,0.1779,0.0000,0.0000,5,0,0,0,,0,hop,1
1158,160,1,0,-1,8,1,3,0,8,0,0,8,0,0,0,0,0,0,0,8,8,8,0.2875,0.0000,0.0000,8,0,0,0,,0,pending,0
1159,160,1,0,-1,8,1,3,0,8,0,0,8,0,0,0,0,0,0,0,8,8,8,0.2875,0.0000,0.0000,8,0,0,0,,0,hop,1
1162,125,1,0,-1,18,1,4,0,21,0,0,21,0,0,0,0,0,0,0,21,21,21,0.6342,0.0000,0.0000,18,0,0,0,,0,hop,1
1170,168,1,0,-1,14,1,3,0,16,0,0,16,0,0,0,0,0,0,0,16,16,16,0.5140,0.0000,0.0000,14,0,0,0,,0,pending,0
1171,168,1,0,-1,14,1,3,0,16,0,0,16,0,0,0,0,0,0,0,16,16,16,0.5139,0.0000,0.0000,14,0,0,0,,0,hop,1
1175,133,1,0,-1,7,0,3,0,8,0,0,8,0,0,0,0,0,0,0,8,8,8,0.2493,0.0000,0.0000,7,0,0,0,,0,hop,1
1179,158,1,0,-1,10,1,5,0,11,0,0,11,0,0,0,0,0,0,0,11,11,11,0.3667,0.0000,0.0000,10,0,0,0,,0,pending,0
1180,158,1,0,-1,10,1,5,0,11,0,0,11,0,0,0,0,0,0,0,11,11,11,0.3666,0.0000,0.0000,10,0,0,0,,0,hop,1
1184,3,1,0,-1,0,0,2,1,0,0,0,0,0,0,0,0,0,0,0,0,0,0,0.0000,0.0000,0.0000,0,0,0,0,,0,hop,1
1188,195,1,0,-1,14,4,5,0,15,0,0,15,0,0,0,0,0,0,0,15,15,15,0.4682,0.0000,0.0000,13,0,0,0,,0,hop,1
1189,91,1,0,-1,19,2,4,0,22,0,0,22,0,0,0,0,0,0,0,22,22,22,0.6126,0.0000,0.0000,18,0,0,0,,0,hop,1
1190,163,1,0,-1,2,0,1,1,2,0,0,2,0,0,0,0,0,0,0,2,2,2,0.0739,0.0000,0.0000,2,0,0,0,,0,pending,0
1191,163,1,0,-1,2,0,1,1,2,0,0,2,0,0,0,0,0,0,0,2,2,2,0.0739,0.0000,0.0000,2,0,0,0,,0,hop,1
1191,192,1,0,-1,16,0,3,0,18,0,0,18,0,0,0,0,0,0,0,18,18,18,0.5448,0.0000,0.0000,15,0,0,0,,0,pending,0
1192,192,1,0,-1,16,0,3,0,18,0,0,18,0,0,0,0,0,0,0,18,18,18,0.5447,0.0000,0.0000,15,0,0,0,,0,hop,1
1197,132,1,0,-1,9,2,3,0,10,0,0,10,0,0,1,0,0,0,0,10,9,9,0.3144,0.0000,0.0000,9,0,0,0,,0,pending,0
1198,132,1,0,-1,9,2,3,0,10,0,0,10,0,0,1,0,0,0,0,10,9,9,0.3144,0.0000,0.0000,9,0,0,0,,0,hop,1
1215,170,1,0,-1,1,0,1,1,1,0,0,1,0,0,0,0,0,0,0,1,1,1,0.0369,0.0000,0.0000,1,0,0,0,,0,pending,0
1215,183,1,0,-1,1,0,1,1,1,0,0,1,0,0,0,0,0,0,0,1,1,1,0.0345,0.0000,0.0000,1,0,0,0,,0,pending,0
1216,170,1,0,-1,1,0,1,1,1,0,0,1,0,0,0,0,0,0,0,1,1,1,0.0369,0.0000,0.0000,1,0,0,0,,0,hop,1
1216,183,1,0,-1,1,0,1,1,1,0,0,1,0,0,0,0,0,0,0,1,1,1,0.0344,0.0000,0.0000,1,0,0,0,,0,hop,1
1230,93,1,0,-1,4,3,6,0,5,0,0,5,0,0,0,0,0,0,0,5,5,5,0.1083,0.0000,0.0000,3,0,0,0,,0,hop,1
1237,161,1,0,-1,2,0,1,1,2,0,0,2,0,0,0,0,0,0,0,2,2,2,0.0738,0.0000,0.0000,2,0,0,0,,0,pending,0
1238,161,1,0,-1,2,0,1,1,2,0,0,2,0,0,0,0,0,0,0,2,2,2,0.0738,0.0000,0.0000,2,0,0,0,,0,hop,1
1245,171,1,0,-1,9,0,5,0,10,0,0,10,0,0,0,0,0,0,0,10,10,10,0.3299,0.0000,0.0000,9,0,0,0,,0,hop,1
1245,181,1,0,-1,3,2,6,0,4,0,0,4,0,0,0,0,0,0,0,4,4,4,0.0742,0.0000,0.0000,2,0,0,0,,0,pending,0
1246,156,1,0,-1,1,0,2,1,1,0,0,1,0,0,0,0,0,0,0,1,1,1,0.0370,0.0000,0.0000,1,0,0,0,,0,pending,0
1246,181,1,0,-1,3,2,6,0,4,0,0,4,0,0,0,0,0,0,0,4,4,4,0.0742,0.0000,0.0000,2,0,0,0,,0,hop,1
1247,156,1,0,-1,1,0,2,1,1,0,0,1,0,0,0,0,0,0,0,1,1,1,0.0370,0.0000,0.0000,1,0,0,0,,0,hop,1
1248,162,1,0,-1,3,1,3,0,3,0,0,3,0,0,0,0,0,0,0,3,3,3,0.1018,0.0000,0.0000,3,0,0,0,,0,hop,1
1249,179,1,0,-1,4,1,3,0,6,0,0,6,0,0,0,0,0,0,0,6,6,6,0.1431,0.0000,0.0000,4,0,0,0,,0,hop,1
1259,4,1,0,-1,0,0,1,1,0,0,0,0,0,0,0,0,0,0,0,0,0,0,0.0000,0.0000,0.0000,0,0,0,0,,0,pending,0
1259,193,1,0,-1,6,5,6,0,7,0,0,7,0,0,0,0,0,0,0,7,7,7,0.2146,0.0000,0.0000,6,0,0,0,,0,hop,1
1260,4,1,0,-1,0,0,1,1,0,0,0,0,0,0,0,0,0,0,0,0,0,0,0.0000,0.0000,0.0000,0,0,0,0,,0,hop,1
1264,167,1,0,-1,22,3,4,0,21,0,0,21,0,0,0,0,0,0,0,21,21,21,0.5542,0.0000,0.0000,15,0,0,0,,0,pending,0
1265,167,1,0,-1,22,3,4,0,21,0,0,21,0,0,0,0,0,0,0,21,21,21,0.5542,0.0000,0.0000,15,0,0,0,,0,hop,1
1266,126,1,0,-1,17,1,3,0,18,0,0,18,0,0,0,0,0,0,0,18,18,18,0.5676,0.0000,0.0000,16,0,0,0,,0,hop,1
1266,169,1,0,-1,12,3,5,0,12,0,0,12,0,0,0,0,0,0,0,12,12,12,0.4359,0.0000,0.0000,12,0,0,0,,0,hop,1
1275,168,1,0,-1,14,1,3,0,15,0,0,15,0,0,0,0,0,0,0,15,15,15,0.5107,0.0000,0.0000,14,0,0,0,,0,pending,0
1276,168,1,0,-1,14,1,3,0,15,0,0,15,0,0,0,0,0,0,0,15,15,15,0.5106,0.0000,0.0000,14,0,0,0,,0,hop,1
1277,134,1,0,-1,1,0,6,1,2,0,0,2,0,0,0,0,0,0,0,2,2,2,0.0350,0.0000,0.0000,1,0,0,0,,0,hop,1
1278,130,1,0,-1,11,2,5,0,11,0,0,11,0,0,0,0,0,0,0,11,11,11,0.4041,0.0000,0.0000,11,0,0,0,,0,hop,1
1285,158,1,0,-1,10,1,5,0,11,0,0,11,0,0,0,0,0,0,0,11,11,11,0.3675,0.0000,0.0000,10,0,0,0,,0,hop,1
1287,196,1,0,-1,0,0,1,1,2,0,0,2,0,0,0,0,0,0,0,2,2,2,0.0000,0.0000,0.0000,0,0,0,0,,0,hop,1
1290,92,1,0,-1,17,2,3,0,19,0,0,19,0,0,1,0,0,0,0,19,18,18,0.6055,0.0000,0.0000,17,0,0,0,,0,pending,0
1291,92,1,0,-1,17,2,3,0,19,0,0,19,0,0,1,0,0,0,0,19,18,18,0.6054,0.0000,0.0000,17,0,0,0,,0,hop,1
1294,195,1,0,-1,13,4,5,0,14,0,0,14,0,0,0,0,0,0,0,14,14,14,0.4679,0.0000,0.0000,13,0,0,0,,0,pending,0
1295,5,1,0,-1,1,0,2,1,1,0,0,1,0,0,0,0,0,0,0,1,1,1,0.0369,0.0000,0.0000,1,0,0,0,,0,pending,0
1295,195,1,0,-1,13,4,5,0,14,0,0,14,0,0,0,0,0,0,0,14,14,14,0.4679,0.0000,0.0000,13,0,0,0,,0,hop,1
1296,5,1,0,-1,1,0,2,1,1,0,0,1,0,0,0,0,0,0,0,1,1,1,0.0369,0.0000,0.0000,1,0,0,0,,0,hop,1
1297,155,1,0,-1,13,0,3,0,14,0,0,14,0,0,0,0,0,0,0,14,14,14,0.4732,0.0000,0.0000,13,0,0,0,,0,pending,0
1298,155,1,0,-1,13,0,3,0,13,0,0,13,0,0,0,0,0,0,0,13,13,13,0.4731,0.0000,0.0000,13,0,0,0,,0,hop,1
1300,128,1,0,-1,15,2,3,0,16,0,0,16,0,0,1,0,0,0,0,16,15,15,0.5514,0.0000,0.0000,16,0,0,0,,0,hop,1
1309,192,1,0,-1,16,0,3,0,16,0,0,16,0,0,0,0,0,0,0,16,16,16,0.5442,0.0000,0.0000,15,0,0,0,,0,hop,1
1317,153,1,0,-1,17,0,4,0,19,0,0,19,0,0,0,0,0,0,0,19,19,19,0.6470,0.0000,0.0000,18,0,0,0,,0,pending,0
1318,153,1,0,-1,17,0,4,0,19,0,0,19,0,0,0,0,0,0,0,19,19,19,0.6470,0.0000,0.0000,18,0,0,0,,0,hop,1
1318,160,1,0,-1,6,1,3,0,8,0,0,8,0,0,0,0,0,0,0,8,8,8,0.2169,0.0000,0.0000,6,0,0,0,,0,pending,0
1319,160,1,0,-1,6,1,3,0,8,0,0,8,0,0,0,0,0,0,0,8,8,8,0.2169,0.0000,0.0000,6,0,0,0,,0,hop,1
1321,93,1,0,-1,4,2,5,0,4,0,0,4,0,0,0,0,0,0,0,4,4,4,0.1087,0.0000,0.0000,3,0,0,0,,0,pending,0
1322,93,1,0,-1,4,2,5,0,4,0,0,4,0,0,0,0,0,0,0,4,4,4,0.1088,0.0000,0.0000,3,0,0,0,,0,hop,1
1324,125,1,0,-1,18,1,4,0,20,0,0,20,0,0,0,0,0,0,0,20,20,20,0.5898,0.0000,0.0000,17,0,0,0,,0,pending,0
1325,125,1,0,-1,18,1,4,0,20,0,0,20,0,0,0,0,0,0,0,20,20,20,0.5885,0.0000,0.0000,17,0,0,0,,0,hop,1
1335,163,1,0,-1,2,0,2,1,2,0,0,2,0,0,0,0,0,0,0,2,2,2,0.0675,0.0000,0.0000,2,0,0,0,,0,pending,0
1336,91,1,0,-1,19,2,4,0,21,0,0,21,0,0,0,0,0,0,0,21,21,21,0.6057,0.0000,0.0000,18,0,0,0,,0,hop,1
1336,163,1,0,-1,2,0,2,1,2,0,0,2,0,0,0,0,0,0,0,2,2,2,0.0675,0.0000,0.0000,2,0,0,0,,0,hop,1
1337,170,1,0,-1,1,0,1,1,2,0,0,2,0,0,0,0,0,0,0,2,2,2,0.0369,0.0000,0.0000,1,0,0,0,,0,pending,0
1338,170,1,0,-1,1,0,1,1,2,0,0,2,0,0,0,0,0,0,0,2,2,2,0.0369,0.0000,0.0000,1,0,0,0,,0,hop,1
1342,133,1,0,-1,6,0,3,0,7,0,0,7,0,0,0,0,0,0,0,7,7,7,0.1825,0.0000,0.0000,5,0,0,0,,0,pending,0
1343,133,1,0,-1,6,0,3,0,7,0,0,7,0,0,0,0,0,0,0,7,7,7,0.1825,0.0000,0.0000,5,0,0,0,,0,hop,1
1347,181,1,0,-1,3,1,5,0,3,0,0,3,0,0,0,0,0,0,0,3,3,3,0.0665,0.0000,0.0000,2,0,0,0,,0,hop,1
1348,179,1,0,-1,4,1,3,0,5,0,0,5,0,0,0,0,0,0,0,5,5,5,0.1471,0.0000,0.0000,4,0,0,0,,0,hop,1
1350,162,1,0,-1,2,0,2,1,3,0,0,3,0,0,0,0,0,0,0,3,3,3,0.0362,0.0000,0.0000,1,0,0,0,,0,hop,1
1351,183,1,0,-1,0,0,1,1,1,0,0,1,0,0,0,0,0,0,0,1,1,1,0.0000,0.0000,0.0000,0,0,0,0,,0,hop,1
1352,132,1,0,-1,7,2,3,0,9,0,0,9,0,0,1,0,0,0,0,9,8,8,0.2870,0.0000,0.0000,8,0,0,0,,0,pending,0
1353,132,1,0,-1,7,2,3,0,9,0,0,9,0,0,1,0,0,0,0,9,8,8,0.2870,0.0000,0.0000,8,0,0,0,,0,hop,1
1360,193,1,0,-1,6,0,3,1,6,0,0,6,0,0,0,0,0,0,0,6,6,6,0.2138,0.0000,0.0000,6,0,0,0,,0,pending,0
1361,193,1,0,-1,6,0,3,1,6,0,0,6,0,0,0,0,0,0,0,6,6,6,0.2139,0.0000,0.0000,6,0,0,0,,0,hop,1
1362,169,1,0,-1,11,3,5,0,12,0,0,12,0,0,0,0,0,0,0,12,12,12,0.3656,0.0000,0.0000,10,0,0,0,,0,hop,1
1367,167,1,0,-1,21,3,4,0,21,0,0,21,0,0,0,0,0,0,0,21,21,21,0.5173,0.0000,0.0000,14,0,0,0,,0,hop,1
1370,156,1,0,-1,1,0,1,1,1,0,0,1,0,0,0,0,0,0,0,1,1,1,0.0349,0.0000,0.0000,1,0,0,0,,0,pending,0
1371,156,1,0,-1,1,0,1,1,1,0,0,1,0,0,0,0,0,0,0,1,1,1,0.0349,0.0000,0.0000,1,0,0,0,,0,hop,1
1372,134,1,0,-1,2,0,2,1,2,0,0,2,0,0,0,0,0,0,0,2,2,2,0.0657,0.0000,0.0000,2,0,0,0,,0,pending,0
1373,134,1,0,-1,2,0,2,1,2,0,0,2,0,0,0,0,0,0,0,2,2,2,0.0657,0.0000,0.0000,2,0,0,0,,0,hop,1
1393,5,1,0,-1,0,0,1,1,0,0,0,0,0,0,0,0,0,0,0,0,0,0,0.0000,0.0000,0.0000,0,0,0,0,,0,pending,0
1393,161,1,0,-1,1,0,1,1,1,0,0,1,0,0,0,0,0,0,0,1,1,1,0.0359,0.0000,0.0000,1,0,0,0,,0,pending,0
1394,5,1,0,-1,0,0,1,1,0,0,0,0,0,0,0,0,0,0,0,0,0,0,0.0000,0.0000,0.0000,0,0,0,0,,0,hop,1
1394,161,1,0,-1,1,0,1,1,1,0,0,1,0,0,0,0,0,0,0,1,1,1,0.0359,0.0000,0.0000,1,0,0,0,,0,hop,1
1401,126,1,0,-1,16,1,3,0,16,0,0,16,0,0,0,0,0,0,0,16,16,16,0.4835,0.0000,0.0000,14,0,0,0,,0,hop,1
1404,130,1,0,-1,9,2,5,0,10,0,0,10,0,0,0,0,0,0,0,10,10,10,0.3318,0.0000,0.0000,9,0,0,0,,0,pending,0
1405,130,1,0,-1,9,2,5,0,10,0,0,10,0,0,0,0,0,0,0,10,10,10,0.3318,0.0000,0.0000,9,0,0,0,,0,hop,1
1408,171,1,0,-1,8,0,5,0,9,0,0,9,0,0,0,0,0,0,0,9,9,9,0.2819,0.0000,0.0000,8,0,0,0,,0,hop,1
1418,153,1,0,-1,18,0,4,0,18,0,0,18,0,0,0,1,0,0,0,18,19,19,0.5018,0.0000,0.0000,14,0,0,0,,0,hop,1
1418,196,1,0,-1,2,0,1,1,2,0,0,2,0,0,0,0,0,0,0,2,2,2,0.0369,0.0000,0.0000,1,0,0,0,,0,hop,1
1424,155,1,0,-1,12,0,3,0,14,0,0,14,0,0,0,0,0,0,0,14,14,14,0.4301,0.0000,0.0000,12,0,0,0,,0,pending,0
1425,155,1,0,-1,12,0,3,0,14,0,0,14,0,0,0,0,0,0,0,14,14,14,0.4302,0.0000,0.0000,12,0,0,0,,0,hop,1
1425,168,1,0,-1,13,1,3,0,15,0,0,15,0,0,0,0,0,0,0,15,15,15,0.4323,0.0000,0.0000,12,0,0,0,,0,hop,1
1429,91,1,0,-1,19,1,3,0,21,0,0,21,0,0,0,0,0,0,0,21,21,21,0.5190,0.0000,0.0000,16,0,0,0,,0,hop,1
1430,195,1,0,-1,12,4,5,0,14,0,0,14,0,0,0,0,0,0,0,14,14,14,0.4306,0.0000,0.0000,12,0,0,0,,0,pending,0
1431,195,1,0,-1,12,4,5,0,14,0,0,14,0,0,0,0,0,0,0,14,14,14,0.4308,0.0000,0.0000,12,0,0,0,,0,hop,1
1435,192,1,0,-1,15,0,3,0,17,0,0,17,0,0,0,0,0,0,0,17,17,17,0.5087,0.0000,0.0000,14,0,0,0,,0,pending,0
1436,192,1,0,-1,15,0,3,0,17,0,0,17,0,0,0,0,0,0,0,17,17,17,0.5088,0.0000,0.0000,14,0,0,0,,0,hop,1
1446,160,1,0,-1,6,4,6,0,6,0,0,6,0,0,0,0,0,0,0,6,6,6,0.2174,0.0000,0.0000,6,0,0,0,,0,pending,0
1447,160,1,0,-1,6,4,6,0,6,0,0,6,0,0,0,0,0,0,0,6,6,6,0.2173,0.0000,0.0000,6,0,0,0,,0,hop,1
1448,158,1,0,-1,8,1,5,0,9,0,0,9,0,0,0,0,0,0,0,9,9,9,0.2973,0.0000,0.0000,8,0,0,0,,0,hop,1
1458,169,1,0,-1,10,3,5,0,12,0,0,12,0,0,0,0,0,0,0,12,12,12,0.3703,0.0000,0.0000,10,0,0,0,,0,hop,1
1461,92,1,0,-1,17,1,2,0,19,0,0,19,0,0,1,0,0,0,0,19,18,18,0.5458,0.0000,0.0000,16,0,0,0,,0,pending,0
1462,92,1,0,-1,17,1,2,0,19,0,0,19,0,0,1,0,0,0,0,19,18,18,0.5458,0.0000,0.0000,16,0,0,0,,0,hop,1
1462,128,1,0,-1,14,2,3,0,17,0,0,17,0,0,1,0,0,0,0,17,16,16,0.5070,0.0000,0.0000,15,0,0,0,,0,hop,1
1465,156,1,0,-1,1,0,1,1,2,0,0,2,0,0,0,0,0,0,0,2,2,2,0.0369,0.0000,0.0000,1,0,0,0,,0,pending,0
1466,156,1,0,-1,1,0,1,1,2,0,0,2,0,0,0,0,0,0,0,2,2,2,0.0369,0.0000,0.0000,1,0,0,0,,0,hop,1
1468,162,1,0,-1,2,0,1,1,2,0,0,2,0,0,0,0,0,0,0,2,2,2,0.0658,0.0000,0.0000,2,0,0,0,,0,hop,1
1469,179,1,0,-1,3,1,6,0,6,0,0,6,0,0,1,0,0,0,0,6,5,5,0.1405,0.0000,0.0000,4,0,0,0,,0,pending,0
1469,181,1,0,-1,2,0,1,1,3,0,0,3,0,0,0,0,0,0,0,3,3,3,0.0336,0.0000,0.0000,1,0,0,0,,0,pending,0
1470,179,1,0,-1,3,1,6,0,6,0,0,6,0,0,1,0,0,0,0,6,5,5,0.1405,0.0000,0.0000,4,0,0,0,,0,hop,1
1470,181,1,0,-1,2,0,1,1,3,0,0,3,0,0,0,0,0,0,0,3,3,3,0.0336,0.0000,0.0000,1,0,0,0,,0,hop,1
1474,125,1,0,-1,18,1,3,0,20,0,0,20,0,0,0,0,0,0,0,20,20,20,0.5796,0.0000,0.0000,17,0,0,0,,0,pending,0
1474,133,1,0,-1,5,3,6,0,6,0,0,6,0,0,0,0,0,0,0,6,6,6,0.1802,0.0000,0.0000,5,0,0,0,,0,pending,0
1475,125,1,0,-1,18,1,3,0,20,0,0,20,0,0,0,0,0,0,0,20,20,20,0.5797,0.0000,0.0000,17,0,0,0,,0,hop,1
1475,133,1,0,-1,5,3,6,0,6,0,0,6,0,0,0,0,0,0,0,6,6,6,0.1441,0.0000,0.0000,4,0,0,0,,0,hop,1
1480,163,1,0,-1,2,0,2,1,2,0,0,2,0,0,0,0,0,0,0,2,2,2,0.0000,0.0000,0.0000,0,0,0,0,,0,hop,1
1484,183,1,0,-1,1,0,2,1,1,0,0,1,0,0,0,0,0,0,0,1,1,1,0.0369,0.0000,0.0000,1,0,0,0,,0,pending,0
1485,183,1,0,-1,1,0,2,1,1,0,0,1,0,0,0,0,0,0,0,1,1,1,0.0369,0.0000,0.0000,1,0,0,0,,0,hop,1
1491,93,1,0,-1,4,2,6,0,5,0,0,5,0,0,0,0,0,0,0,5,5,5,0.1103,0.0000,0.0000,3,0,0,0,,0,hop,1
1505,170,1,0,-1,2,0,1,1,3,0,0,3,0,0,0,0,0,0,0,3,3,3,0.0739,0.0000,0.0000,2,0,0,0,,0,hop,1
1515,132,1,0,-1,7,0,5,0,7,0,0,7,0,0,0,0,0,0,0,7,7,7,0.2156,0.0000,0.0000,6,0,0,0,,0,pending,0
1516,132,1,0,-1,7,0,5,0,8,0,0,8,0,0,0,0,0,0,0,8,8,8,0.2156,0.0000,0.0000,6,0,0,0,,0,hop,1
1517,134,1,0,-1,1,0,2,1,2,0,0,2,0,0,0,0,0,0,0,2,2,2,0.0334,0.0000,0.0000,1,0,0,0,,0,pending,0
1518,134,1,0,-1,1,0,2,1,2,0,0,2,0,0,0,0,0,0,0,2,2,2,0.0334,0.0000,0.0000,1,0,0,0,,0,hop,1
1525,155,1,0,-1,11,0,3,0,13,0,0,13,0,0,0,0,0,0,0,13,13,13,0.4034,0.0000,0.0000,11,0,0,0,,0,pending,0
1526,153,1,0,-1,18,0,3,0,17,0,0,17,0,0,0,1,0,0,0,17,18,18,0.5031,0.0000,0.0000,14,0,0,0,,0,hop,1
1526,155,1,0,-1,11,0,3,0,13,0,0,13,0,0,0,0,0,0,0,13,13,13,0.4034,0.0000,0.0000,11,0,0,0,,0,hop,1
1533,167,1,0,-1,22,2,3,0,20,0,0,20,0,0,0,0,0,0,0,20,20,20,0.4803,0.0000,0.0000,13,0,0,0,,0,pending,0
1534,130,1,0,-1,8,2,5,0,10,0,0,10,0,0,0,0,0,0,0,10,10,10,0.2946,0.0000,0.0000,8,0,0,0,,0,pending,0
1534,167,1,0,-1,22,2,3,0,20,0,0,20,0,0,0,0,0,0,0,20,20,20,0.4803,0.0000,0.0000,13,0,0,0,,0,hop,1
1535,130,1,0,-1,8,2,5,0,10,0,0,10,0,0,0,0,0,0,0,10,10,10,0.2946,0.0000,0.0000,8,0,0,0,,0,hop,1
1541,193,1,0,-1,3,0,1,1,4,0,0,4,0,0,0,0,0,0,0,4,4,4,0.1066,0.0000,0.0000,3,0,0,0,,0,hop,1
1550,171,1,0,-1,7,2,3,0,8,0,0,8,0,0,0,0,0,0,0,8,8,8,0.2120,0.0000,0.0000,6,0,0,0,,0,pending,0
1551,171,1,0,-1,7,2,3,0,8,0,0,8,0,0,0,0,0,0,0,8,8,8,0.2121,0.0000,0.0000,6,0,0,0,,0,hop,1
1554,196,1,0,-1,2,0,1,1,2,0,0,2,0,0,0,0,0,0,0,2,2,2,0.0738,0.0000,0.0000,2,0,0,0,,0,pending,0
1555,196,1,0,-1,2,0,1,1,2,0,0,2,0,0,0,0,0,0,0,2,2,2,0.0738,0.0000,0.0000,2,0,0,0,,0,hop,1
1559,161,1,0,-1,0,0,1,1,0,0,0,0,0,0,0,0,0,0,0,0,0,0,0.0000,0.0000,0.0000,0,0,0,0,,0,hop,1
1561,92,1,0,-1,16,2,3,0,18,0,0,18,0,0,1,0,0,0,0,18,17,17,0.5443,0.0000,0.0000,16,0,0,0,,0,hop,1
1561,162,1,0,-1,2,0,1,1,3,0,0,3,0,0,0,0,0,0,0,3,3,3,0.0659,0.0000,0.0000,2,0,0,0,,0,pending,0
1562,162,1,0,-1,2,0,1,1,3,0,0,3,0,0,0,0,0,0,0,3,3,3,0.0658,0.0000,0.0000,2,0,0,0,,0,hop,1
1565,91,1,0,-1,18,2,4,0,20,0,0,20,0,0,0,0,0,0,0,20,20,20,0.5210,0.0000,0.0000,16,0,0,0,,0,pending,0
1565,181,1,0,-1,2,0,1,1,3,0,0,3,0,0,0,0,0,0,0,3,3,3,0.0703,0.0000,0.0000,2,0,0,0,,0,hop,1
1566,91,1,0,-1,18,2,4,0,20,0,0,20,0,0,0,0,0,0,0,20,20,20,0.5208,0.0000,0.0000,16,0,0,0,,0,hop,1
1569,126,1,0,-1,15,1,3,0,16,0,0,16,0,0,0,0,0,0,0,16,16,16,0.4852,0.0000,0.0000,14,0,0,0,,0,pending,0
1570,126,1,0,-1,15,1,3,0,16,0,0,16,0,0,0,0,0,0,0,16,16,16,0.4860,0.0000,0.0000,14,0,0,0,,0,hop,1
1572,192,1,0,-1,14,0,2,0,15,0,0,15,0,0,0,0,0,0,0,15,15,15,0.5069,0.0000,0.0000,14,0,0,0,,0,hop,1
1573,168,1,0,-1,12,1,3,0,13,0,0,13,0,0,0,0,0,0,0,13,13,13,0.4304,0.0000,0.0000,12,0,0,0,,0,hop,1
1583,6,1,0,-1,1,0,2,1,1,0,0,1,0,0,0,0,0,0,0,1,1,1,0.0369,0.0000,0.0000,1,0,0,0,,0,hop,1
1595,158,1,0,-1,7,1,5,0,7,0,0,7,0,0,0,0,0,0,0,7,7,7,0.2597,0.0000,0.0000,7,0,0,0,,0,pending,0
1596,158,1,0,-1,7,1,5,0,7,0,0,7,0,0,0,0,0,0,0,7,7,7,0.2597,0.0000,0.0000,7,0,0,0,,0,hop,1
1596,195,1,0,-1,11,4,5,0,11,0,0,11,0,0,0,0,0,0,0,11,11,11,0.3950,0.0000,0.0000,11,0,0,0,,0,hop,1
1602,183,1,0,-1,0,0,1,1,1,0,0,1,0,0,0,0,0,0,0,1,1,1,0.0000,0.0000,0.0000,0,0,0,0,,0,hop,1
1607,128,1,0,-1,13,2,3,0,14,0,0,14,0,0,1,0,0,0,0,14,13,13,0.4750,0.0000,0.0000,14,0,0,0,,0,pending,0
1608,128,1,0,-1,13,2,3,0,14,0,0,14,0,0,1,0,0,0,0,14,13,13,0.4750,0.0000,0.0000,14,0,0,0,,0,hop,1
1616,160,1,0,-1,4,4,6,0,4,0,0,4,0,0,0,0,0,0,0,4,4,4,0.1464,0.0000,0.0000,4,0,0,0,,0,pending,0
1617,160,1,0,-1,4,4,6,0,4,0,0,4,0,0,0,0,0,0,0,4,4,4,0.1464,0.0000,0.0000,4,0,0,0,,0,hop,1
1620,156,1,0,-1,1,0,1,1,1,0,0,1,0,0,0,0,0,0,0,1,1,1,0.0369,0.0000,0.0000,1,0,0,0,,0,hop,1
1621,93,1,0,-1,1,1,6,0,3,0,0,3,0,0,0,0,0,0,0,3,3,3,0.0365,0.0000,0.0000,1,0,0,0,,0,pending,0
1622,93,1,0,-1,1,1,6,0,3,0,0,3,0,0,0,0,0,0,0,3,3,3,0.0365,0.0000,0.0000,1,0,0,0,,0,hop,1
1629,153,1,0,-1,17,0,4,0,17,0,0,17,0,0,0,1,0,0,0,17,18,18,0.5399,0.0000,0.0000,15,0,0,0,,0,hop,1
1634,169,1,0,-1,9,3,5,0,9,0,0,9,0,0,0,0,0,0,0,9,9,9,0.3296,0.0000,0.0000,9,0,0,0,,0,pending,0
1635,169,1,0,-1,9,3,5,0,10,0,0,10,0,0,0,0,0,0,0,10,10,10,0.3296,0.0000,0.0000,9,0,0,0,,0,hop,1
1636,133,1,0,-1,3,3,6,0,4,0,0,4,0,0,0,0,0,0,0,4,4,4,0.1108,0.0000,0.0000,3,0,0,0,,0,hop,1
1643,179,1,0,-1,2,2,6,0,3,0,0,3,0,0,0,0,0,0,0,3,3,3,0.0736,0.0000,0.0000,2,0,0,0,,0,hop,1
1646,132,1,0,-1,6,0,5,0,7,0,0,7,0,0,0,0,0,0,0,7,7,7,0.2216,0.0000,0.0000,6,0,0,0,,0,hop,1
1647,125,1,0,-1,18,0,3,0,18,0,0,18,0,0,0,2,0,0,0,18,20,20,0.5154,0.0000,0.0000,14,0,0,0,,0,hop,1
1649,196,1,0,-1,1,0,1,1,1,0,0,1,0,0,0,0,0,0,0,1,1,1,0.0364,0.0000,0.0000,1,0,0,0,,0,pending,0
1650,196,1,0,-1,1,0,1,1,1,0,0,1,0,0,0,0,0,0,0,1,1,1,0.0364,0.0000,0.0000,1,0,0,0,,0,hop,1
1652,163,1,0,-1,1,0,1,1,2,0,0,2,0,0,0,0,0,0,0,2,2,2,0.0000,0.0000,0.0000,0,0,0,0,,0,hop,1
1654,130,1,0,-1,8,2,5,0,9,0,0,9,0,0,0,0,0,0,0,9,9,9,0.2916,0.0000,0.0000,8,0,0,0,,0,pending,0
1655,130,1,0,-1,8,2,5,0,9,0,0,9,0,0,0,0,0,0,0,9,9,9,0.2916,0.0000,0.0000,8,0,0,0,,0,hop,1
1656,134,1,0,-1,2,0,1,1,2,0,0,2,0,0,0,0,0,0,0,2,2,2,0.0682,0.0000,0.0000,2,0,0,0,,0,hop,1
1662,91,1,0,-1,19,2,4,0,18,0,0,18,0,0,0,1,0,0,0,18,19,19,0.5173,0.0000,0.0000,14,0,0,0,,0,hop,1
1662,167,1,0,-1,21,3,4,0,18,0,0,18,0,0,0,0,0,0,0,18,18,18,0.4803,0.0000,0.0000,13,0,0,0,,0,hop,1
1664,155,1,0,-1,11,0,3,0,12,0,0,12,0,0,0,0,0,0,0,12,12,12,0.3637,0.0000,0.0000,10,0,0,0,,0,pending,0
1665,155,1,0,-1,11,0,3,0,12,0,0,12,0,0,0,0,0,0,0,12,12,12,0.3641,0.0000,0.0000,10,0,0,0,,0,hop,1
1666,162,1,0,-1,1,0,2,1,2,0,0,2,0,0,0,0,0,0,0,2,2,2,0.0363,0.0000,0.0000,1,0,0,0,,0,pending,0
1667,162,1,0,-1,1,0,2,1,2,0,0,2,0,0,0,0,0,0,0,2,2,2,0.0363,0.0000,0.0000,1,0,0,0,,0,hop,1
1673,171,1,0,-1,6,4,5,0,6,0,0,6,0,0,0,0,0,0,0,6,6,6,0.2131,0.0000,0.0000,6,0,0,0,,0,pending,0
1674,170,1,0,-1,3,0,1,1,3,0,0,3,0,0,0,0,0,0,0,3,3,3,0.0737,0.0000,0.0000,2,0,0,0,,0,hop,1
1674,171,1,0,-1,6,4,5,0,6,0,0,6,0,0,0,0,0,0,0,6,6,6,0.2132,0.0000,0.0000,6,0,0,0,,0,hop,1
1683,92,1,0,-1,15,2,3,0,18,0,0,18,0,0,1,0,0,0,0,18,17,17,0.5019,0.0000,0.0000,15,0,0,0,,0,hop,1
1685,6,1,0,-1,0,0,2,1,0,0,0,0,0,0,0,0,0,0,0,0,0,0,0.0000,0.0000,0.0000,0,0,0,0,,0,hop,1
1685,192,1,0,-1,13,0,3,0,15,0,0,15,0,0,0,0,0,0,0,15,15,15,0.4668,0.0000,0.0000,13,0,0,0,,0,pending,0
1686,192,1,0,-1,13,0,3,0,15,0,0,15,0,0,0,0,0,0,0,15,15,15,0.4666,0.0000,0.0000,13,0,0,0,,0,hop,1
1688,193,1,0,-1,2,0,5,1,3,0,0,3,0,0,0,0,0,0,0,3,3,3,0.0369,0.0000,0.0000,1,0,0,0,,0,hop,1
1689,168,1,0,-1,11,1,3,0,13,0,0,13,0,0,0,0,0,0,0,13,13,13,0.4061,0.0000,0.0000,11,0,0,0,,0,pending,0
1690,168,1,0,-1,11,1,3,0,13,0,0,13,0,0,0,0,0,0,0,13,13,13,0.4061,0.0000,0.0000,11,0,0,0,,0,hop,1
1699,158,1,0,-1,7,1,5,0,7,0,0,7,0,0,0,0,0,0,0,7,7,7,0.2603,0.0000,0.0000,7,0,0,0,,0,pending,0
1700,158,1,0,-1,7,1,5,0,7,0,0,7,0,0,0,0,0,0,0,7,7,7,0.2602,0.0000,0.0000,7,0,0,0,,0,hop,1
1710,183,1,0,-1,2,0,1,1,2,0,0,2,0,0,0,0,0,0,0,2,2,2,0.0000,0.0000,0.0000,0,0,0,0,,0,pending,0
1711,183,1,0,-1,2,0,1,1,2,0,0,2,0,0,0,0,0,0,0,2,2,2,0.0000,0.0000,0.0000,0,0,0,0,,0,hop,1
1730,181,1,0,-1,2,0,1,1,3,0,0,3,0,0,0,0,0,0,0,3,3,3,0.0331,0.0000,0.0000,1,0,0,0,,0,hop,1
1734,93,1,0,-1,2,0,4,1,4,0,0,4,0,0,0,0,0,0,0,4,4,4,0.0734,0.0000,0.0000,2,0,0,0,,0,pending,0
1735,93,1,0,-1,2,0,4,1,4,0,0,4,0,0,0,0,0,0,0,4,4,4,0.0734,0.0000,0.0000,2,0,0,0,,0,hop,1
1743,153,1,0,-1,15,3,6,0,16,0,0,16,0,0,0,1,0,0,0,16,17,17,0.5138,0.0000,0.0000,14,0,0,0,,0,pending,0
1744,153,1,0,-1,15,3,6,0,16,0,0,16,0,0,0,1,0,0,0,16,17,17,0.5139,0.0000,0.0000,14,0,0,0,,0,hop,1
1745,163,1,0,-1,1,0,1,1,2,0,0,2,0,0,0,0,0,0,0,2,2,2,0.0369,0.0000,0.0000,1,0,0,0,,0,pending,0
1746,126,1,0,-1,13,1,6,0,15,0,0,15,0,0,0,0,0,0,0,15,15,15,0.4293,0.0000,0.0000,12,0,0,0,,0,hop,1
1746,163,1,0,-1,1,0,1,1,2,0,0,2,0,0,0,0,0,0,0,2,2,2,0.0369,0.0000,0.0000,1,0,0,0,,0,hop,1
1749,130,1,0,-1,7,2,5,0,9,0,0,9,0,0,0,0,0,0,0,9,9,9,0.2552,0.0000,0.0000,7,0,0,0,,0,hop,1
1755,128,1,0,-1,10,2,3,0,14,0,0,14,0,0,0,0,0,0,0,14,14,14,0.3584,0.0000,0.0000,10,0,0,0,,0,hop,1
1755,195,1,0,-1,10,0,3,0,12,0,0,12,0,0,0,0,0,0,0,12,12,12,0.2889,0.0000,0.0000,8,0,0,0,,0,hop,1
1759,7,1,0,-1,1,0,2,1,1,0,0,1,0,0,0,0,0,0,0,1,1,1,0.0369,0.0000,0.0000,1,0,0,0,,0,hop,1
1760,134,1,0,-1,1,0,2,1,2,0,0,2,0,0,0,0,0,0,0,2,2,2,0.0328,0.0000,0.0000,1,0,0,0,,0,pending,0
1761,134,1,0,-1,1,0,2,1,2,0,0,2,0,0,0,0,0,0,0,2,2,2,0.0327,0.0000,0.0000,1,0,0,0,,0,hop,1
1762,156,1,0,-1,1,0,1,1,3,0,0,3,0,0,0,0,0,0,0,3,3,3,0.0369,0.0000,0.0000,1,0,0,0,,0,hop,1
1767,170,1,0,-1,2,0,1,1,2,0,0,2,0,0,0,0,0,0,0,2,2,2,0.0702,0.0000,0.0000,2,0,0,0,,0,pending,0
1768,170,1,0,-1,2,0,1,1,2,0,0,2,0,0,0,0,0,0,0,2,2,2,0.0702,0.0000,0.0000,2,0,0,0,,0,hop,1
1776,92,1,0,-1,13,2,6,0,17,0,0,17,0,0,1,0,0,0,0,17,16,16,0.4705,0.0000,0.0000,14,0,0,0,,0,pending,0
1777,92,1,0,-1,13,2,6,0,17,0,0,17,0,0,1,0,0,0,0,17,16,16,0.4702,0.0000,0.0000,14,0,0,0,,0,hop,1
1778,196,1,0,-1,0,0,2,1,0,0,0,0,0,0,0,0,0,0,0,0,0,0,0.0000,0.0000,0.0000,0,0,0,0,,0,hop,1
1782,179,1,0,-1,3,1,2,0,4,0,0,4,0,0,0,0,0,0,0,4,4,4,0.1017,0.0000,0.0000,3,0,0,0,,0,pending,0
1783,160,1,0,-1,4,1,3,0,5,0,0,5,0,0,0,0,0,0,0,5,5,5,0.1435,0.0000,0.0000,4,0,0,0,,0,hop,1
1783,179,1,0,-1,3,1,2,0,4,0,0,4,0,0,0,0,0,0,0,4,4,4,0.1016,0.0000,0.0000,3,0,0,0,,0,hop,1
1786,169,1,0,-1,8,3,5,0,9,0,0,9,0,0,0,0,0,0,0,9,9,9,0.2587,0.0000,0.0000,7,0,0,0,,0,hop,1
1791,158,1,0,-1,7,1,5,0,7,0,0,7,0,0,0,0,0,0,0,7,7,7,0.2235,0.0000,0.0000,6,0,0,0,,0,pending,0
1792,158,1,0,-1,7,1,5,0,7,0,0,7,0,0,0,0,0,0,0,7,7,7,0.2234,0.0000,0.0000,6,0,0,0,,0,hop,1
1799,133,1,0,-1,3,0,3,1,4,0,0,4,0,0,0,0,0,0,0,4,4,4,0.1108,0.0000,0.0000,3,0,0,0,,0,pending,0
1800,133,1,0,-1,3,0,3,1,4,0,0,4,0,0,0,0,0,0,0,4,4,4,0.1108,0.0000,0.0000,3,0,0,0,,0,hop,1
1806,183,1,0,-1,3,0,1,1,4,0,0,4,0,0,0,0,0,0,0,4,4,4,0.0738,0.0000,0.0000,2,0,0,0,,0,hop,1
1809,132,1,0,-1,6,0,5,0,6,0,0,6,0,0,0,0,0,0,0,6,6,6,0.1823,0.0000,0.0000,5,0,0,0,,0,hop,1
1809,155,1,0,-1,9,0,3,0,11,0,0,11,0,0,0,0,0,0,0,11,11,11,0.2955,0.0000,0.0000,8,0,0,0,,0,pending,0
1810,155,1,0,-1,9,0,3,0,11,0,0,11,0,0,0,0,0,0,0,11,11,11,0.2955,0.0000,0.0000,8,0,0,0,,0,hop,1
1810,162,1,0,-1,1,0,1,1,2,0,0,2,0,0,0,0,0,0,0,2,2,2,0.0369,0.0000,0.0000,1,0,0,0,,0,hop,1
1815,168,1,0,-1,9,1,3,0,12,0,0,12,0,0,0,0,0,0,0,12,12,12,0.3327,0.0000,0.0000,9,0,0,0,,0,hop,1
1822,125,1,0,-1,17,4,6,0,16,0,0,16,0,0,0,1,0,0,0,16,17,17,0.5175,0.0000,0.0000,14,0,0,0,,0,hop,1
1828,91,1,0,-1,20,0,1,1,16,0,0,16,0,0,0,0,0,0,0,16,16,16,0.4433,0.0000,0.0000,12,0,0,0,,0,hop,1
1832,181,1,0,-1,1,0,1,1,1,0,0,1,0,0,0,0,0,0,0,1,1,1,0.0370,0.0000,0.0000,1,0,0,0,,0,hop,1
1848,171,1,0,-1,5,1,2,0,6,0,0,6,0,0,1,0,0,0,0,6,5,5,0.2148,0.0000,0.0000,6,0,0,0,,0,hop,1
1849,192,1,0,-1,11,0,6,0,14,0,0,14,0,0,0,0,0,0,0,14,14,14,0.3639,0.0000,0.0000,10,0,0,0,,0,pending,0
1850,192,1,0,-1,11,0,6,0,14,0,0,14,0,0,0,0,0,0,0,14,14,14,0.3640,0.0000,0.0000,10,0,0,0,,0,hop,1
1852,163,1,0,-1,1,0,1,1,3,0,0,3,0,0,0,0,0,0,0,3,3,3,0.0369,0.0000,0.0000,1,0,0,0,,0,hop,1
1859,7,1,0,-1,1,0,1,1,1,0,0,1,0,0,0,0,0,0,0,1,1,1,0.0388,0.0000,0.0000,1,0,0,0,,0,hop,1
1862,193,1,0,-1,1,0,4,1,2,0,0,2,0,0,0,0,0,0,0,2,2,2,0.0000,0.0000,0.0000,0,0,0,0,,0,pending,0
1863,193,1,0,-1,1,0,4,1,2,0,0,2,0,0,0,0,0,0,0,2,2,2,0.0000,0.0000,0.0000,0,0,0,0,,0,hop,1
1864,134,1,0,-1,1,0,1,1,2,0,0,2,0,0,0,0,0,0,0,2,2,2,0.0369,0.0000,0.0000,1,0,0,0,,0,pending,0
1865,134,1,0,-1,1,0,1,1,2,0,0,2,0,0,0,0,0,0,0,2,2,2,0.0369,0.0000,0.0000,1,0,0,0,,0,hop,1
1876,126,1,0,-1,12,1,6,0,15,0,0,15,0,0,0,0,0,0,0,15,15,15,0.3896,0.0000,0.0000,11,0,0,0,,0,hop,1
1879,169,1,0,-1,8,3,5,0,9,0,0,9,0,0,0,0,0,0,0,9,9,9,0.2580,0.0000,0.0000,7,0,0,0,,0,hop,1
1880,153,1,0,-1,14,3,6,0,16,0,0,16,0,0,0,1,0,0,0,16,17,17,0.4775,0.0000,0.0000,13,0,0,0,,0,hop,1
1883,8,1,0,-1,2,0,2,1,2,0,0,2,0,0,0,0,0,0,0,2,2,2,0.0739,0.0000,0.0000,2,0,0,0,,0,pending,0
1884,8,1,0,-1,2,0,2,1,2,0,0,2,0,0,0,0,0,0,0,2,2,2,0.0739,0.0000,0.0000,2,0,0,0,,0,hop,1
1902,133,1,0,-1,3,0,1,1,4,0,0,4,0,0,0,0,0,0,0,4,4,4,0.0651,0.0000,0.0000,2,0,0,0,,0,hop,1
1904,195,1,0,-1,9,0,3,0,11,0,0,11,0,0,0,0,0,0,0,11,11,11,0.3257,0.0000,0.0000,9,0,0,0,,0,hop,1
1908,93,1,0,-1,1,0,3,1,2,0,0,2,0,0,0,0,0,0,0,2,2,2,0.0342,0.0000,0.0000,1,0,0,0,,0,pending,0
1909,93,1,0,-1,1,0,3,1,2,0,0,2,0,0,0,0,0,0,0,2,2,2,0.0342,0.0000,0.0000,1,0,0,0,,0,hop,1
1909,158,1,0,-1,6,1,5,0,6,0,0,6,0,0,0,0,0,0,0,6,6,6,0.2169,0.0000,0.0000,6,0,0,0,,0,pending,0
1910,158,1,0,-1,6,1,5,0,6,0,0,6,0,0,0,0,0,0,0,6,6,6,0.2168,0.0000,0.0000,6,0,0,0,,0,hop,1
1918,128,1,0,-1,10,2,7,0,13,0,0,13,0,0,0,0,0,0,0,13,13,13,0.3678,0.0000,0.0000,10,0,0,0,,0,hop,1
1919,170,1,0,-1,0,0,2,1,0,0,0,0,0,0,0,0,0,0,0,0,0,0,0.0000,0.0000,0.0000,0,0,0,0,,0,pending,0
1920,162,1,0,-1,2,0,1,1,3,0,0,3,0,0,0,0,0,0,0,3,3,3,0.0739,0.0000,0.0000,2,0,0,0,,0,hop,1
1920,170,1,0,-1,0,0,2,1,0,0,0,0,0,0,0,0,0,0,0,0,0,0,0.0000,0.0000,0.0000,0,0,0,0,,0,hop,1
1927,130,1,0,-1,6,2,5,0,7,0,0,7,0,0,0,0,0,0,0,7,7,7,0.2204,0.0000,0.0000,6,0,0,0,,0,pending,0
1928,92,1,0,-1,12,5,7,0,16,0,0,16,0,0,1,0,0,0,0,16,15,15,0.4232,0.0000,0.0000,13,0,0,0,,0,hop,1
1928,130,1,0,-1,6,2,5,0,7,0,0,7,0,0,0,0,0,0,0,7,7,7,0.2203,0.0000,0.0000,6,0,0,0,,0,hop,1
1930,156,1,0,-1,2,0,2,1,3,0,0,3,0,0,0,0,0,0,0,3,3,3,0.0369,0.0000,0.0000,1,0,0,0,,0,pending,0
1931,156,1,0,-1,2,0,2,1,3,0,0,3,0,0,0,0,0,0,0,3,3,3,0.0369,0.0000,0.0000,1,0,0,0,,0,hop,1
1932,179,1,0,-1,2,0,2,1,3,0,0,3,0,0,0,0,0,0,0,3,3,3,0.0739,0.0000,0.0000,2,0,0,0,,0,pending,0
1933,179,1,0,-1,2,0,2,1,3,0,0,3,0,0,0,0,0,0,0,3,3,3,0.0739,0.0000,0.0000,2,0,0,0,,0,hop,1
1937,160,1,0,-1,2,0,2,1,4,0,0,4,0,0,0,0,0,0,0,4,4,4,0.0741,0.0000,0.0000,2,0,0,0,,0,hop,1
1947,155,1,0,-1,8,0,7,0,9,0,0,9,0,0,0,0,0,0,0,9,9,9,0.2935,0.0000,0.0000,8,0,0,0,,0,hop,1
1948,91,1,0,-1,21,1,2,0,17,0,0,17,0,0,0,0,0,0,0,17,17,17,0.4064,0.0000,0.0000,11,0,0,0,,0,pending,0
1949,91,1,0,-1,21,1,2,0,17,0,0,17,0,0,0,0,0,0,0,17,17,17,0.4064,0.0000,0.0000,11,0,0,0,,0,hop,1
1968,168,1,0,-1,9,1,7,0,9,0,0,9,0,0,0,0,0,0,0,9,9,9,0.3296,0.0000,0.0000,9,0,0,0,,0,hop,1
1976,192,1,0,-1,11,3,7,0,11,0,0,11,0,0,0,0,0,0,0,11,11,11,0.3941,0.0000,0.0000,11,0,0,0,,0,hop,1
1977,169,1,0,-1,6,4,6,0,7,0,0,7,0,0,0,0,0,0,0,7,7,7,0.2210,0.0000,0.0000,6,0,0,0,,0,pending,0
1978,169,1,0,-1,6,4,6,0,7,0,0,7,0,0,0,0,0,0,0,7,7,7,0.2212,0.0000,0.0000,6,0,0,0,,0,hop,1
1979,132,1,0,-1,4,1,6,0,5,0,0,5,0,0,0,0,0,0,0,5,5,5,0.1109,0.0000,0.0000,3,0,0,0,,0,pending,0
1980,132,1,0,-1,4,1,6,0,5,0,0,5,0,0,0,0,0,0,0,5,5,5,0.1109,0.0000,0.0000,3,0,0,0,,0,hop,1
1982,8,1,0,-1,0,0,1,1,0,0,0,0,0,0,0,0,0,0,0,0,0,0,0.0000,0.0000,0.0000,0,0,0,0,,0,hop,1
1982,183,1,0,-1,1,0,2,1,1,0,0,1,0,0,0,0,0,0,0,1,1,1,0.0365,0.0000,0.0000,1,0,0,0,,0,hop,1
1989,193,1,0,-1,1,0,1,1,2,0,0,2,0,0,0,0,0,0,0,2,2,2,0.0349,0.0000,0.0000,1,0,0,0,,0,hop,1
1995,125,1,0,-1,17,0,2,0,15,0,0,15,0,0,0,1,0,0,0,15,16,16,0.4064,0.0000,0.0000,11,0,0,0,,0,hop,1
2001,163,1,0,-1,2,0,2,1,4,0,0,4,0,0,0,0,0,0,0,4,4,4,0.0723,0.0000,0.0000,2,0,0,0,,0,pending,0
2002,163,1,0,-1,2,0,2,1,4,0,0,4,0,0,0,0,0,0,0,4,4,4,0.0723,0.0000,0.0000,2,0,0,0,,0,hop,1
2003,93,1,0,-1,2,0,1,1,2,0,0,2,0,0,0,0,0,0,0,2,2,2,0.0694,0.0000,0.0000,2,0,0,0,,0,pending,0
2003,134,1,0,-1,2,0,1,1,2,0,0,2,0,0,0,0,0,0,0,2,2,2,0.0739,0.0000,0.0000,2,0,0,0,,0,hop,1
2004,93,1,0,-1,2,0,1,1,2,0,0,2,0,0,0,0,0,0,0,2,2,2,0.0693,0.0000,0.0000,2,0,0,0,,0,hop,1
2011,181,1,0,-1,1,0,1,1,1,0,0,1,0,0,0,0,0,0,0,1,1,1,0.0000,0.0000,0.0000,0,0,0,0,,0,pending,0
2012,181,1,0,-1,0,0,1,1,1,0,0,1,0,0,0,0,0,0,0,1,1,1,0.0000,0.0000,0.0000,0,0,0,0,,0,hop,1
2021,126,1,0,-1,12,4,7,0,12,0,0,12,0,0,0,0,0,0,0,12,12,12,0.3928,0.0000,0.0000,11,0,0,0,,0,hop,1
2026,156,1,0,-1,2,0,2,1,3,0,0,3,0,0,0,0,0,0,0,3,3,3,0.0725,0.0000,0.0000,2,0,0,0,,0,hop,1
2026,171,1,0,-1,3,0,6,1,3,0,0,3,0,0,0,0,0,0,0,3,3,3,0.0735,0.0000,0.0000,2,0,0,0,,0,pending,0
2027,128,1,0,-1,10,2,7,0,11,0,0,11,0,0,0,0,0,0,0,11,11,11,0.3680,0.0000,0.0000,10,0,0,0,,0,hop,1
2027,171,1,0,-1,3,0,6,1,3,0,0,3,0,0,0,0,0,0,0,3,3,3,0.0735,0.0000,0.0000,2,0,0,0,,0,hop,1
2030,153,1,0,-1,14,6,7,0,14,0,0,14,0,0,0,1,0,0,0,14,15,15,0.4766,0.0000,0.0000,13,0,0,0,,0,pending,0
2031,153,1,0,-1,14,6,7,0,14,0,0,14,0,0,0,1,0,0,0,14,15,15,0.4765,0.0000,0.0000,13,0,0,0,,0,hop,1
2031,195,1,0,-1,8,0,7,0,10,0,0,10,0,0,0,0,0,0,0,10,10,10,0.2873,0.0000,0.0000,8,0,0,0,,0,pending,0
2032,195,1,0,-1,8,0,7,0,10,0,0,10,0,0,0,0,0,0,0,10,10,10,0.2873,0.0000,0.0000,8,0,0,0,,0,hop,1
2038,92,1,0,-1,12,5,6,0,15,0,0,15,0,0,1,0,0,0,0,15,14,14,0.4281,0.0000,0.0000,13,0,0,0,,0,hop,1
2047,155,1,0,-1,8,2,8,0,10,0,0,10,0,0,0,0,0,0,0,10,10,10,0.2954,0.0000,0.0000,8,0,0,0,,0,hop,1
2051,158,1,0,-1,4,1,3,0,5,0,0,5,0,0,0,0,0,0,0,5,5,5,0.1469,0.0000,0.0000,4,0,0,0,,0,pending,0
2052,158,1,0,-1,4,1,3,0,5,0,0,5,0,0,0,0,0,0,0,5,5,5,0.1469,0.0000,0.0000,4,0,0,0,,0,hop,1
2062,133,1,0,-1,1,0,3,1,2,0,0,2,0,0,0,0,0,0,0,2,2,2,0.0370,0.0000,0.0000,1,0,0,0,,0,pending,0
2063,133,1,0,-1,1,0,3,1,2,0,0,2,0,0,0,0,0,0,0,2,2,2,0.0370,0.0000,0.0000,1,0,0,0,,0,hop,1
2065,91,1,0,-1,19,1,2,0,16,0,0,16,0,0,0,0,0,0,0,16,16,16,0.3694,0.0000,0.0000,10,0,0,0,,0,hop,1
2086,192,1,0,-1,10,5,9,0,11,0,0,11,0,0,0,0,0,0,0,11,11,11,0.3543,0.0000,0.0000,10,0,0,0,,0,pending,0
2087,192,1,0,-1,10,5,9,0,11,0,0,11,0,0,0,0,0,0,0,11,11,11,0.3542,0.0000,0.0000,10,0,0,0,,0,hop,1
2093,132,1,0,-1,4,0,3,0,4,0,0,4,0,0,0,0,0,0,0,4,4,4,0.1079,0.0000,0.0000,3,0,0,0,,0,pending,0
2094,132,1,0,-1,4,0,3,0,4,0,0,4,0,0,0,0,0,0,0,4,4,4,0.1079,0.0000,0.0000,3,0,0,0,,0,hop,1
2094,163,1,0,-1,3,0,1,1,3,0,0,3,0,0,0,0,0,0,0,3,3,3,0.1107,0.0000,0.0000,3,0,0,0,,0,hop,1
2096,130,1,0,-1,5,2,3,0,6,0,0,6,0,0,0,0,0,0,0,6,6,6,0.1475,0.0000,0.0000,4,0,0,0,,0,pending,0
2097,130,1,0,-1,5,2,3,0,6,0,0,6,0,0,0,0,0,0,0,6,6,6,0.1476,0.0000,0.0000,4,0,0,0,,0,hop,1
2097,162,1,0,-1,3,0,1,1,3,0,0,3,0,0,0,0,0,0,0,3,3,3,0.0736,0.0000,0.0000,2,0,0,0,,0,pending,0
2097,179,1,0,-1,3,0,2,1,3,0,0,3,0,0,0,0,0,0,0,3,3,3,0.0663,0.0000,0.0000,2,0,0,0,,0,hop,1
2098,162,1,0,-1,3,0,1,1,3,0,0,3,0,0,0,0,0,0,0,3,3,3,0.0736,0.0000,0.0000,2,0,0,0,,0,hop,1
2099,9,1,0,-1,1,0,3,1,1,0,0,1,0,0,0,0,0,0,0,1,1,1,0.0369,0.0000,0.0000,1,0,0,0,,0,hop,1
2099,160,1,0,-1,2,0,2,1,4,0,0,4,0,0,1,0,0,0,0,4,3,3,0.0995,0.0000,0.0000,3,0,0,0,,0,pending,0
2100,160,1,0,-1,2,0,2,1,4,0,0,4,0,0,1,0,0,0,0,4,3,3,0.0996,0.0000,0.0000,3,0,0,0,,0,hop,1
2103,181,1,0,-1,0,0,1,1,1,0,0,1,0,0,0,0,0,0,0,1,1,1,0.0000,0.0000,0.0000,0,0,0,0,,0,hop,1
2117,93,1,0,-1,2,0,1,1,2,0,0,2,0,0,0,0,0,0,0,2,2,2,0.0746,0.0000,0.0000,2,0,0,0,,0,pending,0
2118,93,1,0,-1,2,0,1,1,2,0,0,2,0,0,0,0,0,0,0,2,2,2,0.0746,0.0000,0.0000,2,0,0,0,,0,hop,1
2123,134,1,0,-1,3,0,1,1,3,0,0,3,0,0,0,0,0,0,0,3,3,3,0.0737,0.0000,0.0000,2,0,0,0,,0,hop,1
2123,169,1,0,-1,7,1,7,0,6,0,0,6,0,0,0,1,0,0,0,6,7,7,0.1857,0.0000,0.0000,5,0,0,0,,0,pending,0
2124,169,1,0,-1,7,1,7,0,6,0,0,6,0,0,0,1,0,0,0,6,7,7,0.1856,0.0000,0.0000,5,0,0,0,,0,hop,1
2125,171,1,0,-1,2,1,7,0,3,0,0,3,0,0,0,0,0,0,0,3,3,3,0.0716,0.0000,0.0000,2,0,0,0,,0,pending,0
2126,171,1,0,-1,2,1,7,0,3,0,0,3,0,0,0,0,0,0,0,3,3,3,0.0716,0.0000,0.0000,2,0,0,0,,0,hop,1
2143,155,1,0,-1,7,0,5,0,9,0,0,9,0,0,0,0,0,0,0,9,9,9,0.2531,0.0000,0.0000,7,0,0,0,,0,hop,1
2144,183,1,0,-1,0,0,2,1,0,0,0,0,0,0,0,0,0,0,0,0,0,0,0.0000,0.0000,0.0000,0,0,0,0,,0,hop,1
2145,153,1,0,-1,13,1,2,0,12,0,0,12,0,0,0,1,0,0,0,12,13,13,0.3860,0.0000,0.0000,11,0,0,0,,0,hop,1
2146,168,1,0,-1,8,1,5,0,10,0,0,10,0,0,0,0,0,0,0,10,10,10,0.2915,0.0000,0.0000,8,0,0,0,,0,hop,1
2150,195,1,0,-1,7,4,5,0,9,0,0,9,0,0,1,0,0,0,0,9,8,8,0.2529,0.0000,0.0000,7,0,0,0,,0,hop,1
2160,126,1,0,-1,11,2,3,0,13,0,0,13,0,0,0,0,0,0,0,13,13,13,0.3922,0.0000,0.0000,11,0,0,0,,0,pending,0
2161,126,1,0,-1,11,2,3,0,13,0,0,13,0,0,0,0,0,0,0,13,13,13,0.3923,0.0000,0.0000,11,0,0,0,,0,hop,1
2164,91,1,0,-1,19,1,2,0,15,0,0,15,0,0,0,0,0,0,0,15,15,15,0.3694,0.0000,0.0000,10,0,0,0,,0,pending,0
2165,91,1,0,-1,19,1,2,0,15,0,0,15,0,0,0,0,0,0,0,15,15,15,0.3694,0.0000,0.0000,10,0,0,0,,0,hop,1
2167,193,1,0,-1,1,0,1,1,1,0,0,1,0,0,0,0,0,0,0,1,1,1,0.0336,0.0000,0.0000,1,0,0,0,,0,hop,1
2168,156,1,0,-1,2,0,3,1,2,0,0,2,0,0,0,0,0,0,0,2,2,2,0.0736,0.0000,0.0000,2,0,0,0,,0,hop,1
2169,125,1,0,-1,16,0,2,0,14,0,0,14,0,0,0,1,0,0,0,14,15,15,0.4065,0.0000,0.0000,11,0,0,0,,0,pending,0
2170,125,1,0,-1,16,0,2,0,14,0,0,14,0,0,0,1,0,0,0,14,15,15,0.4065,0.0000,0.0000,11,0,0,0,,0,hop,1
2170,133,1,0,-1,3,0,1,1,3,0,0,3,0,0,0,0,0,0,0,3,3,3,0.0686,0.0000,0.0000,2,0,0,0,,0,pending,0
2171,133,1,0,-1,3,0,1,1,3,0,0,3,0,0,0,0,0,0,0,3,3,3,0.0686,0.0000,0.0000,2,0,0,0,,0,hop,1
2173,92,1,0,-1,12,0,2,1,14,0,0,14,0,0,1,0,0,0,0,14,13,13,0.3930,0.0000,0.0000,12,0,0,0,,0,pending,0
2174,92,1,0,-1,12,0,2,1,14,0,0,14,0,0,1,0,0,0,0,14,13,13,0.3934,0.0000,0.0000,12,0,0,0,,0,hop,1
2194,9,1,0,-1,0,0,2,1,1,0,0,1,0,0,0,0,0,0,0,1,1,1,0.0000,0.0000,0.0000,0,0,0,0,,0,pending,0
2195,9,1,0,-1,0,0,2,1,1,0,0,1,0,0,0,0,0,0,0,1,1,1,0.0000,0.0000,0.0000,0,0,0,0,,0,hop,1
2201,128,1,0,-1,9,4,7,0,10,0,0,10,0,0,0,0,0,0,0,10,10,10,0.3311,0.0000,0.0000,9,0,0,0,,0,hop,1
2203,130,1,0,-1,4,4,5,0,5,0,0,5,0,0,0,0,0,0,0,5,5,5,0.1446,0.0000,0.0000,4,0,0,0,,0,pending,0
2204,130,1,0,-1,4,4,5,0,5,0,0,5,0,0,0,0,0,0,0,5,5,5,0.1445,0.0000,0.0000,4,0,0,0,,0,hop,1
2205,158,1,0,-1,3,3,5,0,4,0,0,4,0,0,0,0,0,0,0,4,4,4,0.1072,0.0000,0.0000,3,0,0,0,,0,hop,1
2219,192,1,0,-1,10,5,7,0,11,0,0,11,0,0,0,0,0,0,0,11,11,11,0.3593,0.0000,0.0000,10,0,0,0,,0,pending,0
2220,132,1,0,-1,2,2,5,0,4,0,0,4,0,0,0,0,0,0,0,4,4,4,0.0730,0.0000,0.0000,2,0,0,0,,0,hop,1
2220,192,1,0,-1,10,5,7,0,11,0,0,11,0,0,0,0,0,0,0,11,11,11,0.3592,0.0000,0.0000,10,0,0,0,,0,hop,1
2221,179,1,0,-1,2,1,2,0,3,0,0,3,0,0,0,0,0,0,0,3,3,3,0.0370,0.0000,0.0000,1,0,0,0,,0,pending,0
2222,179,1,0,-1,2,1,2,0,3,0,0,3,0,0,0,0,0,0,0,3,3,3,0.0370,0.0000,0.0000,1,0,0,0,,0,hop,1
2223,169,1,0,-1,6,1,6,0,7,0,0,7,0,0,0,0,0,0,0,7,7,7,0.2151,0.0000,0.0000,6,0,0,0,,0,hop,1
2225,181,1,0,-1,0,0,2,1,1,0,0,1,0,0,0,0,0,0,0,1,1,1,0.0000,0.0000,0.0000,0,0,0,0,,0,pending,0
2226,181,1,0,-1,0,0,2,1,1,0,0,1,0,0,0,0,0,0,0,1,1,1,0.0000,0.0000,0.0000,0,0,0,0,,0,hop,1
2235,162,1,0,-1,3,1,2,0,3,0,0,3,0,0,0,0,0,0,0,3,3,3,0.1108,0.0000,0.0000,3,0,0,0,,0,hop,1
2236,160,1,0,-1,1,0,5,1,3,0,0,3,0,0,0,0,0,0,0,3,3,3,0.0364,0.0000,0.0000,1,0,0,0,,0,pending,0
2237,160,1,0,-1,1,0,5,1,3,0,0,3,0,0,0,0,0,0,0,3,3,3,0.0364,0.0000,0.0000,1,0,0,0,,0,hop,1
2243,134,1,0,-1,4,0,1,1,4,0,0,4,0,0,0,0,0,0,0,4,4,4,0.1478,0.0000,0.0000,4,0,0,0,,0,pending,0
2244,134,1,0,-1,4,0,1,1,4,0,0,4,0,0,0,0,0,0,0,4,4,4,0.1478,0.0000,0.0000,4,0,0,0,,0,hop,1
2253,126,1,0,-1,10,6,7,0,11,0,0,11,0,0,0,0,0,0,0,11,11,11,0.3681,0.0000,0.0000,10,0,0,0,,0,pending,0
2254,126,1,0,-1,10,6,7,0,11,0,0,11,0,0,0,0,0,0,0,11,11,11,0.3681,0.0000,0.0000,10,0,0,0,,0,hop,1
2260,155,1,0,-1,7,2,7,0,8,0,0,8,0,0,0,0,0,0,0,8,8,8,0.2149,0.0000,0.0000,6,0,0,0,,0,pending,0
2261,155,1,0,-1,7,2,7,0,8,0,0,8,0,0,0,0,0,0,0,8,8,8,0.2149,0.0000,0.0000,6,0,0,0,,0,hop,1
2264,163,1,0,-1,2,0,3,1,2,0,0,2,0,0,0,0,0,0,0,2,2,2,0.0739,0.0000,0.0000,2,0,0,0,,0,hop,1
2280,10,1,0,-1,1,0,2,1,1,0,0,1,0,0,0,0,0,0,0,1,1,1,0.0369,0.0000,0.0000,1,0,0,0,,0,pending,0
2281,10,1,0,-1,1,0,2,1,1,0,0,1,0,0,0,0,0,0,0,1,1,1,0.0369,0.0000,0.0000,1,0,0,0,,0,hop,1
2290,92,1,0,-1,11,0,2,1,13,0,0,13,0,0,1,0,0,0,0,13,12,12,0.3899,0.0000,0.0000,12,0,0,0,,0,hop,1
2292,133,1,0,-1,2,0,1,1,3,0,0,3,0,0,0,0,0,0,0,3,3,3,0.0739,0.0000,0.0000,2,0,0,0,,0,pending,0
2293,133,1,0,-1,2,0,1,1,3,0,0,3,0,0,0,0,0,0,0,3,3,3,0.0739,0.0000,0.0000,2,0,0,0,,0,hop,1
2294,153,1,0,-1,11,7,9,0,12,0,0,12,0,0,0,0,0,0,0,12,12,12,0.4055,0.0000,0.0000,11,0,0,0,,0,pending,0
2295,153,1,0,-1,11,7,9,0,12,0,0,12,0,0,0,0,0,0,0,12,12,12,0.4055,0.0000,0.0000,11,0,0,0,,0,hop,1
2296,93,1,0,-1,2,0,1,1,1,0,0,1,0,0,0,1,0,0,0,1,2,2,0.0372,0.0000,0.0000,1,0,0,0,,0,pending,0
2297,93,1,0,-1,2,0,1,1,1,0,0,1,0,0,0,1,0,0,0,1,2,2,0.0372,0.0000,0.0000,1,0,0,0,,0,hop,1
2298,171,1,0,-1,1,0,4,1,4,0,0,4,0,0,0,0,0,0,0,4,4,4,0.0348,0.0000,0.0000,1,0,0,0,,0,pending,0
2299,171,1,0,-1,1,0,4,1,4,0,0,4,0,0,0,0,0,0,0,4,4,4,0.0348,0.0000,0.0000,1,0,0,0,,0,hop,1
2311,168,1,0,-1,7,3,9,0,9,0,0,9,0,0,0,0,0,0,0,9,9,9,0.2541,0.0000,0.0000,7,0,0,0,,0,pending,0
2312,168,1,0,-1,7,3,9,0,10,0,0,10,0,0,0,0,0,0,0,10,10,10,0.2540,0.0000,0.0000,7,0,0,0,,0,hop,1
2315,195,1,0,-1,5,0,3,0,7,0,0,7,0,0,0,0,0,0,0,7,7,7,0.1462,0.0000,0.0000,4,0,0,0,,0,pending,0
2316,195,1,0,-1,5,0,3,0,7,0,0,7,0,0,0,0,0,0,0,7,7,7,0.1461,0.0000,0.0000,4,0,0,0,,0,hop,1
2317,132,1,0,-1,2,0,3,1,4,0,0,4,0,0,0,0,0,0,0,4,4,4,0.0728,0.0000,0.0000,2,0,0,0,,0,pending,0
2318,132,1,0,-1,2,0,3,1,4,0,0,4,0,0,0,0,0,0,0,4,4,4,0.0729,0.0000,0.0000,2,0,0,0,,0,hop,1
2318,156,1,0,-1,0,0,2,1,0,0,0,0,0,0,0,0,0,0,0,0,0,0,0.0000,0.0000,0.0000,0,0,0,0,,0,hop,1
2331,160,1,0,-1,2,0,2,1,3,0,0,3,0,0,0,0,0,0,0,3,3,3,0.0705,0.0000,0.0000,2,0,0,0,,0,hop,1
2332,158,1,0,-1,3,0,2,1,5,0,0,5,0,0,0,0,0,0,0,5,5,5,0.1077,0.0000,0.0000,3,0,0,0,,0,pending,0
2333,128,1,0,-1,7,0,5,0,10,0,0,10,0,0,0,0,0,0,0,10,10,10,0.2571,0.0000,0.0000,7,0,0,0,,0,pending,0
2333,158,1,0,-1,3,0,2,1,5,0,0,5,0,0,0,0,0,0,0,5,5,5,0.1078,0.0000,0.0000,3,0,0,0,,0,hop,1
2334,128,1,0,-1,7,0,5,0,10,0,0,10,0,0,0,0,0,0,0,10,10,10,0.2570,0.0000,0.0000,7,0,0,0,,0,hop,1
2335,162,1,0,-1,3,0,2,1,3,0,0,3,0,0,0,0,0,0,0,3,3,3,0.0738,0.0000,0.0000,2,0,0,0,,0,pending,0
2336,162,1,0,-1,3,0,2,1,3,0,0,3,0,0,0,0,0,0,0,3,3,3,0.0738,0.0000,0.0000,2,0,0,0,,0,hop,1
2337,193,1,0,-1,1,0,1,1,1,0,0,1,0,0,0,0,0,0,0,1,1,1,0.0366,0.0000,0.0000,1,0,0,0,,0,pending,0
2338,125,1,0,-1,15,0,2,1,13,0,0,13,0,0,0,1,0,0,0,13,14,14,0.3695,0.0000,0.0000,10,0,0,0,,0,hop,1
2338,193,1,0,-1,1,0,1,1,1,0,0,1,0,0,0,0,0,0,0,1,1,1,0.0366,0.0000,0.0000,1,0,0,0,,0,hop,1
2344,91,1,0,-1,18,0,1,1,13,0,0,13,0,0,0,0,0,0,0,13,13,13,0.3325,0.0000,0.0000,9,0,0,0,,0,pending,0
2345,91,1,0,-1,18,0,1,1,13,0,0,13,0,0,0,0,0,0,0,13,13,13,0.3325,0.0000,0.0000,9,0,0,0,,0,hop,1
2367,126,1,0,-1,9,6,11,0,11,0,0,11,0,0,0,0,0,0,0,11,11,11,0.2887,0.0000,0.0000,8,0,0,0,,0,pending,0
2368,126,1,0,-1,9,6,11,0,11,0,0,11,0,0,0,0,0,0,0,11,11,11,0.2886,0.0000,0.0000,8,0,0,0,,0,hop,1
2381,192,1,0,-1,8,5,11,0,10,0,0,10,0,0,0,0,0,0,0,10,10,10,0.2879,0.0000,0.0000,8,0,0,0,,0,pending,0
2382,130,1,0,-1,4,0,11,1,8,0,0,8,0,0,0,0,0,0,0,8,8,8,0.1465,0.0000,0.0000,4,0,0,0,,0,hop,1
2382,192,1,0,-1,8,5,11,0,10,0,0,10,0,0,0,0,0,0,0,10,10,10,0.2878,0.0000,0.0000,8,0,0,0,,0,hop,1
2388,179,1,0,-1,2,0,1,1,1,0,0,1,0,0,0,1,0,0,0,1,2,2,0.0370,0.0000,0.0000,1,0,0,0,,0,hop,1
2392,155,1,0,-1,6,2,6,0,9,0,0,9,0,0,0,0,0,0,0,9,9,9,0.2188,0.0000,0.0000,6,0,0,0,,0,hop,1
2398,181,1,0,-1,1,0,2,1,3,0,0,3,0,0,0,0,0,0,0,3,3,3,0.0369,0.0000,0.0000,1,0,0,0,,0,hop,1
