tick,loop_len,n_sim,n_parked,n_other_state,diam_sim,diam_all,coverage_sim,holders,blockers,front_holder,ahead_of_front,far_ahead,pinned
120,38297,37,104,0,1554,5922,0.014,0,37,-1,0,0,0
240,38297,35,106,0,1470,5922,0.014,0,35,-1,0,0,0
360,38297,35,106,0,1470,5922,0.014,0,35,-1,0,0,0
480,38297,33,108,0,1386,5922,0.016,0,33,-1,0,0,0
600,38297,32,108,0,1344,5880,0.016,0,32,-1,0,0,0
720,38297,33,108,0,1386,5922,0.018,0,33,-1,0,0,0
840,38297,32,110,0,1344,5964,0.019,0,32,-1,0,0,0
960,38297,33,110,0,1386,6006,0.020,0,32,-1,0,0,0
1080,38297,34,110,0,1428,6048,0.021,0,33,-1,0,0,0
1200,38297,35,110,0,1470,6090,0.023,0,33,-1,0,0,0
1320,38297,35,110,0,1470,6090,0.023,0,31,-1,0,0,0
1440,38297,36,110,0,1512,6132,0.026,0,31,-1,0,0,0
1560,38297,35,111,0,1470,6132,0.025,0,31,-1,0,0,0
1680,38297,35,112,0,1470,6174,0.027,0,31,-1,0,0,0
1800,38297,34,114,0,1428,6216,0.026,0,30,-1,0,0,0
1920,38297,33,115,0,1386,6216,0.025,0,28,-1,0,0,0
2040,38297,33,116,0,1386,6258,0.027,0,27,-1,0,0,0
2160,38297,32,117,0,1344,6258,0.027,0,27,-1,0,0,0
2280,38297,32,118,0,1344,6300,0.027,0,26,-1,0,0,0
2400,38297,31,119,0,1302,6300,0.028,0,25,-1,0,0,0
