tick,id,kind,decided,front,occ,n_corr,stack_only,gap_holder_ahead
90,192,never_held,1,1,0.5315,17,0,-1.0
91,125,never_held,1,0,0.5528,15,0,-1.0
97,126,never_held,1,0,0.4802,13,0,-1.0
101,91,never_held,1,0,0.5429,15,0,-1.0
102,152,never_held,1,0,0.6111,17,0,-1.0
103,170,never_held,1,0,0.1070,3,0,-1.0
105,191,never_held,1,1,0.5963,19,0,-1.0
107,128,never_held,1,0,0.5230,15,0,-1.0
107,169,never_held,1,0,0.5706,16,0,-1.0
108,158,never_held,1,0,0.4871,14,0,-1.0
109,162,never_held,1,0,0.3599,10,0,-1.0
113,155,never_held,1,0,0.5522,15,0,-1.0
116,156,never_held,1,0,0.1770,5,0,-1.0
117,163,never_held,1,0,0.1810,5,0,-1.0
118,180,never_held,1,1,0.0000,0,0,-1.0
119,183,never_held,1,1,0.2054,6,0,-1.0
122,124,never_held,1,0,0.5886,16,0,-1.0
126,93,never_held,1,0,0.2747,8,0,-1.0
126,151,never_held,1,0,0.6156,17,0,-1.0
126,179,never_held,1,0,0.3987,11,0,-1.0
128,133,never_held,1,0,0.3814,11,0,-1.0
133,92,never_held,1,0,0.5382,15,0,-1.0
138,196,never_held,1,1,0.0722,2,0,-1.0
143,132,never_held,1,0,0.4293,13,0,-1.0
143,171,never_held,1,0,0.4343,12,0,-1.0
150,160,never_held,1,0,0.4391,12,0,-1.0
154,166,never_held,1,0,0.6377,18,0,-1.0
162,153,never_held,1,0,0.6137,17,0,-1.0
163,181,never_held,1,1,0.3202,9,0,-1.0
169,167,never_held,1,0,0.6792,19,0,-1.0
171,168,never_held,1,0,0.5627,16,0,-1.0
171,195,never_held,1,0,0.5101,15,0,-1.0
172,134,never_held,1,0,0.2110,6,0,-1.0
172,161,never_held,1,1,0.0736,2,0,-1.0
173,193,never_held,1,0,0.4909,15,0,-1.0
174,130,never_held,1,0,0.5073,15,0,-1.0
191,192,never_held,1,1,0.6129,18,0,-1.0
199,128,never_held,1,0,0.5917,17,0,-1.0
201,125,never_held,1,0,0.5775,16,0,-1.0
208,126,never_held,1,0,0.6634,18,0,-1.0
209,156,never_held,1,0,0.2119,6,0,-1.0
216,183,never_held,1,1,0.2099,6,0,-1.0
224,155,never_held,1,0,0.5490,15,0,-1.0
224,158,never_held,1,0,0.4631,13,0,-1.0
226,91,never_held,1,0,0.6274,17,0,-1.0
231,169,never_held,1,0,0.5421,15,0,-1.0
235,152,never_held,1,0,0.6242,18,0,-1.0
245,196,never_held,1,0,0.0694,2,0,-1.0
248,170,never_held,1,1,0.1097,3,0,-1.0
249,133,never_held,1,0,0.3044,9,0,-1.0
250,191,never_held,1,0,0.6548,19,0,-1.0
258,180,never_held,1,1,0.0000,0,0,-1.0
259,179,never_held,1,0,0.3270,9,0,-1.0
266,132,never_held,1,1,0.4057,11,0,-1.0
266,153,never_held,1,0,0.6479,18,0,-1.0
267,163,never_held,1,0,0.1425,4,0,-1.0
282,168,never_held,1,0,0.6447,18,0,-1.0
283,92,never_held,1,0,0.6270,17,0,-1.0
286,93,never_held,1,0,0.3046,9,0,-1.0
286,162,never_held,1,0,0.2905,8,0,-1.0
289,160,never_held,1,0,0.3600,10,0,-1.0
294,193,never_held,1,0,0.3136,9,0,-1.0
301,134,never_held,1,0,0.2140,6,0,-1.0
303,126,never_held,1,0,0.6259,17,0,-1.0
307,192,never_held,1,0,0.6231,18,0,-1.0
309,161,never_held,1,1,0.0729,2,0,-1.0
310,128,never_held,1,0,0.5974,17,0,-1.0
314,181,never_held,1,1,0.2846,8,0,-1.0
315,167,end:clear,1,0,0.6520,18,0,-1.0
315,171,never_held,1,0,0.4370,12,0,-1.0
319,130,never_held,1,0,0.5034,15,0,-1.0
321,166,never_held,1,0,0.6207,17,1,0.9
323,125,never_held,1,0,0.6633,18,0,-1.0
331,195,never_held,1,0,0.5154,15,0,-1.0
336,196,never_held,1,0,0.0670,2,0,-1.0
342,124,end:clear,1,0,0.6559,20,0,-1.0
345,91,never_held,1,0,0.6649,18,0,-1.0
353,183,never_held,1,1,0.1748,5,0,-1.0
359,156,never_held,1,1,0.1108,3,0,-1.0
359,163,never_held,1,0,0.1813,5,0,-1.0
360,153,never_held,1,0,0.6774,19,0,-1.0
360,180,never_held,1,1,0.0000,0,0,-1.0
362,158,never_held,1,0,0.4325,12,0,-1.0
366,191,never_held,1,0,0.6000,17,0,-1.0
379,169,never_held,1,0,0.5395,15,0,-1.0
384,152,never_held,1,0,0.6167,19,0,-1.0
386,160,never_held,1,0,0.4100,11,0,-1.0
389,155,never_held,1,0,0.5500,15,0,-1.0
394,133,never_held,1,0,0.3701,11,0,-1.0
403,168,never_held,1,0,0.6054,17,0,-1.0
405,170,never_held,1,1,0.0739,2,0,-1.0
408,93,never_held,1,0,0.3027,9,0,-1.0
409,132,never_held,1,0,0.4427,12,0,-1.0
420,161,never_held,1,1,0.0000,0,0,-1.0
421,179,never_held,1,0,0.3307,9,0,-1.0
430,130,never_held,1,0,0.5117,15,0,-1.0
438,192,never_held,1,0,0.5836,17,0,-1.0
441,162,never_held,1,0,0.2194,6,0,-1.0
450,92,never_held,1,0,0.6403,18,0,-1.0
452,125,never_held,1,0,0.6237,18,0,-1.0
453,128,never_held,1,0,0.5958,17,0,-1.0
455,158,never_held,1,0,0.4790,13,0,-1.0
456,126,never_held,1,0,0.6497,18,0,-1.0
457,167,end:clear,1,0,0.5884,16,0,-1.0
459,156,never_held,1,0,0.0739,2,0,-1.0
459,193,never_held,1,0,0.3897,11,0,-1.0
465,134,never_held,1,0,0.1832,5,0,-1.0
477,183,never_held,1,0,0.1460,4,0,-1.0
487,163,never_held,1,0,0.1102,3,0,-1.0
491,181,never_held,1,0,0.2863,8,0,-1.0
495,171,never_held,1,0,0.4715,13,0,-1.0
501,195,never_held,1,0,0.5120,15,0,-1.0
504,180,never_held,1,1,0.0000,0,0,-1.0
509,196,never_held,1,1,0.0369,1,0,-1.0
510,132,never_held,1,0,0.4216,13,0,-1.0
517,91,never_held,1,0,0.6211,18,0,-1.0
521,153,never_held,1,0,0.6433,18,0,-1.0
535,155,never_held,1,0,0.5477,15,0,-1.0
535,170,never_held,1,1,0.0739,2,0,-1.0
543,133,never_held,1,0,0.3416,10,0,-1.0
543,191,never_held,1,0,0.5100,14,0,-1.0
548,162,never_held,1,0,0.1830,5,0,-1.0
549,125,never_held,1,0,0.6534,19,0,-1.0
552,152,never_held,1,0,0.5541,15,0,-1.0
557,169,never_held,1,0,0.5423,15,0,-1.0
560,128,never_held,1,0,0.5859,17,0,-1.0
561,160,never_held,1,0,0.3625,10,0,-1.0
563,193,never_held,1,0,0.3185,9,0,-1.0
568,92,never_held,1,0,0.5973,17,0,-1.0
568,93,never_held,1,0,0.2069,6,0,-1.0
572,168,never_held,1,0,0.6457,18,0,-1.0
576,183,never_held,1,0,0.1052,3,0,-1.0
579,161,never_held,1,1,0.0000,0,0,-1.0
581,130,never_held,1,0,0.5162,15,0,-1.0
590,156,never_held,1,1,0.1077,3,0,-1.0
590,179,never_held,1,0,0.2542,7,0,-1.0
603,192,never_held,1,0,0.5951,17,0,-1.0
606,158,never_held,1,0,0.4018,11,0,-1.0
612,132,never_held,1,0,0.3974,12,0,-1.0
626,155,never_held,1,0,0.5112,14,0,-1.0
627,170,never_held,1,0,0.0671,2,0,-1.0
628,134,never_held,1,0,0.1454,4,0,-1.0
630,126,never_held,1,0,0.6327,18,0,-1.0
632,167,end:clear,1,0,0.5887,16,0,-1.0
635,163,never_held,1,1,0.1476,4,0,-1.0
648,181,never_held,1,0,0.2150,6,0,-1.0
649,191,never_held,1,0,0.4740,13,0,-1.0
651,133,never_held,1,0,0.3152,9,0,-1.0
652,125,never_held,1,0,0.6456,19,0,-1.0
653,195,never_held,1,0,0.4826,14,0,-1.0
658,153,never_held,1,0,0.6055,17,0,-1.0
660,171,never_held,1,0,0.3994,11,0,-1.0
661,91,never_held,1,0,0.5471,16,0,-1.0
671,193,never_held,1,0,0.2852,8,0,-1.0
678,128,never_held,1,0,0.5116,15,0,-1.0
678,162,never_held,1,0,0.1476,4,0,-1.0
685,92,never_held,1,0,0.5897,17,0,-1.0
687,160,never_held,1,0,0.3298,9,0,-1.0
700,183,never_held,1,1,0.0731,2,0,-1.0
701,196,never_held,1,1,0.0370,1,0,-1.0
702,93,never_held,1,0,0.2416,7,0,-1.0
703,169,never_held,1,0,0.4733,13,0,-1.0
711,152,never_held,1,0,0.5171,14,0,-1.0
719,155,never_held,1,0,0.5110,14,0,-1.0
726,179,never_held,1,0,0.2889,8,0,-1.0
730,168,never_held,1,0,0.5489,15,0,-1.0
735,130,never_held,1,0,0.4425,12,0,-1.0
736,167,end:clear,1,0,0.5902,16,0,-1.0
737,156,never_held,1,0,0.0739,2,0,-1.0
743,158,never_held,1,0,0.4456,12,0,-1.0
744,134,never_held,1,0,0.1411,4,0,-1.0
747,163,never_held,1,0,0.0988,3,0,-1.0
750,125,never_held,1,0,0.6465,19,0,-1.0
756,161,never_held,1,1,0.0000,0,0,-1.0
757,132,never_held,1,0,0.4153,12,0,-1.0
766,91,never_held,1,0,0.6884,20,0,-1.0
768,195,never_held,1,0,0.5342,15,0,-1.0
772,1,join,1,1,0.0000,0,0,-1.0
775,192,never_held,1,0,0.6141,17,0,-1.0
776,126,never_held,1,0,0.5886,17,0,-1.0
776,191,never_held,1,0,0.5106,14,0,-1.0
784,170,never_held,1,1,0.0369,1,0,-1.0
791,183,never_held,1,1,0.0739,2,0,-1.0
792,181,never_held,1,0,0.2166,6,0,-1.0
797,153,never_held,1,0,0.6457,18,0,-1.0
798,133,never_held,1,0,0.2835,8,0,-1.0
805,160,never_held,1,0,0.3274,9,0,-1.0
810,169,never_held,1,0,0.4660,13,0,-1.0
812,196,never_held,1,1,0.0000,0,0,-1.0
816,93,never_held,1,0,0.1746,5,0,-1.0
823,171,never_held,1,0,0.4025,11,0,-1.0
832,128,never_held,1,0,0.5714,17,0,-1.0
838,162,never_held,1,0,0.1066,3,0,-1.0
847,193,never_held,1,0,0.2862,8,0,-1.0
851,130,never_held,1,0,0.4741,13,0,-1.0
853,179,never_held,1,0,0.2199,6,0,-1.0
854,92,never_held,1,0,0.6610,19,0,-1.0
866,125,never_held,1,0,0.5879,16,0,-1.0
871,91,never_held,1,0,0.6066,18,0,-1.0
876,126,never_held,1,0,0.5861,17,0,-1.0
876,134,never_held,1,0,0.1017,3,0,-1.0
881,195,never_held,1,0,0.5358,15,0,-1.0
889,183,never_held,1,0,0.0698,2,0,-1.0
892,168,never_held,1,0,0.5429,15,0,-1.0
895,155,never_held,1,0,0.5298,15,0,-1.0
895,158,never_held,1,0,0.4456,12,0,-1.0
898,2,join,1,1,0.0368,1,0,-1.0
900,132,never_held,1,0,0.3874,11,0,-1.0
902,133,never_held,1,0,0.2957,8,0,-1.0
903,169,never_held,1,0,0.4704,13,0,-1.0
914,167,end:clear,1,0,0.5172,14,0,-1.0
915,156,never_held,1,1,0.0739,2,0,-1.0
920,161,never_held,1,1,0.0000,0,0,-1.0
920,171,never_held,1,0,0.4016,11,0,-1.0
922,163,never_held,1,1,0.0739,2,0,-1.0
932,93,never_held,1,0,0.1803,5,0,-1.0
939,1,join,1,1,0.0000,0,0,-1.0
944,192,never_held,1,0,0.5799,16,0,-1.0
947,170,never_held,1,1,0.0341,1,0,-1.0
949,130,never_held,1,0,0.4031,11,0,-1.0
953,160,never_held,1,0,0.2530,7,0,-1.0
954,153,never_held,1,0,0.5742,16,0,-1.0
955,196,never_held,1,1,0.0000,0,0,-1.0
958,181,never_held,1,0,0.1800,5,0,-1.0
962,193,never_held,1,0,0.2506,7,0,-1.0
969,91,never_held,1,0,0.5961,18,0,-1.0
973,128,never_held,1,0,0.5708,17,0,-1.0
973,162,never_held,1,0,0.1090,3,0,-1.0
979,92,never_held,1,0,0.6447,19,0,-1.0
989,179,never_held,1,0,0.1816,5,0,-1.0
999,133,never_held,1,0,0.2476,7,0,-1.0
1003,125,never_held,1,0,0.6471,19,0,-1.0
1004,168,never_held,1,0,0.5504,15,0,-1.0
1011,3,join,1,1,0.0369,1,0,-1.0
1017,169,never_held,1,0,0.4339,12,0,-1.0
1019,155,never_held,1,0,0.5019,14,0,-1.0
1020,132,never_held,1,0,0.3124,9,0,-1.0
1021,161,never_held,1,1,0.0000,0,0,-1.0
1025,158,never_held,1,0,0.3690,10,0,-1.0
1031,167,held_before,1,0,0.5172,14,0,-1.0
1034,163,never_held,1,0,0.0663,2,0,-1.0
1037,126,never_held,1,0,0.6303,18,0,-1.0
1039,134,never_held,1,1,0.1006,3,0,-1.0
1041,195,never_held,1,0,0.5039,14,0,-1.0
1044,192,never_held,1,0,0.6169,17,0,-1.0
1049,153,never_held,1,0,0.6108,17,0,-1.0
1058,160,never_held,1,0,0.2886,8,0,-1.0
1067,183,never_held,1,1,0.0369,1,0,-1.0
1071,91,never_held,1,0,0.6402,19,0,-1.0
1075,2,join,1,1,0.0000,0,0,-1.0
1075,170,never_held,1,1,0.0357,1,0,-1.0
1080,156,never_held,1,1,0.0324,1,0,-1.0
1091,93,never_held,1,0,0.1410,4,0,-1.0
1091,171,never_held,1,0,0.3664,10,0,-1.0
1105,162,never_held,1,1,0.0720,2,0,-1.0
1111,181,never_held,1,1,0.1444,4,0,-1.0
1112,4,join,1,1,0.0369,1,0,-1.0
1115,130,never_held,1,0,0.4007,11,0,-1.0
1116,161,never_held,1,1,0.0369,1,0,-1.0
1119,193,never_held,1,0,0.2504,7,0,-1.0
1124,155,never_held,1,0,0.4676,13,0,-1.0
1127,169,never_held,1,0,0.4008,11,0,-1.0
1134,126,never_held,1,0,0.5301,15,0,-1.0
1135,196,never_held,1,1,0.0000,0,0,-1.0
1137,92,never_held,1,0,0.6017,17,0,-1.0
1141,167,held_before,1,0,0.5542,15,0,-1.0
1148,128,never_held,1,0,0.5141,15,0,-1.0
1148,134,never_held,1,1,0.0694,2,0,-1.0
1148,153,never_held,1,0,0.6108,17,0,-1.0
1154,179,never_held,1,0,0.1779,5,0,-1.0
1159,160,never_held,1,0,0.2875,8,0,-1.0
1162,125,never_held,1,0,0.6342,18,0,-1.0
1171,168,never_held,1,0,0.5139,14,0,-1.0
1175,133,never_held,1,0,0.2493,7,0,-1.0
1180,158,never_held,1,0,0.3666,10,0,-1.0
1184,3,join,1,1,0.0000,0,0,-1.0
1188,195,never_held,1,0,0.4682,13,0,-1.0
1189,91,never_held,1,0,0.6126,18,0,-1.0
1191,163,never_held,1,1,0.0739,2,0,-1.0
1192,192,never_held,1,0,0.5447,15,0,-1.0
1198,132,never_held,1,0,0.3144,9,0,-1.0
1216,170,never_held,1,1,0.0369,1,0,-1.0
1216,183,never_held,1,1,0.0344,1,0,-1.0
1230,93,never_held,1,0,0.1083,3,0,-1.0
1238,161,never_held,1,1,0.0738,2,0,-1.0
1245,171,never_held,1,0,0.3299,9,0,-1.0
1246,181,never_held,1,0,0.0742,2,0,-1.0
1247,156,never_held,1,1,0.0370,1,0,-1.0
1248,162,never_held,1,0,0.1018,3,0,-1.0
1249,179,never_held,1,0,0.1431,4,0,-1.0
1259,193,never_held,1,0,0.2146,6,0,-1.0
1260,4,join,1,1,0.0000,0,0,-1.0
1265,167,held_before,1,0,0.5542,15,0,-1.0
1266,126,never_held,1,0,0.5676,16,0,-1.0
1266,169,never_held,1,0,0.4359,12,0,-1.0
1276,168,never_held,1,0,0.5106,14,0,-1.0
1277,134,never_held,1,1,0.0350,1,0,-1.0
1278,130,never_held,1,0,0.4041,11,0,-1.0
1285,158,never_held,1,0,0.3675,10,0,-1.0
1287,196,never_held,1,1,0.0000,0,0,-1.0
1291,92,never_held,1,0,0.6054,17,0,-1.0
1295,195,never_held,1,0,0.4679,13,0,-1.0
1296,5,join,1,1,0.0369,1,0,-1.0
1298,155,never_held,1,0,0.4731,13,0,-1.0
1300,128,never_held,1,0,0.5514,16,0,-1.0
1309,192,never_held,1,0,0.5442,15,0,-1.0
1318,153,never_held,1,0,0.6470,18,0,-1.0
1319,160,never_held,1,0,0.2169,6,0,-1.0
1322,93,never_held,1,0,0.1088,3,0,-1.0
1325,125,never_held,1,0,0.5885,17,0,-1.0
1336,91,never_held,1,0,0.6057,18,0,-1.0
1336,163,never_held,1,1,0.0675,2,0,-1.0
1338,170,never_held,1,1,0.0369,1,0,-1.0
1343,133,never_held,1,0,0.1825,5,0,-1.0
1347,181,never_held,1,0,0.0665,2,0,-1.0
1348,179,never_held,1,0,0.1471,4,0,-1.0
1350,162,never_held,1,1,0.0362,1,0,-1.0
1351,183,never_held,1,1,0.0000,0,0,-1.0
1353,132,never_held,1,0,0.2870,8,0,-1.0
1361,193,never_held,1,1,0.2139,6,0,-1.0
1362,169,never_held,1,0,0.3656,10,0,-1.0
1367,167,held_before,1,0,0.5173,14,0,-1.0
1371,156,never_held,1,1,0.0349,1,0,-1.0
1373,134,never_held,1,1,0.0657,2,0,-1.0
1394,5,join,1,1,0.0000,0,0,-1.0
1394,161,never_held,1,1,0.0359,1,0,-1.0
1401,126,never_held,1,0,0.4835,14,0,-1.0
1405,130,never_held,1,0,0.3318,9,0,-1.0
1408,171,never_held,1,0,0.2819,8,0,-1.0
1418,153,never_held,1,0,0.5018,14,0,-1.0
1418,196,never_held,1,1,0.0369,1,0,-1.0
1425,155,never_held,1,0,0.4302,12,0,-1.0
1425,168,never_held,1,0,0.4323,12,0,-1.0
1429,91,never_held,1,0,0.5190,16,0,-1.0
1431,195,never_held,1,0,0.4308,12,0,-1.0
1436,192,never_held,1,0,0.5088,14,0,-1.0
1447,160,never_held,1,0,0.2173,6,0,-1.0
1448,158,never_held,1,0,0.2973,8,0,-1.0
1458,169,never_held,1,0,0.3703,10,0,-1.0
1462,92,never_held,1,0,0.5458,16,0,-1.0
1462,128,never_held,1,0,0.5070,15,0,-1.0
1466,156,never_held,1,1,0.0369,1,0,-1.0
1468,162,never_held,1,1,0.0658,2,0,-1.0
1470,179,never_held,1,0,0.1405,4,0,-1.0
1470,181,never_held,1,1,0.0336,1,0,-1.0
1475,125,never_held,1,0,0.5797,17,0,-1.0
1475,133,never_held,1,0,0.1441,4,0,-1.0
1480,163,never_held,1,1,0.0000,0,0,-1.0
1485,183,never_held,1,1,0.0369,1,0,-1.0
1491,93,never_held,1,0,0.1103,3,0,-1.0
1505,170,never_held,1,1,0.0739,2,0,-1.0
1516,132,never_held,1,0,0.2156,6,0,-1.0
1518,134,never_held,1,1,0.0334,1,0,-1.0
1526,153,never_held,1,0,0.5031,14,0,-1.0
1526,155,never_held,1,0,0.4034,11,0,-1.0
1534,167,held_before,1,0,0.4803,13,0,-1.0
1535,130,never_held,1,0,0.2946,8,0,-1.0
1541,193,never_held,1,1,0.1066,3,0,-1.0
1551,171,never_held,1,0,0.2121,6,0,-1.0
1555,196,never_held,1,0,0.0738,2,0,-1.0
1559,161,never_held,1,1,0.0000,0,0,-1.0
1561,92,never_held,1,0,0.5443,16,0,-1.0
1562,162,never_held,1,1,0.0658,2,0,-1.0
1565,181,never_held,1,1,0.0703,2,0,-1.0
1566,91,never_held,1,0,0.5208,16,0,-1.0
1570,126,never_held,1,0,0.4860,14,0,-1.0
1572,192,never_held,1,0,0.5069,14,0,-1.0
1573,168,never_held,1,0,0.4304,12,0,-1.0
1583,6,join,1,1,0.0369,1,0,-1.0
1596,158,never_held,1,0,0.2597,7,0,-1.0
1596,195,never_held,1,0,0.3950,11,0,-1.0
1602,183,never_held,1,1,0.0000,0,0,-1.0
1608,128,never_held,1,0,0.4750,14,0,-1.0
1617,160,never_held,1,0,0.1464,4,0,-1.0
1620,156,never_held,1,1,0.0369,1,0,-1.0
1622,93,never_held,1,0,0.0365,1,0,-1.0
1629,153,never_held,1,0,0.5399,15,0,-1.0
1635,169,never_held,1,0,0.3296,9,0,-1.0
1636,133,never_held,1,0,0.1108,3,0,-1.0
1643,179,never_held,1,1,0.0736,2,0,-1.0
1646,132,never_held,1,0,0.2216,6,0,-1.0
1647,125,never_held,1,0,0.5154,14,0,-1.0
1650,196,never_held,1,1,0.0364,1,0,-1.0
1652,163,never_held,1,1,0.0000,0,0,-1.0
1655,130,never_held,1,0,0.2916,8,0,-1.0
1656,134,never_held,1,1,0.0682,2,0,-1.0
1662,91,never_held,1,0,0.5173,14,0,-1.0
1662,167,held_before,1,0,0.4803,13,0,-1.0
1665,155,never_held,1,0,0.3641,10,0,-1.0
1667,162,never_held,1,1,0.0363,1,0,-1.0
1674,170,never_held,1,1,0.0737,2,0,-1.0
1674,171,never_held,1,0,0.2132,6,0,-1.0
1683,92,never_held,1,0,0.5019,15,0,-1.0
1685,6,join,1,1,0.0000,0,0,-1.0
1686,192,never_held,1,0,0.4666,13,0,-1.0
1688,193,never_held,1,1,0.0369,1,0,-1.0
1690,168,never_held,1,0,0.4061,11,0,-1.0
1700,158,never_held,1,0,0.2602,7,0,-1.0
1711,183,never_held,1,1,0.0000,0,0,-1.0
1730,181,never_held,1,1,0.0331,1,0,-1.0
1735,93,never_held,1,1,0.0734,2,0,-1.0
1744,153,never_held,1,0,0.5139,14,0,-1.0
1746,126,never_held,1,0,0.4293,12,0,-1.0
1746,163,never_held,1,1,0.0369,1,0,-1.0
1749,130,never_held,1,0,0.2552,7,0,-1.0
1755,128,never_held,1,0,0.3584,10,0,-1.0
1755,195,never_held,1,0,0.2889,8,0,-1.0
1759,7,join,1,1,0.0369,1,0,-1.0
1761,134,never_held,1,1,0.0327,1,0,-1.0
1762,156,never_held,1,1,0.0369,1,0,-1.0
1768,170,never_held,1,1,0.0702,2,0,-1.0
1777,92,never_held,1,0,0.4702,14,0,-1.0
1778,196,never_held,1,1,0.0000,0,0,-1.0
1783,160,never_held,1,0,0.1435,4,0,-1.0
1783,179,never_held,1,0,0.1016,3,0,-1.0
1786,169,never_held,1,0,0.2587,7,0,-1.0
1792,158,never_held,1,0,0.2234,6,0,-1.0
1800,133,never_held,1,1,0.1108,3,0,-1.0
1806,183,never_held,1,1,0.0738,2,0,-1.0
1809,132,never_held,1,0,0.1823,5,0,-1.0
1810,155,never_held,1,0,0.2955,8,0,-1.0
1810,162,never_held,1,1,0.0369,1,0,-1.0
1815,168,never_held,1,0,0.3327,9,0,-1.0
1822,125,never_held,1,0,0.5175,14,0,-1.0
1828,91,never_held,1,0,0.4433,12,0,-1.0
1832,181,never_held,1,1,0.0370,1,0,-1.0
1848,171,never_held,1,0,0.2148,6,0,-1.0
1850,192,never_held,1,0,0.3640,10,0,-1.0
1852,163,never_held,1,1,0.0369,1,0,-1.0
1859,7,join,1,1,0.0388,1,0,-1.0
1863,193,never_held,1,1,0.0000,0,0,-1.0
1865,134,never_held,1,1,0.0369,1,0,-1.0
1876,126,never_held,1,0,0.3896,11,0,-1.0
1879,169,never_held,1,0,0.2580,7,0,-1.0
1880,153,never_held,1,0,0.4775,13,0,-1.0
1884,8,join,1,1,0.0739,2,0,-1.0
1902,133,never_held,1,0,0.0651,2,0,-1.0
1904,195,never_held,1,0,0.3257,9,0,-1.0
1909,93,never_held,1,1,0.0342,1,0,-1.0
1910,158,never_held,1,0,0.2168,6,0,-1.0
1918,128,never_held,1,0,0.3678,10,0,-1.0
1920,162,never_held,1,1,0.0739,2,0,-1.0
1920,170,never_held,1,1,0.0000,0,0,-1.0
1928,92,never_held,1,0,0.4232,13,0,-1.0
1928,130,never_held,1,0,0.2203,6,0,-1.0
1931,156,never_held,1,1,0.0369,1,0,-1.0
1933,179,never_held,1,1,0.0739,2,0,-1.0
1937,160,never_held,1,1,0.0741,2,0,-1.0
1947,155,never_held,1,0,0.2935,8,0,-1.0
1949,91,never_held,1,0,0.4064,11,0,-1.0
1968,168,never_held,1,0,0.3296,9,0,-1.0
1976,192,never_held,1,0,0.3941,11,0,-1.0
1978,169,never_held,1,0,0.2212,6,0,-1.0
1980,132,never_held,1,0,0.1109,3,0,-1.0
1982,8,join,1,1,0.0000,0,0,-1.0
1982,183,never_held,1,1,0.0365,1,0,-1.0
1989,193,never_held,1,1,0.0349,1,0,-1.0
1995,125,never_held,1,0,0.4064,11,0,-1.0
2002,163,never_held,1,1,0.0723,2,0,-1.0
2003,134,never_held,1,1,0.0739,2,0,-1.0
2004,93,never_held,1,1,0.0693,2,0,-1.0
2012,181,never_held,1,1,0.0000,0,0,-1.0
2021,126,never_held,1,0,0.3928,11,0,-1.0
2026,156,never_held,1,1,0.0725,2,0,-1.0
2027,128,never_held,1,0,0.3680,10,0,-1.0
2027,171,never_held,1,1,0.0735,2,0,-1.0
2031,153,never_held,1,0,0.4765,13,0,-1.0
2032,195,never_held,1,0,0.2873,8,0,-1.0
2038,92,never_held,1,0,0.4281,13,0,-1.0
2047,155,never_held,1,0,0.2954,8,0,-1.0
2052,158,never_held,1,0,0.1469,4,0,-1.0
2063,133,never_held,1,1,0.0370,1,0,-1.0
2065,91,never_held,1,0,0.3694,10,0,-1.0
2087,192,never_held,1,0,0.3542,10,0,-1.0
2094,132,never_held,1,0,0.1079,3,0,-1.0
2094,163,never_held,1,1,0.1107,3,0,-1.0
2097,130,never_held,1,0,0.1476,4,0,-1.0
2097,179,never_held,1,1,0.0663,2,0,-1.0
2098,162,never_held,1,1,0.0736,2,0,-1.0
2099,9,join,1,1,0.0369,1,0,-1.0
2100,160,never_held,1,1,0.0996,3,0,-1.0
2103,181,never_held,1,1,0.0000,0,0,-1.0
2118,93,never_held,1,1,0.0746,2,0,-1.0
2123,134,never_held,1,1,0.0737,2,0,-1.0
2124,169,never_held,1,0,0.1856,5,0,-1.0
2126,171,never_held,1,0,0.0716,2,0,-1.0
2143,155,never_held,1,0,0.2531,7,0,-1.0
2144,183,never_held,1,1,0.0000,0,0,-1.0
2145,153,never_held,1,0,0.3860,11,0,-1.0
2146,168,never_held,1,0,0.2915,8,0,-1.0
2150,195,never_held,1,0,0.2529,7,0,-1.0
2161,126,never_held,1,0,0.3923,11,0,-1.0
2165,91,never_held,1,0,0.3694,10,0,-1.0
2167,193,never_held,1,1,0.0336,1,0,-1.0
2168,156,never_held,1,1,0.0736,2,0,-1.0
2170,125,never_held,1,0,0.4065,11,0,-1.0
2171,133,never_held,1,1,0.0686,2,0,-1.0
2174,92,never_held,1,0,0.3934,12,0,-1.0
2195,9,join,1,1,0.0000,0,0,-1.0
2201,128,never_held,1,0,0.3311,9,0,-1.0
2204,130,never_held,1,0,0.1445,4,0,-1.0
2205,158,never_held,1,0,0.1072,3,0,-1.0
2220,132,never_held,1,0,0.0730,2,0,-1.0
2220,192,never_held,1,0,0.3592,10,0,-1.0
2222,179,never_held,1,0,0.0370,1,0,-1.0
2223,169,never_held,1,0,0.2151,6,0,-1.0
2226,181,never_held,1,1,0.0000,0,0,-1.0
2235,162,never_held,1,0,0.1108,3,0,-1.0
2237,160,never_held,1,1,0.0364,1,0,-1.0
2244,134,never_held,1,1,0.1478,4,0,-1.0
2254,126,never_held,1,0,0.3681,10,0,-1.0
2261,155,never_held,1,0,0.2149,6,0,-1.0
2264,163,never_held,1,1,0.0739,2,0,-1.0
2281,10,join,1,1,0.0369,1,0,-1.0
2290,92,never_held,1,1,0.3899,12,0,-1.0
2293,133,never_held,1,1,0.0739,2,0,-1.0
2295,153,never_held,1,0,0.4055,11,0,-1.0
2297,93,never_held,1,1,0.0372,1,0,-1.0
2299,171,never_held,1,1,0.0348,1,0,-1.0
2312,168,never_held,1,0,0.2540,7,0,-1.0
2316,195,never_held,1,0,0.1461,4,0,-1.0
2318,132,never_held,1,1,0.0729,2,0,-1.0
2318,156,never_held,1,1,0.0000,0,0,-1.0
2331,160,never_held,1,1,0.0705,2,0,-1.0
2333,158,never_held,1,1,0.1078,3,0,-1.0
2334,128,never_held,1,0,0.2570,7,0,-1.0
2336,162,never_held,1,1,0.0738,2,0,-1.0
2338,125,never_held,1,0,0.3695,10,0,-1.0
2338,193,never_held,1,1,0.0366,1,0,-1.0
2345,91,never_held,1,1,0.3325,9,0,-1.0
2368,126,never_held,1,0,0.2886,8,0,-1.0
2382,130,never_held,1,1,0.1465,4,0,-1.0
2382,192,never_held,1,0,0.2878,8,0,-1.0
2388,179,never_held,1,1,0.0370,1,0,-1.0
2392,155,never_held,1,0,0.2188,6,0,-1.0
2398,181,never_held,1,1,0.0369,1,0,-1.0
