tick,id,dist,cause,resting,front,began,resp
360,25,17067.8,holder,0,0,315,28;29;87;88;89;132
360,28,17213.7,holder,0,0,315,90;132
360,29,17263.7,holder,0,0,315,132
360,62,17235.2,holder,0,0,358,132
360,83,16935.1,holder,0,0,332,25;28;85;87;88
360,85,17013.7,holder,0,0,330,25;28;29;87;88
360,87,17118.6,holder,0,0,315,28;29;88;89;90;132
360,88,17163.7,holder,0,0,315,29;90;132
360,89,17213.7,holder,0,0,315,29;90;132
360,90,17263.7,holder,0,0,315,132
360,108,17413.6,crowd,0,0,319,
360,132,17363.6,crowd,0,0,314,
360,138,17213.6,holder,1,0,315,132
360,177,17165.7,holder,0,1,353,29;89;90;132
360,180,17216.9,holder,0,1,315,90;132;181
360,181,17263.6,holder,1,1,315,108;132
480,10,16335.2,holder,0,0,455,12;47;76;170
480,12,16417.0,holder,0,0,415,14;15;47;49;76;130;169;170
480,14,16518.8,holder,0,0,456,49;51;170
480,15,16577.2,holder,0,0,458,17;19;51
480,17,16723.3,holder,0,0,448,21;54;56;58;83;84;85
480,19,16794.3,holder,0,0,373,25;56;58;83;84;85;86
480,21,16871.4,holder,0,0,373,25;56;58;83;84;85;86
480,25,17067.8,holder,0,0,315,62;63
480,44,16335.5,holder,0,0,418,12;14;15;47;76;130;170
480,47,16471.2,holder,0,0,429,49;51;170
480,49,16613.5,holder,0,0,419,17;19;21;51
480,51,16690.4,holder,0,0,408,19;21;56
480,54,16833.7,holder,0,0,473,25;56;58;83;84;85;86
480,56,16926.6,holder,0,0,453,25;58;84;85;86
480,58,17036.7,holder,0,0,446,26;86;87
480,62,17235.2,holder,0,0,468,92
480,63,17275.6,holder,0,0,468,92
480,76,16563.6,holder,0,0,441,15;17;19;49;51
480,83,16936.9,holder,0,0,332,25;58;85;86
480,84,16971.5,holder,0,0,450,25;58;86
480,85,17013.7,holder,0,0,330,25;62;86
480,86,17087.1,holder,0,0,420,62;63;92
480,92,17363.6,holder,0,0,465,109
480,107,17378.6,holder,0,0,469,109
480,109,17477.6,crowd,0,0,456,
480,127,16820.4,holder,1,1,415,56;83;84;85
480,128,16932.8,holder,1,1,406,25;58;85;86
480,130,16568.3,holder,0,0,460,17;19;51
480,131,17032.7,holder,0,1,457,86;135
480,163,16719.7,holder,0,0,465,19;21;56;127
480,165,16816.9,holder,1,0,373,83;84;85
480,167,16928.2,holder,0,0,428,25;58;85;86;131
480,169,16522.0,holder,0,0,439,15;17;49;51;130
480,170,16563.6,holder,0,0,363,15;17;19;49;51
600,10,16335.2,holder,0,0,455,12;13;14;15;47;76;130;169;170;200
600,11,16376.7,holder,0,0,487,13;14;15;47;49;76;130;169;170;200
600,12,16417.0,holder,0,0,415,14;15;47;49;76;130;169;170;200
600,13,16467.1,holder,0,0,566,15;49;51;76;77;130;169;170;200
600,14,16518.8,holder,0,0,456,15;49;51;77;130;170;200
600,15,16577.2,holder,0,0,458,17;19;51;77;79
600,17,16727.9,holder,0,0,448,21;23;54;56;57;58;83;84;85
600,19,16797.5,holder,0,0,373,23;25;56;57;58;83;84;85;86
600,21,16871.4,holder,0,0,373,23;25;57;58;83;84;85;86;87
600,23,17004.3,holder,0,0,568,62;63;86;88;89;90
600,25,17067.8,holder,0,0,315,29;62;63;87;88;89;90;107;132
600,29,17263.7,holder,0,0,592,32;65;66;92;107;108;109;132
600,32,17427.4,holder,0,0,569,109
600,44,16335.5,holder,0,0,418,12;13;14;15;47;76;130;169;170
600,47,16471.2,holder,0,0,429,15;17;49;51;77;130;170;200
600,49,16615.9,holder,0,0,419,17;19;21;51;54;79
600,51,16692.7,holder,0,0,408,19;21;54;56
600,54,16836.7,holder,0,0,473,23;25;56;57;58;83;84;85;86
600,56,16926.6,holder,1,0,453,23;25;57;58;84;85;86;87;88
600,57,16963.7,holder,1,0,484,25;58;86;88;89
600,58,17036.7,holder,0,0,446,29;62;63;86;87;88;89
600,62,17235.2,holder,0,0,468,32;65;66;91;92;107;132
600,63,17275.6,holder,0,0,468,32;66;92;107;108
600,65,17373.0,holder,0,0,573,32;109
600,66,17413.7,holder,0,0,523,109
600,76,16563.6,holder,0,0,441,17;19;49;51;77;79;200
600,77,16648.7,holder,0,0,562,17;19;21;54;56;79
600,79,16727.5,holder,0,0,482,19;21;54;56;57;84
600,83,16938.3,holder,1,0,332,23;25;58;85;86;87;88
600,84,16971.5,holder,1,0,450,25;58;62;86;87;88
600,85,17013.7,holder,0,0,330,25;29;62;86;87;88
600,86,17087.8,holder,0,0,420,29;62;63;88;89;90;132
600,87,17131.4,holder,0,0,580,62;63;65;88;89;90;91;92;132
600,88,17171.1,holder,0,0,554,62;63;66;90;92;132
600,89,17213.7,holder,0,0,552,32;63;65;66;91;92;107;132
600,90,17263.7,holder,0,0,516,32;65;66;92;107;108;132
600,91,17313.6,holder,0,0,559,66;92;107;108
600,92,17363.6,holder,0,0,465,32;109
600,107,17378.6,holder,0,0,469,32;66;109
600,108,17413.6,holder,0,0,530,32;109
600,109,17477.6,crowd,0,0,456,
600,115,16075.7,holder,0,0,518,10;11;44
600,117,16163.8,holder,0,0,540,10;11;12;13;14;44;118
600,118,16257.1,holder,0,0,495,12;13;14;15;44;47;76
600,127,16820.4,holder,1,1,415,23;54;56;57;83;84;85
600,128,16932.8,holder,1,1,406,23;25;58;85;86
600,130,16573.3,holder,0,0,460,17;19;51;79
600,131,17032.7,holder,1,1,457,62;86;87;88;89
600,132,17363.6,holder,0,0,513,32;65;66;92;108
600,138,17222.0,holder,0,0,549,63;66;90;92;107;108;132
600,145,15994.9,holder,0,0,592,115
600,161,16649.1,holder,1,0,562,17;19;21;51;54;56;79
600,163,16719.7,holder,1,0,465,19;21;54;56;79
600,165,16816.9,holder,1,0,373,23;56;57;83;84;85
600,167,16928.2,holder,0,0,428,23;25;58;83;84;85;86
600,169,16522.0,both,0,0,439,15;17;49;51;77;130;200
600,170,16563.6,holder,0,0,363,15;17;19;49;51;77;79
600,171,17028.1,holder,1,0,486,29;62;86;87;88;89
600,174,17413.9,holder,0,1,589,32;66;109
600,189,16014.7,holder,0,0,582,115
600,200,16613.9,holder,0,0,509,17;19;49;51;79
720,3,15985.8,holder,0,0,701,5;6;7
720,4,16041.7,holder,1,0,634,6;7;9;10;44
720,5,16097.8,holder,1,0,632,7;9;10;11;12;44
720,6,16159.5,holder,1,0,631,9;10;11;12;13;44
720,7,16201.9,holder,1,0,635,9;10;11;12;13;44;47
720,9,16294.4,holder,1,0,650,11;12;13;14;44;47;76;169
720,10,16335.2,holder,1,0,455,12;13;14;15;47;76;130;169;170;200
720,11,16376.7,holder,1,0,487,13;14;15;47;49;76;130;169;170;200
720,12,16417.0,holder,0,0,415,14;15;47;49;76;130;169;170;200
720,13,16467.1,holder,0,0,566,15;49;51;76;77;130;169;170;200
720,14,16518.8,holder,0,0,456,15;49;51;77;130;169;170;200
720,15,16577.2,holder,0,0,458,17;19;51;77;79
720,17,16729.7,holder,0,0,448,21;23;54;56;57;58;83;84;85
720,19,16798.9,holder,0,0,373,23;25;56;57;58;83;84;85;86
720,21,16871.4,holder,0,0,373,23;25;26;57;58;83;84;85;86;87
720,23,17004.3,holder,0,0,568,26;28;29;62;63;86;87;88;89;90
720,25,17067.8,holder,0,0,315,28;29;31;62;63;87;88;89;90;107;132
720,26,17133.3,holder,1,0,668,29;31;32;62;63;65;66;89;90;91;92;107;108;132
720,28,17213.7,both,0,0,612,31;32;63;65;66;91;92;107;108;109;132
720,29,17263.7,holder,0,0,592,32;65;66;92;107;108;109;132
720,31,17363.6,holder,0,0,651,32;66;108;109
720,32,17427.4,holder,0,0,569,109
720,44,16335.5,holder,0,0,418,13;14;15;47;76;130;169;170
720,47,16471.2,both,0,0,429,15;17;49;51;77;130;170;200
720,49,16618.7,holder,0,0,419,17;19;21;51;54;79
720,51,16693.4,holder,0,0,408,19;21;54;56;84
720,54,16837.3,holder,0,0,473,23;25;26;56;57;58;83;84;85;86
720,56,16926.6,holder,0,0,453,23;25;26;58;84;85;86;87;88
720,57,16963.7,holder,0,0,484,25;26;28;58;85;86;87;88;89
720,58,17036.7,holder,0,0,446,26;28;29;62;63;86;87;88;89
720,62,17235.2,holder,0,0,468,31;32;65;66;92;107;132
720,63,17275.6,holder,0,0,468,31;32;65;66;92;107;108
720,65,17373.0,holder,0,0,573,32;109
720,66,17413.7,holder,0,0,523,109
720,72,15758.2,holder,0,0,697,4
720,76,16563.6,holder,0,0,441,17;19;49;51;77;79;130;200
720,77,16648.7,holder,0,0,562,17;19;21;54;56;79
720,79,16729.2,holder,0,0,482,19;21;54;56;57;84
720,83,16938.6,holder,0,0,332,23;25;26;28;58;85;86;87;88
720,84,16971.5,holder,0,0,450,25;26;28;58;62;86;87;88
720,85,17013.7,holder,0,0,330,25;26;28;29;62;86;87;88
720,86,17087.8,holder,0,0,420,28;29;31;62;63;88;89;90;132
720,87,17131.4,holder,0,0,580,28;29;31;62;63;65;88;89;90;91;92;132
720,88,17171.1,holder,0,0,554,29;31;62;63;65;66;90;91;92;132
720,89,17213.7,both,0,0,552,29;31;32;63;65;66;91;92;107;132
720,90,17263.7,both,0,0,516,31;32;65;66;92;107;108;132;143
720,91,17313.6,holder,0,0,559,31;32;65;66;92;107;108;174
720,92,17363.6,holder,0,0,465,32;109
720,107,17378.6,holder,0,0,469,32;66;109
720,108,17413.6,holder,0,0,530,32;109
720,109,17478.3,crowd,0,0,456,
720,113,15971.9,holder,0,0,707,4;5;6;7
720,115,16075.7,holder,0,0,518,7;9;10;11;44
720,116,16122.7,holder,0,0,719,7;9;10;11;12;44;149
720,117,16178.0,holder,0,0,540,9;10;11;12;13;14;44;118
720,118,16267.1,holder,0,0,495,12;13;14;15;44;47;76;169
720,127,16820.4,holder,1,1,415,23;54;56;57;83;84;85
720,128,16932.8,holder,1,1,406,23;25;26;58;85;86;87
720,130,16576.4,holder,0,0,460,17;19;51;79
720,131,17032.7,holder,1,1,457,26;28;29;62;86;87;88;89
720,132,17363.6,holder,0,0,513,32;65;66;92;108
720,138,17222.0,holder,1,0,549,31;32;63;65;66;90;91;92;107;108;132;174
720,143,17349.7,holder,0,0,714,32;65;66;92;108;109;174
720,145,15994.9,holder,0,0,592,5;6;7;115
720,146,16040.6,holder,0,0,612,6;7;9;10
720,149,16217.6,holder,0,0,649,9;10;11;12;13;14;44
720,153,15933.2,holder,1,0,673,4;5;6
720,154,15887.9,holder,1,0,632,4;5;6
720,157,15818.0,holder,0,0,697,4;5;153
720,161,16649.1,holder,1,0,562,17;19;21;51;54;56;79
720,163,16719.7,holder,1,0,465,19;21;54;56;79
720,165,16816.9,holder,1,0,373,23;54;56;57;83;84;85;167
720,167,16928.2,holder,0,0,428,23;25;26;58;83;84;85;86;168
720,168,16994.8,holder,1,1,637,25;26;28;58;86;87;88;172
720,169,16522.0,both,0,0,439,15;17;49;51;77;130;200
720,170,16563.6,holder,0,0,363,15;17;19;49;51;77;79
720,171,17028.1,holder,1,0,486,26;28;29;62;86;87;88;89;172
720,172,17090.6,holder,1,1,637,28;29;31;62;63;87;88;89;90
720,174,17413.9,holder,0,1,589,32;66;109
720,188,15963.6,holder,0,0,633,4;5;6;115
720,189,16014.7,holder,0,0,582,5;6;7;115
720,195,15926.6,holder,1,0,645,4;5;6;113;145
720,199,15692.7,holder,0,0,710,72
720,200,16613.9,holder,0,0,509,17;19;49;51;79
840,1,15885.5,holder,1,0,743,2;3;4;5;6;40
840,2,15937.7,holder,0,0,836,4;5;6;7;40
840,3,15985.8,holder,1,0,701,5;6;7;40
840,4,16041.7,holder,1,0,634,6;7;8;9;10;40;44
840,5,16097.8,holder,1,0,632,7;9;10;11;12;44
840,6,16159.5,holder,1,0,631,9;10;11;12;13;44
840,7,16201.9,holder,1,0,635,9;10;11;12;13;44;47
840,8,16247.1,holder,0,0,832,10;11;12;13;14;44;47;76;169
840,9,16294.4,holder,1,0,650,11;12;13;14;44;47;76;169
840,10,16335.2,holder,1,0,455,12;13;14;15;47;76;130;169;170
840,11,16376.7,holder,1,0,487,13;14;15;47;49;76;130;169;170
840,12,16417.0,holder,1,0,415,14;15;47;49;76;130;169
840,13,16467.1,holder,1,0,566,14;15;49;50;51;76;77;130;169;170
840,14,16518.8,holder,1,0,456,15;49;50;51;77;130;170
840,15,16577.2,holder,0,0,458,17;19;50;51;77;79;80
840,17,16730.0,holder,0,0,448,21;23;54;55;56;57;58;83;84;85
840,19,16799.2,holder,0,0,373,23;25;55;56;57;58;83;84;85;86
840,21,16871.4,holder,0,0,373,23;25;26;57;58;83;84;85;86;87
840,23,17004.5,holder,0,0,568,26;28;29;62;86;87;88;89
840,25,17067.8,holder,0,0,315,28;29;31;62;87;88;89;107;132
840,26,17133.3,holder,0,0,668,29;31;32;62;65;66;89;92;107;108;132
840,28,17213.7,holder,0,0,612,31;32;62;65;66;92;107;108;109;132
840,29,17263.7,holder,0,0,592,32;65;66;92;107;108;109;132
840,31,17363.6,holder,0,0,651,32;65;66;108;109
840,32,17427.9,holder,0,0,569,109
840,40,16134.3,holder,1,0,733,7;9;10;11;12;44
840,44,16335.5,holder,1,0,418,13;14;15;47;76;130;169
840,47,16471.2,holder,0,0,429,15;17;49;50;76;77;130;170
840,49,16619.5,holder,0,0,419,17;19;21;50;51;54;55;79
840,50,16678.7,holder,0,0,789,19;21;54;55;56;79
840,51,16693.4,holder,0,0,408,19;21;54;55;56;80
840,54,16838.1,holder,0,0,473,23;25;26;56;57;58;83;84;85;86
840,55,16896.2,holder,0,0,762,23;25;26;57;58;84;85;86;87;88
840,56,16926.6,holder,1,0,453,23;25;26;58;84;85;86;87;88
840,57,16963.7,holder,1,0,484,25;26;28;58;86;87;88;89
840,58,17036.7,holder,0,0,446,26;28;29;62;86;87;88;89
840,62,17249.7,holder,0,0,468,31;32;65;66;92;107;108
840,65,17373.0,holder,0,0,573,32;108;109
840,66,17413.7,holder,0,0,523,109
840,72,15758.2,holder,0,0,697,1;3;4;95
840,76,16563.6,holder,0,0,441,17;19;49;50;51;77;79;80;130
840,77,16648.7,holder,0,0,562,17;19;21;54;55;56;79;80
840,79,16729.2,holder,0,0,482,19;21;54;55;56;57;84
840,80,16768.0,holder,0,0,823,21;23;54;55;56;57;83;84;85
840,83,16940.0,holder,1,0,332,23;25;26;28;58;85;86;87;88
840,84,16971.5,holder,1,0,450,25;26;28;58;86;87;88;89
840,85,17013.7,holder,0,0,330,25;26;28;29;86;87;88;89
840,86,17087.8,holder,0,0,420,28;29;31;62;88;89;132
840,87,17131.4,holder,0,0,580,28;29;31;62;65;89;90;92;132
840,88,17171.1,holder,0,0,554,29;31;62;65;66;92;132
840,89,17213.7,both,0,0,552,29;31;32;65;66;92;107;132;143
840,90,17263.7,both,0,1,516,29;31;32;65;66;92;107;108;132;143
840,91,17313.6,holder,0,0,559,31;32;65;66;92;107;108;132;174
840,92,17363.6,holder,0,0,465,32;66;109
840,95,15854.0,holder,0,0,729,3;4;5;40
840,107,17378.6,holder,0,0,469,32;66;109
840,108,17413.6,holder,0,0,530,32;109
840,109,17478.3,crowd,0,0,456,
840,113,15971.9,holder,0,0,707,4;5;6;7;40
840,114,16027.8,holder,0,0,736,5;6;7;9;40
840,115,16075.7,holder,0,0,518,6;7;9;10;11;40;44
840,116,16127.8,holder,0,0,719,7;9;10;11;12;13;44;149
840,117,16184.9,holder,0,0,540,10;11;12;13;14;44;47;118
840,118,16276.9,holder,0,0,495,12;13;14;15;47;76;169
840,123,15733.5,holder,1,0,772,1;3;95;157
840,126,16747.6,holder,1,1,809,21;23;54;55;56;57;83;84;127
840,127,16820.4,holder,1,1,415,23;54;55;56;57;83;84;85
840,128,16932.8,holder,1,1,406,23;25;26;58;84;85;86;87
840,130,16579.2,holder,0,0,460,17;19;50;51;79;80
840,131,17032.7,holder,1,1,457,26;28;29;86;87;88;89
840,132,17363.6,holder,0,0,513,32;65;66;92;108
840,135,17148.9,holder,1,0,781,28;29;31;62;65;88;89;90;91;92;132;138;143
840,138,17222.0,holder,1,0,549,31;32;62;65;66;90;91;92;107;108;132;143;174;181
840,142,16535.0,holder,0,0,797,15;17;19;49;50;51;77;79;130
840,143,17349.7,both,0,0,714,32;65;66;92;108;109;174
840,145,15994.9,holder,0,0,592,5;6;7;40;115
840,146,16040.6,holder,0,0,612,6;7;9;10;40;116
840,149,16226.1,holder,0,0,649,10;11;12;13;14;44
840,153,15933.2,holder,1,0,673,4;5;6;40;114
840,154,15887.9,holder,1,0,632,3;4;5;6;40;113
840,157,15818.0,holder,1,0,697,3;4;5;153
840,158,15776.9,holder,1,0,743,1;3;95
840,159,15680.0,holder,1,0,754,72
840,161,16649.1,holder,1,0,562,17;19;21;51;54;56;79;126
840,163,16719.7,holder,1,0,465,19;21;54;55;56;79;80
840,165,16816.9,holder,1,0,373,23;54;55;56;57;83;84;85;166
840,166,16894.9,holder,1,0,780,23;25;26;58;83;84;85;86;168
840,168,16994.8,holder,1,1,637,25;26;28;58;86;87;88;172
840,169,16522.0,holder,0,0,439,15;17;49;50;77;130;170
840,170,16568.0,holder,0,0,363,17;19;49;50;51;77;79;80
840,171,17028.1,holder,1,0,486,26;28;29;86;87;88;89;135;172
840,172,17090.6,holder,1,1,637,28;29;31;62;87;88;89;90
840,174,17413.9,holder,0,1,589,32;66;109
840,176,17141.7,holder,0,0,777,28;29;31;62;65;88;89;90;91;92;132;138;143;177
840,177,17189.7,holder,1,1,770,29;31;62;65;66;89;90;91;92;107;132;143;180
840,180,17259.4,holder,1,0,791,32;65;66;91;92;107;108;132;143;174
840,181,17301.8,holder,1,1,741,32;66;92;107;108;109;143;174
840,188,15963.6,holder,0,0,633,4;5;6;40;114;115
840,189,16014.7,holder,0,0,582,5;6;7;40;114;115
840,195,15926.6,holder,0,0,645,4;5;6;40;113;114;145
840,199,15692.7,holder,1,0,710,1;72;95
960,1,15885.5,holder,0,0,743,2;3;4;5;6;40
960,2,15937.7,holder,1,0,836,4;5;6;7;40
960,3,15985.8,holder,1,0,701,5;6;7;8;40
960,4,16041.7,holder,1,0,634,6;7;8;9;10;40;44
960,5,16097.8,holder,1,0,632,7;8;9;10;11;12;44
960,6,16159.5,holder,1,0,631,8;9;10;11;12;13;44
960,7,16201.9,holder,1,0,635,9;10;11;12;13;44;47
960,8,16247.1,holder,1,0,832,10;11;12;13;14;44;47;76;169
960,9,16294.4,holder,1,0,650,11;12;13;14;44;47;76;169
960,10,16335.2,holder,1,0,455,12;13;14;15;47;76;130;169;170
960,11,16376.7,holder,1,0,487,13;14;15;47;49;76;130;169;170
960,12,16417.0,holder,1,0,415,14;15;47;49;76;130;169
960,13,16467.1,holder,1,0,566,15;16;49;50;76;77;130;169;170
960,14,16518.8,holder,1,0,456,15;16;49;50;51;77;130;170
960,15,16577.2,holder,0,0,458,16;17;19;50;51;77;79;80
960,16,16668.6,holder,0,0,869,17;19;21;54;55;56;79;80
960,17,16730.0,holder,0,0,448,21;23;54;55;56;57;58;83;84;85
960,19,16799.2,holder,0,0,373,23;25;55;56;57;58;83;84;85;86
960,21,16871.4,holder,0,0,373,23;25;26;57;58;83;84;85;86;87
960,23,17004.5,holder,0,0,568,26;28;29;62;86;87;88;89
960,25,17067.8,holder,0,0,315,28;29;31;62;87;88;89;92;132
960,26,17133.3,holder,1,0,668,29;31;32;62;65;66;89;92;108;132
960,28,17213.7,holder,0,0,612,31;32;65;66;92;108;109;132
960,29,17263.7,holder,0,0,592,32;65;66;92;108;109
960,31,17363.6,holder,0,0,651,32;65;66;108;109
960,32,17433.4,holder,0,0,569,109
960,35,15909.1,holder,0,0,850,3;4;5;6;7;40
960,40,16134.3,holder,1,0,733,7;8;9;10;11;12;44
960,44,16335.5,holder,1,0,418,13;14;15;47;76;130;169
960,47,16471.2,holder,1,0,429,15;16;17;49;50;76;77;130;170
960,49,16619.5,holder,0,0,419,17;19;21;50;51;54;55;79;80
960,50,16678.7,holder,0,0,789,19;21;54;55;56;79;80
960,51,16693.4,holder,0,0,408,19;21;54;55;56;80
960,54,16839.0,holder,0,0,473,23;25;26;56;57;58;83;84;85;86
960,55,16896.4,holder,1,0,762,23;25;26;57;58;84;85;86;87;88
960,56,16926.6,holder,1,0,453,23;25;26;58;84;85;86;87;88
960,57,16963.7,holder,1,0,484,25;26;28;58;86;87;88;89
960,58,17036.7,holder,0,0,446,26;28;29;62;86;87;88;89
960,62,17249.7,holder,0,0,468,31;32;65;66;92;107;108
960,65,17373.0,holder,1,0,573,32;109
960,66,17413.7,holder,1,0,523,109
960,68,15839.1,holder,0,0,907,1;2;3;4;5;35;40
960,72,15758.2,holder,1,1,697,1;2;3;4;35;68;95
960,76,16563.6,holder,0,0,441,16;17;19;49;50;51;77;79;80
960,77,16648.7,holder,0,0,562,17;19;21;54;55;56;79;80
960,79,16729.2,holder,0,0,482,19;21;54;55;56;57;84
960,80,16768.0,holder,0,0,823,21;23;54;55;56;57;83;84;85
960,83,16940.0,holder,1,0,332,23;25;26;28;58;85;86;87;88
960,84,16971.5,holder,1,0,450,25;26;28;58;86;87;88;89
960,85,17013.7,holder,1,0,330,25;26;28;29;86;87;88;89
960,86,17087.8,holder,1,0,420,28;29;31;62;88;89;90;92;132
960,87,17131.4,holder,1,0,580,28;29;31;62;65;89;90;92;132
960,88,17171.1,holder,1,0,554,29;31;62;65;66;92;108;132;143
960,89,17213.7,both,0,0,552,29;31;32;65;66;92;107;108;132;143
960,90,17263.7,holder,0,0,516,29;31;32;65;66;92;107;108;132;143
960,91,17313.6,holder,0,0,559,31;32;65;66;92;107;108;132
960,92,17363.6,holder,0,0,465,32;66;109
960,95,15859.8,holder,0,0,729,2;3;4;5;40
960,107,17378.6,holder,0,0,469,32;66;109
960,108,17413.6,holder,0,0,530,32;109
960,109,17480.9,crowd,0,0,456,
960,113,15971.9,holder,1,0,707,4;5;6;7;40
960,114,16027.8,holder,1,0,736,5;6;7;8;9;40
960,115,16075.7,holder,0,0,518,7;8;9;10;11;40;44
960,116,16127.8,holder,1,0,719,7;8;9;10;11;12;13;44;149
960,117,16185.5,holder,0,0,540,10;11;12;13;14;44;47;118
960,118,16281.6,holder,0,0,495,12;13;14;15;47;76;130;169
960,119,16334.9,holder,0,0,944,12;13;14;15;47;76;169
960,123,15733.5,holder,1,0,772,1;2;3;35;68;95;157
960,126,16747.6,holder,1,1,809,21;23;54;55;56;57;83;84;127
960,127,16820.4,holder,1,1,415,23;54;55;56;57;83;84;85
960,128,16932.8,holder,1,1,406,23;25;26;58;84;85;86;87
960,130,16579.2,holder,0,0,460,16;17;19;50;51;79;80
960,131,17032.7,holder,1,1,457,26;28;29;86;87;88;89;90
960,132,17363.6,holder,0,0,513,32;65;66;92;108
960,135,17148.9,holder,1,0,781,28;29;31;62;65;88;89;90;91;92;132;138;143
960,138,17222.0,holder,1,0,549,31;32;62;65;66;91;92;107;108;132;143;174;181
960,142,16535.0,holder,0,0,797,15;16;17;19;49;50;51;77;79;130
960,143,17349.7,holder,0,0,714,31;32;65;66;92;108;174
960,145,15994.9,holder,1,0,592,5;6;7;8;40;115
960,146,16040.6,holder,0,0,612,6;7;8;9;10;40;116
960,149,16228.8,holder,0,0,649,10;11;12;13;14;44
960,153,15933.2,holder,1,0,673,4;5;6;40;114
960,154,15887.9,holder,1,0,632,3;4;5;6;40;113
960,157,15818.0,holder,1,0,697,2;3;4;5;35;153
960,158,15776.9,holder,1,0,743,1;2;3;35;95
960,159,15680.0,holder,1,0,754,68;72
960,161,16649.1,holder,1,0,562,17;19;21;51;54;56;79;80;126
960,163,16719.7,holder,1,0,465,19;21;54;55;56;79;80
960,165,16816.9,holder,1,0,373,23;54;55;56;57;83;84;85;166
960,166,16894.9,holder,1,0,780,23;25;26;58;83;84;85;86;168
960,168,16994.8,holder,1,1,637,25;26;28;58;86;87;88;172
960,169,16522.0,holder,0,0,439,15;16;17;49;50;77;130;170
960,170,16574.1,holder,0,0,363,16;17;19;21;49;50;51;79;80
960,171,17028.1,holder,1,0,486,26;28;29;86;87;88;89;90;135;172
960,172,17090.6,holder,1,1,637,28;29;31;62;87;88;89;90;91
960,174,17413.9,holder,0,0,589,32;109
960,176,17141.7,holder,1,0,777,29;31;62;65;89;90;91;92;132;138;143;177
960,177,17189.7,holder,1,1,770,29;31;62;65;66;89;90;91;92;107;108;132;143;180
960,180,17259.4,holder,1,0,791,32;65;66;91;92;107;108;132;143;174
960,181,17301.8,holder,1,1,741,32;66;92;107;108;109;174
960,188,15963.6,holder,1,0,633,4;5;6;40;114
960,189,16014.7,holder,1,0,582,5;6;7;8;40;114;115
960,194,16336.1,holder,0,0,944,12;13;14;15;47;76;169
960,195,15926.6,holder,1,0,645,4;5;6;40;113;114;145
960,199,15692.7,holder,1,0,710,1;68;72;95
1080,1,15885.5,holder,0,0,743,2;3;4;5;6;40
1080,2,15937.7,holder,1,0,836,4;5;6;7;40
1080,3,15985.8,holder,1,0,701,5;6;7;8;40
1080,4,16041.7,holder,1,0,634,6;7;8;9;10;40;44
1080,5,16097.8,holder,1,0,632,7;8;9;10;11;12;44
1080,6,16159.5,holder,1,0,631,8;9;10;11;12;13;44
1080,7,16201.9,holder,1,0,635,9;10;11;12;13;44;47
1080,8,16247.1,holder,1,0,832,10;11;12;13;14;44;47;76;169
1080,9,16294.4,holder,1,0,650,11;12;13;14;44;47;76;169
1080,10,16335.2,holder,1,0,455,12;13;14;15;47;76;130;169;170
1080,11,16376.7,holder,1,0,487,13;14;15;47;49;76;130;169;170
1080,12,16417.0,holder,1,0,415,14;15;47;49;76;130;169
1080,13,16467.1,holder,1,0,566,15;16;49;50;76;77;130;169;170
1080,14,16518.8,holder,1,0,456,15;16;49;50;51;77;130
1080,15,16577.2,holder,0,0,458,16;17;19;50;51;77;79;80
1080,16,16668.6,holder,0,0,869,17;19;21;54;55;56;79;80
1080,17,16730.0,holder,0,0,448,21;23;54;55;56;57;58;83;84;85
1080,19,16799.9,holder,0,0,373,23;25;55;56;57;58;83;84;85;86
1080,21,16871.4,holder,0,0,373,23;25;26;57;58;83;84;85;86;87
1080,23,17004.5,holder,0,0,568,26;28;29;62;86;87;88;89
1080,25,17067.8,holder,0,0,315,28;29;31;62;87;88;89;92;132
1080,26,17133.3,holder,0,0,668,29;31;62;65;66;89;92;132;174
1080,28,17213.7,holder,0,0,612,31;32;65;66;92;108;132
1080,29,17263.7,holder,0,0,592,65;66;92;108;174
1080,31,17363.6,holder,0,0,651,65;66;108;174
1080,35,15909.1,holder,1,0,850,3;4;5;6;7;40
1080,40,16134.3,holder,1,0,733,7;8;9;10;11;12;44
1080,44,16335.5,holder,1,0,418,13;14;15;47;76;130;169
1080,47,16471.2,both,1,0,429,15;16;17;49;50;51;76;77;130;142;170
1080,49,16619.5,holder,0,0,419,17;19;21;50;51;54;55;79;80
1080,50,16678.7,holder,0,0,789,19;21;54;55;56;79;80
1080,51,16695.7,holder,0,0,408,19;21;54;55;56;80
1080,54,16839.2,holder,0,0,473,23;25;26;56;57;58;83;84;85;86
1080,55,16896.6,holder,0,0,762,23;25;26;57;58;84;85;86;87;88
1080,56,16926.6,holder,1,0,453,23;25;26;58;84;85;86;87;88
1080,57,16963.7,holder,1,0,484,25;26;28;58;85;86;87;88;89
1080,58,17036.7,holder,0,0,446,26;28;29;62;86;87;88;89
1080,62,17249.7,holder,0,0,468,31;65;66;92;107;108;174
1080,65,17373.0,holder,0,0,573,32;66
1080,66,17413.7,holder,0,0,523,32
1080,68,15839.1,holder,0,0,907,1;2;3;4;5;35
1080,72,15758.2,holder,1,0,697,1;2;3;4;35;95
1080,76,16563.6,holder,0,0,441,16;17;19;49;50;51;77;79;80;130;170
1080,77,16648.7,holder,0,0,562,17;19;21;54;55;56;79;80
1080,79,16731.1,holder,0,0,482,19;21;54;55;56;57;84
1080,80,16769.0,holder,0,0,823,21;23;54;55;56;57;83;84;85
1080,83,16940.2,holder,0,0,332,23;25;26;28;58;85;86;87;88
1080,84,16971.5,holder,0,0,450,25;26;28;58;86;87;88;89
1080,85,17013.7,holder,0,0,330,25;26;28;29;86;87;88;89
1080,86,17087.8,holder,0,0,420,28;29;31;62;88;89;90;92;132
1080,87,17131.4,holder,0,0,580,28;29;31;62;65;89;90;92;132
1080,88,17171.1,holder,0,0,554,29;31;62;65;66;92;108;132;143
1080,89,17213.7,both,0,0,552,29;31;65;66;92;107;108;132;143
1080,90,17263.7,holder,0,0,516,29;31;65;66;92;107;132;143
1080,91,17313.6,holder,0,0,559,31;32;65;66;92;107;108;132;174
1080,92,17363.6,holder,0,0,465,66
1080,95,15859.8,holder,0,0,729,2;3;4;5;35;40
1080,107,17378.6,holder,0,1,469,32;66
1080,113,15971.9,holder,0,0,707,4;5;6;7;40
1080,114,16027.8,holder,0,0,736,5;6;7;8;9;40
1080,115,16076.0,holder,0,0,518,7;8;9;10;11;40;44
1080,116,16130.5,holder,1,0,719,7;8;9;10;11;12;13;44;149
1080,117,16190.3,holder,0,0,540,10;11;12;13;14;44;47;118
1080,118,16287.1,holder,0,0,495,12;13;14;15;47;76;130;169
1080,119,16340.0,holder,0,0,944,12;13;14;15;47;76;169
1080,123,15733.5,holder,1,0,772,1;2;3;35;68;95;157
1080,126,16747.6,holder,1,1,809,21;23;54;55;56;57;83;84;127
1080,127,16820.4,holder,1,1,415,23;54;55;56;57;83;84;85
1080,128,16932.8,holder,1,1,406,23;25;26;58;84;85;86;87
1080,130,16579.2,holder,0,0,460,16;17;19;50;51;77;79;80
1080,131,17032.7,holder,1,1,457,26;28;29;86;87;88;89;90
1080,132,17363.6,holder,0,0,513,65;66;92;108;174
1080,135,17148.9,holder,1,0,781,28;29;31;62;65;88;89;90;91;92;132;138;143
1080,138,17222.0,holder,1,0,549,31;32;62;65;66;91;92;107;108;132;143;174;181
1080,139,16407.9,holder,0,0,1069,14;15;16;47;49;76;130;142;169;170
1080,142,16535.0,holder,0,0,797,15;16;17;19;49;50;51;77;79;80;130
1080,143,17349.7,holder,0,0,714,31;32;65;66;92;108;174
1080,145,15994.9,holder,0,0,592,5;6;7;8;40;115
1080,146,16040.6,holder,0,0,612,6;7;8;9;10;40;116
1080,149,16234.5,holder,0,0,649,10;11;12;13;14;44;119
1080,153,15933.2,holder,1,0,673,4;5;6;40;114
1080,154,15887.9,holder,1,0,632,3;4;5;6;40;113
1080,157,15818.0,holder,1,0,697,2;3;4;5;35;153
1080,158,15776.9,holder,1,0,743,1;2;3;35;95
1080,159,15680.0,holder,1,0,754,68;72
1080,161,16649.1,holder,1,0,562,17;19;21;51;54;56;79;80;126
1080,163,16719.7,holder,1,0,465,19;21;54;55;56;79;80
1080,165,16816.9,holder,1,0,373,23;54;55;56;57;83;84;85;166
1080,166,16894.9,holder,1,0,780,23;25;26;58;83;84;85;86;168
1080,168,16994.8,holder,1,1,637,25;26;28;58;86;87;88;172
1080,169,16522.0,both,0,0,439,15;16;17;49;50;51;77;130;170
1080,170,16579.9,holder,0,0,363,16;17;19;21;50;51;79;80
1080,171,17028.1,holder,1,0,486,26;28;29;86;87;88;89;90;135;172
1080,172,17090.6,holder,1,1,637,28;29;31;62;87;88;89;90;91
1080,176,17141.7,holder,1,0,777,29;31;62;65;89;90;91;92;132;138;143;177
1080,177,17189.7,holder,1,1,770,29;31;62;65;66;89;90;91;92;107;108;132;143;180
1080,180,17259.4,holder,1,0,791,65;66;91;92;107;108;132;143;174
1080,181,17301.8,holder,1,1,741,66;92;107;108;174
1080,182,16405.5,holder,0,0,1070,15;16;47;49;76;130;142;169;170
1080,188,15963.6,holder,0,0,633,4;5;6;40;114
1080,189,16014.7,holder,0,0,582,5;6;7;8;40;114;115
1080,194,16341.2,holder,0,0,944,13;14;15;47;76;169
1080,195,15926.6,holder,0,0,645,4;5;6;40;113;114;145
1080,199,15692.7,holder,1,0,710,1;68;72;95
1200,1,15885.5,holder,1,0,743,2;3;4;5;6;40
1200,2,15937.7,holder,1,0,836,4;5;6;7;40
1200,3,15985.8,holder,1,0,701,5;6;7;8;40
1200,4,16041.7,holder,1,0,634,6;7;8;9;10;40;44
1200,5,16097.8,holder,1,0,632,7;8;9;10;11;12;44
1200,6,16159.5,holder,1,0,631,8;9;10;11;12;13;44
1200,7,16201.9,holder,1,0,635,9;10;11;12;13;44;47
1200,8,16247.1,holder,1,0,832,10;11;12;13;14;44;47;76;169
1200,9,16294.4,holder,1,0,650,11;12;13;14;44;47;76;142;169
1200,10,16335.2,holder,1,0,455,12;13;14;15;47;76;130;142;169
1200,11,16376.7,holder,1,0,487,13;14;15;47;49;76;130;142;169;170
1200,12,16417.0,holder,1,0,415,14;15;47;49;76;130;142;169
1200,13,16467.1,holder,1,0,566,15;16;49;50;76;77;130;142;169
1200,14,16518.8,holder,1,0,456,15;16;49;50;51;77;130;142
1200,15,16577.2,holder,1,0,458,16;17;19;50;51;77;79;80
1200,16,16668.6,holder,0,0,869,17;19;21;51;54;55;56;79;80
1200,17,16732.5,holder,0,0,448,21;23;54;55;56;57;58;83;84;85
1200,19,16802.0,holder,0,0,373,23;25;55;56;57;58;83;84;85;86
1200,21,16871.4,holder,0,0,373,23;25;57;58;83;84;85;86;87
1200,23,17004.5,holder,0,0,568,86;87
1200,35,15909.1,holder,1,0,850,3;4;5;6;7;40
1200,40,16134.3,holder,1,0,733,7;8;9;10;11;12;44
1200,44,16335.5,holder,1,0,418,13;14;15;47;76;130;169
1200,47,16471.2,holder,1,0,429,15;16;49;50;51;76;77;130;142;170
1200,49,16619.5,holder,1,0,419,17;19;21;50;51;54;55;79;80
1200,50,16681.2,holder,0,0,789,19;21;54;55;56;79;80
1200,51,16699.5,holder,0,0,408,19;21;54;55;56;80;84
1200,54,16840.8,holder,0,0,473,23;25;56;57;58;83;84;85;86
1200,55,16898.1,holder,1,0,762,23;25;57;58;84;85;86;87
1200,56,16926.6,holder,1,0,453,23;25;58;84;85;86;87
1200,57,16963.7,holder,1,0,484,25;58;86;87
1200,58,17036.7,holder,0,0,446,86;87
1200,68,15839.1,holder,1,0,907,2;3;4;5;35;40
1200,72,15758.2,holder,1,0,697,1;2;3;4;35
1200,76,16563.6,holder,1,0,441,16;17;19;49;50;51;77;79;80;170
1200,77,16648.7,holder,0,0,562,17;19;21;54;55;56;57;79;80;84
1200,79,16735.4,holder,0,0,482,19;21;54;55;56;57;83;84
1200,80,16773.5,holder,0,0,823,21;23;54;55;56;57;83;84;85
1200,83,16940.8,holder,1,0,332,23;25;58;85;86;87
1200,84,16971.5,holder,1,0,450,25;58;86;87
1200,85,17013.7,holder,1,0,330,25;86;87
1200,113,15971.9,holder,1,0,707,4;5;6;7;40
1200,114,16027.8,holder,0,0,736,5;6;7;8;9;40
1200,115,16076.3,holder,0,0,518,7;8;9;10;11;40;44
1200,116,16130.8,holder,0,0,719,7;8;9;10;11;12;13;44;149
1200,117,16193.2,holder,0,0,540,10;11;12;13;14;44;47;118
1200,118,16292.3,holder,0,0,495,12;13;14;15;47;49;76;130;139;142;151;169
1200,119,16344.9,holder,0,0,944,12;13;14;15;47;76;130;139;169
1200,123,15733.5,holder,1,0,772,1;2;3;35;68;157
1200,126,16747.6,holder,1,1,809,21;23;54;55;56;57;83;84;127
1200,127,16820.4,holder,1,1,415,23;54;55;56;57;83;84;85
1200,128,16932.8,holder,1,1,406,23;25;58;84;85;86;87
1200,130,16579.2,holder,1,0,460,16;17;19;50;51;77;79;80
1200,131,17032.7,holder,1,1,457,86;87
1200,135,17148.9,holder,1,0,781,90;138
1200,138,17222.0,holder,1,1,549,90
1200,139,16416.7,holder,0,0,1069,15;16;47;49;76;130;142;169;170
1200,140,16459.3,holder,0,1,1165,15;16;49;50;76;77;130;142;169;170
1200,142,16535.0,both,0,0,797,15;16;17;19;49;50;51;77;79;80
1200,145,15996.3,holder,0,0,592,5;6;7;8;40;115
1200,146,16040.6,holder,0,0,612,6;7;8;9;10;40;116
1200,149,16239.7,holder,0,0,649,10;11;12;13;14;44;47;119
1200,151,16382.1,holder,0,0,1135,14;15;47;49;76;130;140;142;169
1200,153,15933.2,holder,1,0,673,4;5;6;40;114
1200,154,15887.9,holder,1,0,632,3;4;5;6;40;113
1200,157,15818.0,holder,1,0,697,2;3;4;5;35;153
1200,158,15776.9,holder,1,0,743,1;2;3;35
1200,159,15680.0,holder,1,0,754,68;72
1200,161,16649.1,holder,1,0,562,17;19;21;51;54;56;79;80;126
1200,163,16719.7,holder,1,0,465,19;21;54;55;56;79;80
1200,165,16816.9,holder,1,0,373,23;54;55;56;57;83;84;85;166
1200,166,16894.9,holder,1,0,780,23;25;58;83;84;85;86;168
1200,168,16994.8,holder,1,1,637,25;58;86;87;172
1200,169,16522.0,both,1,0,439,15;16;17;49;50;51;77;130;170
1200,170,16586.5,holder,0,0,363,16;17;19;21;50;51;79;80
1200,171,17028.1,holder,1,0,486,86;135;172
1200,172,17090.6,holder,1,1,637,87;90
1200,176,17141.7,holder,1,0,777,138;177
1200,177,17189.7,holder,1,0,770,90
1200,182,16412.2,holder,0,0,1070,15;16;47;49;76;130;140;142;169;170
1200,183,16457.4,holder,0,0,1170,15;16;49;50;76;77;130;142;169;170
1200,188,15963.6,holder,0,0,633,4;5;6;40;114
1200,189,16014.7,holder,0,0,582,5;6;7;8;40;114;115
1200,194,16344.7,holder,0,0,944,13;14;15;47;76;130;139;140;142;169;182
1200,195,15926.6,holder,1,0,645,4;5;6;40;113;114;145
1200,199,15692.7,holder,1,0,710,1;68;72
1320,1,15885.5,holder,1,0,743,2;3;4;5;6;40
1320,2,15937.7,holder,1,0,836,4;5;6;7;40
1320,3,15985.8,holder,1,0,701,5;6;7;8;40
1320,4,16041.7,holder,1,0,634,6;7;8;9;10;40;44
1320,5,16097.8,holder,1,0,632,7;8;9;10;11;12;44
1320,6,16159.5,holder,1,0,631,8;9;10;11;12;13;44
1320,7,16201.9,holder,1,0,635,9;10;11;12;13;44;47
1320,8,16247.1,holder,1,0,832,10;11;12;13;14;44;47;76;169
1320,9,16294.4,holder,1,0,650,11;12;13;14;44;47;76;142;169
1320,10,16335.2,holder,1,0,455,12;13;14;15;47;76;130;142;169
1320,11,16376.7,holder,1,0,487,13;14;15;47;49;76;130;142;169;170
1320,12,16417.0,holder,1,0,415,14;15;47;49;76;77;130;142;169
1320,13,16467.1,holder,1,0,566,15;16;49;76;77;130;142;169;170
1320,14,16518.8,holder,1,0,456,15;16;49;50;77;130;142;170
1320,15,16577.2,holder,1,0,458,16;50;77;79
1320,16,16668.6,holder,0,0,869,51;79
1320,25,17073.1,holder,0,0,1312,89
1320,35,15909.1,holder,1,0,850,3;4;5;6;7;40
1320,40,16134.3,holder,1,0,733,7;8;9;10;11;12;44
1320,44,16335.5,holder,1,0,418,13;14;15;47;76;130;169
1320,47,16471.2,holder,1,0,429,15;16;49;50;51;76;77;130;142;170
1320,49,16619.5,holder,1,0,419,19;50;51;79
1320,50,16693.5,holder,0,0,789,19;79
1320,68,15839.1,holder,1,0,907,2;3;4;5;35;40
1320,72,15758.2,holder,1,0,697,1;2;3;4;35
1320,76,16563.6,holder,1,0,441,16;49;50;77;79;170
1320,77,16655.2,holder,0,0,562,79
1320,89,17213.7,crowd,0,0,1310,
1320,113,15971.9,holder,1,0,707,4;5;6;7;40;114
1320,114,16029.4,holder,1,0,736,5;6;7;8;9;40
1320,115,16077.8,holder,0,0,518,7;8;9;10;11;40;44
1320,116,16132.5,holder,0,0,719,7;8;9;10;11;12;13;44;149
1320,117,16194.4,holder,0,0,540,10;11;12;13;14;44;47;118
1320,118,16298.7,holder,0,0,495,12;13;14;15;47;49;76;130;139;142;151;169
1320,119,16351.3,holder,0,0,944,12;13;14;15;47;76;130;139;142;169
1320,123,15733.5,holder,1,0,772,1;2;3;35;68;157
1320,130,16579.2,holder,1,0,460,16;50;51;77;79
1320,139,16428.9,holder,0,0,1069,15;16;47;49;76;130;142;169;170
1320,140,16471.2,holder,0,1,1165,15;16;49;50;76;77;130;142;169;170
1320,142,16535.0,holder,0,0,797,15;16;49;50;51;77;79
1320,145,15997.5,holder,1,0,592,5;6;7;8;40;115
1320,146,16040.6,holder,0,0,612,6;7;8;9;10;40;116
1320,149,16246.0,holder,0,0,649,10;11;12;13;14;44;47;119
1320,151,16391.9,holder,0,0,1135,14;15;47;49;76;130;140;142;169
1320,153,15933.2,holder,1,0,673,4;5;6;40;114
1320,154,15887.9,holder,1,0,632,3;4;5;6;40;113
1320,157,15818.0,holder,1,0,697,2;3;4;5;35;153
1320,158,15776.9,holder,1,0,743,1;2;3;35
1320,159,15680.0,holder,1,0,754,68;72
1320,161,16649.1,holder,1,0,562,51;79;126
1320,163,16719.7,holder,0,1,465,79
1320,169,16522.0,both,1,0,439,15;16;49;50;77;130;170
1320,170,16594.5,holder,0,0,363,16;50;79
1320,182,16418.7,holder,0,0,1070,15;16;47;49;76;130;140;142;169;170
1320,183,16468.3,holder,0,0,1170,15;16;49;50;77;130;142;169;170
1320,188,15963.6,holder,1,0,633,4;5;6;40;114
1320,189,16014.7,holder,1,0,582,5;6;7;8;40;114;115
1320,194,16350.8,holder,0,0,944,13;14;15;47;76;130;139;140;142;151;169;182
1320,195,15926.6,holder,1,0,645,4;5;6;40;113;114;145
1320,199,15692.7,holder,1,0,710,1;68;72
1440,1,15885.5,holder,1,0,743,2;3;4;5;6;40
1440,2,15937.7,holder,1,0,836,4;5;6;7;40
1440,3,15985.8,holder,1,0,701,5;6;7;8;40
1440,4,16041.7,holder,1,0,634,6;7;8;9;10;40;44
1440,5,16097.8,holder,1,0,632,7;8;9;10;11;12;44
1440,6,16159.5,holder,1,0,631,8;9;10;11;12;13;44
1440,7,16201.9,holder,1,0,635,9;10;11;12;13;44
1440,8,16247.1,holder,1,0,832,10;11;13;44
1440,9,16294.4,holder,1,0,650,11;12;13;44;169
1440,10,16335.2,holder,1,0,455,13
1440,11,16376.7,holder,1,1,487,13;169
1440,13,16467.1,holder,0,0,566,169
1440,21,16885.1,holder,0,0,1438,25;57;85;87
1440,25,17073.1,holder,0,0,1312,87;89
1440,35,15909.1,holder,1,0,850,3;4;5;6;7;40
1440,40,16134.3,holder,1,0,733,7;8;9;10;11;12;44
1440,44,16335.5,holder,0,0,418,13
1440,57,16969.4,holder,1,0,1369,25;87;89
1440,68,15839.1,holder,1,0,907,2;3;4;5;35;40
1440,72,15758.2,holder,1,0,697,1;2;3;4;35
1440,85,17013.7,holder,0,0,1372,25;87;89
1440,87,17134.6,holder,0,0,1358,89
1440,89,17213.7,crowd,0,0,1310,
1440,113,15971.9,holder,0,0,707,4;5;6;7;40;114
1440,114,16032.8,holder,0,0,736,5;6;7;8;9;40
1440,115,16081.3,holder,0,0,518,7;8;9;10;11;40;44
1440,116,16136.0,holder,0,0,719,7;8;9;10;11;12;13;44;149
1440,117,16197.5,holder,0,0,540,10;11;12;13;44;118
1440,118,16303.5,holder,0,0,495,12;13;139;151;169
1440,119,16356.8,holder,0,0,944,12;13;139;169
1440,123,15733.5,holder,1,0,772,1;2;3;35;68;157
1440,135,17148.9,holder,0,0,1381,89
1440,139,16436.5,holder,0,0,1069,169
1440,145,15999.7,holder,0,0,592,5;6;7;8;40;115
1440,146,16040.6,holder,0,0,612,6;7;8;9;10;40;116
1440,149,16250.4,holder,0,0,649,10;11;12;13;44
1440,151,16399.0,holder,0,0,1135,140;169
1440,153,15933.2,holder,0,0,673,4;5;6;40;114
1440,154,15887.9,holder,1,0,632,3;4;5;6;40;113
1440,157,15818.0,holder,1,0,697,2;3;4;5;35;153
1440,158,15776.9,holder,1,0,743,1;2;3;35
1440,159,15680.0,holder,1,0,754,68;72
1440,168,17009.4,holder,0,0,1368,25;87;89
1440,182,16418.7,holder,0,0,1070,140;169
1440,183,16477.3,holder,0,0,1170,169
1440,188,15963.6,holder,0,0,633,4;5;6;40;114
1440,189,16014.7,holder,0,0,582,5;6;7;8;40;114;115
1440,194,16355.7,holder,0,0,944,13;139;140;151;169;182
1440,195,15926.6,holder,0,0,645,4;5;6;40;113;114;145
1440,199,15692.7,holder,1,0,710,1;68;72
1560,1,15885.5,holder,1,0,743,2;3;4;5;6;40
1560,2,15937.7,holder,1,0,836,4;5;6;7;40
1560,3,15985.8,holder,1,0,701,5;6;7;8;40
1560,4,16041.7,holder,1,0,634,6;7;8;9;40;44
1560,5,16097.8,holder,1,0,632,7;8;9;11;44
1560,6,16159.5,holder,1,0,631,8;9;11;44
1560,7,16201.9,holder,0,0,635,9;11;14;44
1560,8,16247.1,holder,0,0,832,11;14;44;47
1560,9,16294.4,holder,0,0,650,11;14;44
1560,11,16376.7,holder,0,0,487,14;15;130
1560,14,16518.8,holder,0,0,1485,15;16;130
1560,15,16577.2,holder,1,0,1471,16;17;19;77
1560,16,16668.6,holder,1,0,1512,17;19;21
1560,17,16755.1,holder,1,0,1444,21;23;56;57;85
1560,19,16824.9,holder,0,0,1524,23;25;56;57;58;85;86;87
1560,21,16886.9,holder,0,0,1438,23;25;26;57;58;85;86;87
1560,23,17018.7,holder,0,0,1495,26;86;87;89
1560,25,17075.4,holder,0,0,1312,87;89
1560,26,17138.9,holder,1,0,1506,89
1560,35,15909.1,holder,1,0,850,3;4;5;6;7;40
1560,40,16134.3,holder,1,0,733,7;8;9;11;44
1560,44,16335.5,holder,0,0,418,14;15;130
1560,47,16471.2,holder,0,0,1546,15;16;77;130;170
1560,56,16933.0,holder,0,0,1445,23;25;26;58;85;86;87
1560,57,16971.7,holder,0,0,1369,25;26;58;86;87;89
1560,58,17051.5,holder,0,0,1537,26;86;87;89
1560,68,15839.1,holder,1,0,907,2;3;4;5;35;40
1560,72,15758.2,holder,1,0,697,1;2;3;4;35
1560,77,16667.5,holder,0,0,1540,17;19;21;56
1560,85,17013.7,holder,0,0,1372,25;26;86;87;89
1560,86,17100.6,holder,0,0,1451,89
1560,87,17135.0,holder,0,0,1358,89
1560,89,17213.7,crowd,0,0,1310,
1560,113,15971.9,holder,0,0,707,4;5;6;7;40;114
1560,114,16039.7,holder,0,0,736,6;7;8;9;40
1560,115,16088.2,holder,0,0,518,7;8;9;11;40;44
1560,116,16142.6,holder,0,0,719,7;8;9;11;44;149
1560,117,16203.8,holder,0,0,540,11;14;44;118
1560,118,16309.5,holder,0,0,495,14;15;130;151
1560,119,16362.6,holder,0,0,944,14;15;130
1560,123,15733.5,holder,1,0,772,1;2;3;35;68;157
1560,130,16579.2,holder,0,0,1476,16;17;19
1560,135,17154.1,holder,1,0,1381,89
1560,140,16484.4,holder,0,1,1527,15;16;130
1560,145,16004.6,holder,0,0,592,5;6;7;8;40;115
1560,146,16041.1,holder,0,0,612,6;7;8;9;40;116
1560,149,16256.6,holder,0,0,649,11;14;44
1560,151,16404.7,holder,0,0,1536,14;15;130;140
1560,153,15933.2,holder,0,0,673,4;5;6;40;145
1560,154,15887.9,holder,1,0,632,3;4;5;6;40;113
1560,157,15818.0,holder,1,0,697,2;3;4;5;35;153
1560,158,15776.9,holder,1,0,743,1;2;3;35
1560,159,15680.0,holder,1,0,754,68;72
1560,161,16654.2,holder,1,0,1490,17;19;21;56
1560,168,17009.4,holder,1,1,1368,25;26;58;86;87
1560,170,16601.1,holder,0,0,1539,16;17;19;21
1560,182,16423.2,holder,0,0,1472,15;16;130;140;170
1560,183,16483.0,holder,0,0,1548,15;16;77;130;170
1560,188,15963.6,holder,0,0,633,4;5;6;40;114;145
1560,189,16014.7,holder,0,0,582,5;6;7;8;40;114;115
1560,194,16361.7,holder,0,0,944,14;15;130;140;151
1560,195,15926.6,holder,0,0,645,4;5;6;40;113;114;145
1560,199,15692.7,holder,1,0,710,1;68;72
1680,1,15885.5,holder,1,0,743,2;3;4;5;6;40
1680,2,15937.7,holder,1,0,836,4;5;6;7;40
1680,3,15985.8,holder,1,0,701,5;6;7;8;9;40
1680,4,16041.7,holder,1,0,634,6;7;8;9;10;40;44
1680,5,16097.8,holder,1,0,632,7;8;9;10;11;12;44
1680,6,16159.5,holder,1,0,631,8;9;10;11;12;13;44;47
1680,7,16201.9,holder,0,0,635,9;10;11;12;13;14;44;47
1680,8,16247.1,holder,0,0,832,10;11;12;13;14;44;47;169
1680,9,16294.4,holder,0,0,650,11;12;13;14;44;47;76;169
1680,10,16335.2,holder,0,0,1643,12;13;14;47;76;169
1680,11,16376.7,holder,0,0,487,13;14;15;47;76;130;142;169
1680,12,16417.0,holder,0,0,1641,14;15;47;49;76;130;169;170
1680,13,16467.1,holder,1,0,1580,14;15;16;49;76;77;130;142;169;170
1680,14,16518.8,holder,1,0,1485,15;16;49;77;130;142;170
1680,15,16577.2,holder,1,0,1471,16;17;19;49;50;51;77;79;80
1680,16,16668.6,holder,1,0,1512,17;19;21;51;54;79;80
1680,17,16755.1,holder,0,0,1444,21;23;55;56;57;58;84
1680,19,16825.0,holder,0,0,1524,23;25;26;55;56;57;58;84;86;87
1680,21,16886.9,holder,0,0,1438,23;25;26;57;58;84;86;87
1680,23,17019.3,holder,0,0,1495,26;29;86;87;89
1680,25,17075.8,holder,0,0,1312,87;89
1680,26,17138.9,holder,0,0,1506,29;89;107
1680,29,17263.7,holder,0,0,1660,107
1680,35,15909.1,holder,1,0,850,3;4;5;6;7;40
1680,40,16134.3,holder,1,0,733,7;8;9;10;11;12;44
1680,44,16335.5,holder,0,0,418,13;14;47;76;130;169
1680,47,16471.2,holder,0,0,1546,15;16;49;50;51;76;77;130;142;170
1680,49,16619.8,holder,0,0,1586,17;19;21;50;51;54;79;80
1680,50,16703.7,holder,0,0,1576,19;21;55;56;80
1680,51,16713.7,holder,0,0,1654,19;21;55;56;80
1680,54,16868.6,holder,0,0,1659,23;25;26;55;56;57;58;84;86
1680,55,16927.3,holder,0,0,1583,23;25;26;57;58;86;87;89
1680,56,16933.0,holder,0,0,1445,23;25;26;58;84;86;87
1680,57,16972.1,holder,0,0,1369,25;26;58;86;87;89
1680,58,17051.5,holder,0,0,1537,26;86;87;89
1680,68,15839.1,holder,1,0,907,2;3;4;5;35;40
1680,72,15758.2,holder,1,0,697,1;2;3;4;35
1680,76,16563.6,holder,0,0,1575,16;17;49;50;51;77;79;80;170
1680,77,16667.5,holder,0,0,1540,17;19;21;50;54;55;56;57;79;80;84
1680,79,16748.3,holder,0,0,1569,19;21;55;56;57;80;84
1680,80,16799.6,holder,0,0,1647,21;23;55;56;57;84
1680,84,16976.7,holder,0,0,1605,25;26;58;86;87;89
1680,86,17100.6,holder,0,0,1451,29;89;90
1680,87,17135.3,holder,0,0,1358,29;89;90
1680,89,17213.7,holder,0,0,1310,29;107
1680,90,17263.7,holder,0,1,1649,107
1680,91,17313.6,both,0,0,1677,107;180
1680,107,17378.6,crowd,0,0,1641,
1680,113,15971.9,holder,0,0,707,4;5;6;7;8;40;114
1680,114,16047.6,holder,0,0,736,6;7;8;9;10;40
1680,115,16095.5,holder,0,0,518,7;8;9;10;11;44
1680,116,16150.0,holder,0,0,719,7;9;10;11;12;13;44;149
1680,117,16211.2,holder,0,0,540,11;12;13;14;44;47;76;118
1680,118,16316.7,holder,0,0,495,13;14;15;47;49;76;130;142;151;169
1680,119,16369.8,holder,0,0,944,14;15;47;49;76;130;142;169
1680,123,15733.5,holder,1,0,772,1;2;3;35;68;157
1680,126,16793.3,holder,1,1,1633,21;23;55;56;57;84
1680,127,16843.8,holder,1,1,1623,23;25;54;55;56;57;58;84
1680,128,16975.7,holder,1,0,1591,23;25;26;58;86;87
1680,130,16579.2,holder,0,0,1476,16;17;19;49;50;77;79;80
1680,135,17154.1,holder,1,0,1381,29;89;90
1680,140,16492.1,holder,0,0,1527,15;16;49;50;51;77;130;142;169;170
1680,142,16541.7,holder,0,0,1650,15;16;17;49;50;77;79;170
1680,145,16007.3,holder,0,0,592,5;6;7;8;9;40;115
1680,146,16050.5,holder,0,0,612,6;7;8;9;10;11;40;116
1680,149,16263.9,holder,0,0,649,11;12;13;14;44;47;76;119
1680,151,16411.9,holder,0,0,1536,15;16;47;49;76;130;140;142;169;170
1680,153,15933.2,holder,0,0,673,4;5;6;40;145
1680,154,15887.9,holder,1,0,632,3;4;5;6;40;113;145
1680,157,15818.0,holder,1,0,697,2;3;4;5;35;153
1680,158,15776.9,holder,1,0,743,1;2;3;35
1680,159,15680.0,holder,1,0,754,68;72
1680,161,16654.2,holder,1,0,1490,17;19;21;51;54;56;79;80
1680,163,16719.7,holder,0,1,1668,17;19;21;54;56;79;80
1680,165,16841.5,holder,0,0,1637,23;25;54;55;56;57;58;84;166
1680,166,16937.4,holder,1,0,1602,23;25;26;58;84;86;87;168
1680,168,17009.4,holder,1,1,1368,25;26;58;86;87;89
1680,169,16522.0,holder,0,0,1577,15;16;49;50;51;77;130;170
1680,170,16601.1,holder,0,0,1539,16;17;19;50;51;79;80
1680,171,17117.2,holder,1,0,1567,29;87;89;90
1680,180,17379.7,crowd,0,0,1651,
1680,182,16430.4,holder,0,0,1472,15;16;49;76;130;140;142;169;170
1680,183,16496.7,holder,0,1,1548,15;16;49;50;51;77;130;142;170
1680,188,15963.6,holder,0,0,633,4;5;6;40;114;145
1680,189,16014.7,holder,0,1,582,5;6;7;8;40;114;115
1680,194,16368.8,holder,0,0,944,14;15;47;76;130;140;142;151;169
1680,195,15926.6,holder,1,0,645,4;5;6;40;113;114;145;189
1680,199,15692.7,holder,1,0,710,1;68;72
1800,1,15885.5,holder,1,0,743,2;3;4;5;6;40
1800,2,15937.7,holder,1,0,836,4;5;6;7;40
1800,3,15985.8,holder,1,0,701,5;6;7;8;9;40
1800,4,16041.7,holder,1,0,634,6;7;8;9;10;40;44
1800,5,16097.8,holder,1,0,632,7;8;9;10;11;12;44
1800,6,16159.5,holder,1,0,631,8;9;10;11;12;13;44;47
1800,7,16201.9,holder,1,0,635,9;10;11;12;13;14;44;47
1800,8,16247.1,holder,1,0,832,10;11;12;13;14;44;47;169
1800,9,16294.4,holder,1,0,650,11;12;13;14;44;47;76;169
1800,10,16335.2,holder,1,0,1643,12;13;14;47;76;142;169
1800,11,16376.7,holder,1,0,487,13;14;15;47;76;130;142;169
1800,12,16417.0,holder,1,0,1641,14;15;47;49;76;130;142;169;170
1800,13,16467.1,holder,1,0,1580,15;16;49;76;77;130;142;169;170
1800,14,16518.8,holder,1,0,1485,15;16;49;77;130;142;170
1800,15,16577.2,holder,0,0,1471,16;17;19;49;50;51;77;79;80
1800,16,16668.6,holder,0,0,1512,17;19;21;51;54;79;80
1800,17,16755.1,holder,0,0,1444,21;23;54;55;56;57;58;84
1800,19,16825.0,holder,0,0,1524,23;25;26;55;56;57;58;84;86;87
1800,21,16886.9,holder,0,0,1438,23;25;26;57;58;84;86;87;88
1800,23,17019.3,holder,0,0,1495,26;28;29;86;87;88;89
1800,25,17075.8,holder,0,0,1312,29;87;88;89;107;132
1800,26,17138.9,holder,1,0,1506,29;89;107;132
1800,28,17213.7,holder,0,0,1793,107;132
1800,29,17263.7,holder,0,0,1660,107;132
1800,35,15909.1,holder,1,0,850,3;4;5;6;7;40
1800,40,16134.3,holder,1,0,733,7;8;9;10;11;12;44
1800,44,16335.5,holder,1,0,418,13;14;47;76;130;169
1800,47,16471.2,holder,0,0,1546,15;16;49;50;51;76;77;130;142;170
1800,49,16619.8,holder,0,0,1586,17;19;21;50;51;54;79;80
1800,50,16703.7,holder,0,0,1576,19;21;54;55;56;80
1800,51,16713.7,holder,0,0,1654,19;21;54;55;56;80
1800,54,16868.6,holder,0,0,1659,23;25;26;55;56;57;58;84;86
1800,55,16927.3,holder,0,0,1583,23;25;26;57;58;86;87;88;89
1800,56,16933.0,holder,1,0,1445,23;25;26;58;84;86;87;88
1800,57,16972.1,holder,1,0,1369,25;26;28;58;86;87;88;89
1800,58,17051.5,holder,0,0,1537,26;29;86;87;88;89
1800,62,17262.1,both,0,0,1799,107
1800,68,15839.1,holder,1,0,907,2;3;4;5;35;40
1800,72,15758.2,holder,1,0,697,1;2;3;4;35
1800,76,16563.6,holder,0,0,1575,15;16;17;49;50;51;77;79;80;170
1800,77,16667.5,holder,0,0,1540,17;19;21;50;54;55;56;57;79;80;84
1800,79,16748.3,holder,0,0,1569,19;21;54;55;56;57;80;84
1800,80,16799.6,holder,0,0,1647,21;23;54;55;56;57;84
1800,84,16976.7,holder,0,0,1605,25;26;58;86;87;88;89
1800,86,17100.6,holder,1,0,1451,29;88;89;90;132
1800,87,17135.3,holder,1,0,1358,28;29;89;90;132
1800,88,17174.0,holder,1,0,1737,29;107;132;143
1800,89,17213.7,holder,0,0,1310,29;107;132;143
1800,90,17263.7,holder,0,1,1649,29;107;132;143
1800,91,17313.6,holder,0,0,1677,107;132;180
1800,107,17378.6,crowd,0,0,1641,
1800,113,15971.9,holder,1,0,707,4;5;6;7;8;40;114
1800,114,16049.1,holder,1,0,736,6;7;8;9;10;40
1800,115,16097.7,holder,0,0,518,7;8;9;10;11;44
1800,116,16152.6,holder,0,0,719,9;10;11;12;13;44;149
1800,117,16215.2,holder,0,0,540,11;12;13;14;44;47;76;118
1800,118,16322.4,holder,0,0,495,14;15;47;49;76;130;139;142;151;169
1800,119,16376.0,holder,0,0,944,14;15;47;49;76;130;139;142;169
1800,123,15733.5,holder,1,0,772,1;2;3;35;68;157
1800,126,16793.3,holder,1,1,1633,21;23;54;55;56;57;84
1800,127,16843.8,holder,1,1,1623,23;25;54;55;56;57;58;84
1800,128,16975.7,holder,1,0,1591,23;25;26;58;86;87;88
1800,130,16579.2,holder,0,0,1476,16;17;49;50;51;77;79;80
1800,131,17065.9,holder,0,0,1786,29;87;88;89;90;135
1800,132,17363.6,both,0,0,1764,180
1800,135,17154.1,holder,1,0,1381,29;89;90;91;107;132;143
1800,139,16456.4,holder,0,1,1685,15;16;49;50;76;77;130;140;141;142;169;170
1800,140,16505.0,holder,0,0,1527,15;16;49;50;51;77;130;141;142;170
1800,141,16573.8,holder,0,0,1725,16;17;19;49;50;51;77;79;80
1800,142,16541.7,holder,0,0,1650,15;16;17;49;50;51;77;79;170
1800,143,17349.7,both,0,0,1754,107;180
1800,145,16007.8,holder,1,0,592,5;6;7;8;9;40;115
1800,146,16051.7,holder,0,0,612,6;7;8;9;10;11;40;116
1800,149,16268.8,holder,0,0,649,11;12;13;14;44;47;76
1800,151,16418.4,holder,0,0,1536,15;16;47;49;76;130;140;142;169;170
1800,153,15933.2,holder,1,0,673,4;5;6;40;145
1800,154,15887.9,holder,1,0,632,3;4;5;6;40;113;145
1800,157,15818.0,holder,1,0,697,2;3;4;5;35;153
1800,158,15776.9,holder,1,0,743,1;2;3;35
1800,159,15680.0,holder,1,0,754,68;72
1800,161,16654.2,holder,1,0,1490,17;19;21;51;54;56;79;80
1800,163,16719.7,holder,1,1,1668,17;19;21;54;56;79;80
1800,165,16841.5,holder,1,0,1637,23;25;54;55;56;57;58;84;166
1800,166,16937.4,holder,1,0,1602,23;25;26;58;84;86;87;168
1800,168,17009.4,holder,1,1,1368,25;26;58;86;87;88;89
1800,169,16522.0,holder,0,0,1577,15;16;49;50;51;77;130;170
1800,170,16601.1,holder,0,0,1539,16;17;19;50;51;79;80
1800,171,17117.2,holder,1,0,1567,29;87;88;89;90;91;132;176
1800,176,17196.3,holder,1,1,1751,90;91;107;132;143
1800,180,17379.7,crowd,0,0,1651,
1800,182,16437.2,holder,0,0,1472,15;16;49;76;130;140;141;142;169;170;183
1800,183,16529.6,holder,0,1,1548,16;17;49;50;51;77;130;141;142;170
1800,188,15963.6,holder,1,0,633,4;5;6;40;114;145
1800,189,16014.7,holder,1,1,582,5;6;7;8;40;114;115
1800,194,16374.8,holder,0,0,944,14;15;47;49;76;130;139;140;142;151;169
1800,195,15926.6,holder,1,0,645,4;5;6;40;113;145;189
1800,199,15692.7,holder,1,0,710,1;68;72
1920,1,15885.5,holder,1,0,743,2;3;4;5;6;40
1920,2,15937.7,holder,1,0,836,4;5;6;7;40
1920,3,15985.8,holder,1,0,701,5;6;7;8;9;40
1920,4,16041.7,holder,1,0,634,6;7;8;9;10;40;44
1920,5,16097.8,holder,1,0,632,7;8;9;10;11;12;44
1920,6,16159.5,holder,1,0,631,8;9;10;11;12;13;44;47
1920,7,16201.9,holder,1,0,635,9;10;11;12;13;14;44;47
1920,8,16247.1,holder,1,0,832,10;11;12;13;14;44;47;169
1920,9,16294.4,holder,1,0,650,11;12;13;14;44;47;76;169
1920,10,16335.2,holder,1,0,1643,12;13;14;47;76;142;169
1920,11,16376.7,holder,1,0,487,13;14;15;47;76;130;142;169
1920,12,16417.0,holder,0,0,1641,14;15;47;49;76;130;142;169;170
1920,13,16467.1,holder,0,0,1580,15;16;49;76;77;130;142;169;170
1920,14,16518.8,holder,0,0,1485,15;16;49;77;130;142;170
1920,15,16577.2,holder,1,0,1471,16;17;19;49;50;51;77;79;80
1920,16,16668.6,holder,1,0,1512,17;19;21;51;54;79;80
1920,17,16755.1,holder,0,0,1444,21;23;54;55;56;57;58;84
1920,19,16825.0,holder,0,0,1524,23;25;26;55;56;57;58;83;84;86;87
1920,21,16886.9,holder,0,0,1438,23;25;26;57;58;83;84;86;87;88
1920,23,17019.3,holder,0,0,1495,26;28;29;62;86;87;88;89;132
1920,25,17075.8,holder,0,0,1312,28;29;62;87;88;89;107;132
1920,26,17138.9,holder,1,0,1506,29;62;89;107;132
1920,28,17213.7,holder,0,0,1793,107;132
1920,29,17263.7,holder,0,0,1660,107
1920,35,15909.1,holder,1,0,850,3;4;5;6;7;40
1920,40,16134.3,holder,1,0,733,7;8;9;10;11;12;44
1920,44,16335.5,holder,1,0,418,13;14;15;47;76;130;169
1920,47,16471.2,holder,0,0,1546,15;16;49;50;51;76;77;130;142;170
1920,49,16619.8,holder,0,0,1586,17;19;21;50;51;54;79;80
1920,50,16703.7,holder,0,0,1576,19;21;54;55;56;80
1920,51,16713.7,holder,0,0,1654,19;21;54;55;56;80
1920,54,16868.6,holder,0,0,1659,23;25;26;55;56;57;58;84;86
1920,55,16927.3,holder,0,0,1583,23;25;26;28;57;58;83;86;87;88;89
1920,56,16933.0,holder,1,0,1445,23;25;26;58;84;86;87;88
1920,57,16972.1,holder,1,0,1369,25;26;28;58;86;87;88;89
1920,58,17051.5,holder,0,0,1537,26;28;29;62;86;87;88;89
1920,62,17262.1,holder,0,0,1799,107
1920,68,15839.1,holder,1,0,907,2;3;4;5;35;40
1920,72,15758.2,holder,1,0,697,1;2;3;4;35
1920,76,16563.6,holder,0,0,1575,16;17;49;50;51;77;79;80;170
1920,77,16667.5,holder,0,0,1540,17;19;21;54;55;56;57;79;80;84
1920,79,16748.3,holder,0,0,1569,19;21;54;55;56;57;80;84
1920,80,16799.6,holder,0,0,1647,21;23;54;55;56;57;58;84
1920,83,17003.6,holder,0,0,1904,25;26;28;29;86;87;88;89
1920,84,16976.7,holder,0,0,1605,25;26;28;58;86;87;88;89
1920,86,17100.6,holder,1,0,1451,28;29;62;88;89;90;132
1920,87,17135.3,holder,1,0,1358,28;29;62;89;90;107;132
1920,88,17174.0,holder,1,0,1737,29;62;107;132;143
1920,89,17213.7,holder,1,0,1310,29;107;132;143
1920,90,17263.7,holder,0,1,1649,29;107;132;143
1920,91,17313.6,holder,0,0,1677,107;132
1920,107,17378.6,crowd,0,0,1641,
1920,113,15971.9,holder,1,0,707,4;5;6;7;8;40;114
1920,114,16049.1,holder,1,0,736,6;7;8;9;10;40
1920,115,16098.0,holder,0,0,518,7;8;9;10;11;44
1920,116,16153.2,holder,0,0,719,9;10;11;12;13;44;149
1920,117,16216.4,holder,0,0,540,11;12;13;14;44;47;76;118;169
1920,118,16324.5,holder,0,0,495,14;15;47;49;76;130;139;142;151;169
1920,119,16378.4,holder,0,0,944,14;15;47;49;76;130;139;142;169
1920,123,15733.5,holder,1,0,772,1;2;3;35;68;157
1920,126,16793.3,holder,1,1,1633,21;23;54;55;56;57;84
1920,127,16843.8,holder,1,1,1623,23;25;54;55;56;57;58;83;84
1920,128,16975.7,holder,1,0,1591,23;25;26;28;58;86;87;88
1920,130,16579.2,holder,0,0,1476,16;17;49;50;51;77;79;80
1920,131,17065.9,holder,1,0,1786,28;29;62;87;88;89;90;135
1920,132,17363.6,both,0,0,1764,180
1920,135,17154.1,holder,1,0,1381,29;62;89;90;91;107;132;143
1920,139,16462.4,holder,0,1,1685,15;16;49;50;76;77;130;140;141;142;169;170;183
1920,140,16512.3,holder,1,0,1527,15;16;17;49;50;51;77;130;141;170
1920,141,16573.8,holder,0,0,1725,16;17;19;49;50;51;77;79;80
1920,142,16541.7,holder,0,0,1650,15;16;17;49;50;51;77;79;170
1920,143,17349.7,both,0,0,1754,107
1920,145,16007.8,holder,1,0,592,5;6;7;8;9;40;115
1920,146,16051.7,holder,0,0,612,6;7;8;9;10;11;40;116
1920,149,16270.4,holder,0,0,649,11;12;13;14;44;47;76
1920,151,16420.9,holder,0,0,1536,15;16;47;49;76;130;140;141;142;169;170
1920,153,15933.2,holder,1,0,673,4;5;6;40;145
1920,154,15887.9,holder,1,0,632,3;4;5;6;40;113;145
1920,157,15818.0,holder,1,0,697,2;3;4;5;35;153
1920,158,15776.9,holder,1,0,743,1;2;3;35
1920,159,15680.0,holder,1,0,754,68;72
1920,161,16654.2,holder,1,0,1490,17;19;21;51;54;56;79;80
1920,163,16719.7,holder,1,1,1668,17;19;21;54;56;79;80
1920,165,16841.5,holder,1,0,1637,23;25;54;55;56;57;58;83;84;166
1920,166,16937.4,holder,1,0,1602,23;25;26;58;84;86;87;168
1920,168,17009.4,holder,1,1,1368,25;26;28;58;86;87;88;89
1920,169,16522.0,holder,0,0,1577,15;16;49;50;51;77;130;170
1920,170,16601.1,holder,0,0,1539,16;17;19;50;51;79;80
1920,171,17117.2,holder,1,0,1567,28;29;62;87;88;89;90;91;132;143;176
1920,176,17196.3,holder,1,1,1751,62;90;91;107;132;143
1920,182,16440.4,holder,0,0,1472,15;16;49;76;130;140;141;142;169;170;183
1920,183,16545.1,holder,1,0,1548,16;17;49;50;51;77;79;170
1920,188,15963.6,holder,1,0,633,4;5;6;40;114;145
1920,189,16014.7,holder,1,1,582,5;6;7;8;40;114;115
1920,194,16377.1,holder,0,0,944,14;15;47;49;76;130;139;140;142;151;169;182
1920,195,15926.6,holder,1,0,645,4;5;6;40;113;145;189
1920,199,15692.7,holder,1,0,710,1;68;72
2040,1,15885.5,holder,1,0,743,2;3;4;5;6;40
2040,2,15937.7,holder,1,0,836,4;5;6;7;40
2040,3,15985.8,holder,1,0,701,5;6;7;8;9;40
2040,4,16041.7,holder,1,0,634,6;7;8;9;10;40;44
2040,5,16097.8,holder,1,0,632,7;8;9;10;11;12;44
2040,6,16159.5,holder,1,0,631,8;9;10;11;12;13;44;47
2040,7,16201.9,holder,1,0,635,9;10;11;12;13;14;44;47
2040,8,16247.1,holder,1,0,832,10;11;12;13;14;44;47;169
2040,9,16294.4,holder,1,0,650,11;12;13;14;44;47;76;169
2040,10,16335.2,holder,1,0,1643,12;13;14;47;76;142;169
2040,11,16376.7,holder,1,0,487,13;14;15;47;76;130;142;169
2040,12,16417.0,holder,1,0,1641,14;15;47;49;76;130;142;169;170
2040,13,16467.1,holder,1,0,1580,15;16;49;76;77;130;142;169;170
2040,14,16518.8,holder,1,0,1485,15;16;49;77;130;142;170
2040,15,16577.2,holder,0,0,1471,16;17;19;49;50;51;77;79;80
2040,16,16668.6,holder,1,0,1512,17;19;21;51;54;79;80
2040,17,16755.1,holder,0,0,1444,21;23;54;55;56;57;58;83;84
2040,19,16825.0,holder,0,0,1524,23;25;26;55;56;57;58;83;84;86;87
2040,21,16886.9,holder,0,0,1438,23;25;26;57;58;83;84;86;87;88
2040,23,17019.3,holder,0,0,1495,26;28;62;86;87;88;89
2040,25,17075.8,holder,0,0,1312,28;62;87;88;89;132
2040,26,17138.9,holder,0,0,1506,62;89;132
2040,28,17213.7,holder,0,0,1793,132
2040,35,15909.1,holder,1,0,850,3;4;5;6;7;40
2040,40,16134.3,holder,1,0,733,7;8;9;10;11;12;44
2040,44,16335.5,holder,1,0,418,13;14;15;47;76;130;169
2040,47,16471.2,holder,0,0,1546,15;16;49;50;51;76;77;130;142;170
2040,49,16619.8,holder,0,0,1586,17;19;21;50;51;54;79;80
2040,50,16703.7,holder,0,0,1576,19;21;54;55;56;80
2040,51,16713.7,holder,0,0,1654,19;21;54;55;56;80
2040,54,16868.6,holder,0,0,1659,23;25;26;55;56;57;58;83;84;86
2040,55,16927.3,holder,0,0,1583,23;25;26;28;57;58;83;86;87;88;89
2040,56,16933.0,holder,1,0,1445,23;25;26;58;83;84;86;87;88
2040,57,16972.1,holder,1,0,1369,25;26;28;58;86;87;88;89
2040,58,17051.5,holder,0,0,1537,26;28;62;86;87;88;89
2040,68,15839.1,holder,1,0,907,2;3;4;5;35;40
2040,72,15758.2,holder,1,0,697,1;2;3;4;35
2040,76,16563.6,holder,0,0,1575,16;17;49;50;51;77;79;80;170
2040,77,16667.5,holder,0,0,1540,17;19;21;50;54;55;56;79;80;84
2040,79,16748.3,holder,0,0,1569,19;21;54;55;56;57;80;84
2040,80,16799.6,holder,0,0,1647,21;23;54;55;56;57;84
2040,83,17003.6,holder,0,0,1904,25;26;28;86;87;88;89
2040,84,16976.7,holder,0,0,1605,25;26;28;58;86;87;88;89
2040,86,17100.6,holder,0,0,1451,28;62;88;89;90;132
2040,87,17135.3,holder,0,0,1358,28;89;90;132
2040,88,17174.0,holder,0,0,1737,62;132;143
2040,89,17213.7,holder,0,0,1310,132;143
2040,90,17263.7,holder,0,1,1649,132;143
2040,91,17313.6,holder,0,0,1677,132
2040,113,15971.9,holder,1,0,707,4;5;6;7;8;40;114
2040,114,16049.9,holder,1,0,736,6;7;8;9;10;40
2040,115,16099.2,holder,0,0,518,7;8;9;10;11;44
2040,116,16154.2,holder,1,0,719,9;10;11;12;13;14;44;149
2040,117,16217.2,holder,1,0,540,11;12;13;14;44;47;76;118;169
2040,118,16324.9,holder,1,0,495,14;15;47;49;76;130;142;151;169
2040,119,16378.5,holder,1,0,944,14;15;47;49;76;130;139;142;169
2040,123,15733.5,holder,1,0,772,1;2;3;35;68;157
2040,126,16793.3,holder,1,1,1633,21;23;54;55;56;57;84
2040,127,16843.8,holder,1,1,1623,23;25;54;55;56;57;58;83;84
2040,128,16975.7,holder,1,0,1591,23;25;26;28;58;83;86;87
2040,130,16579.2,holder,0,0,1476,16;17;49;50;51;77;79;80
2040,131,17065.9,holder,1,0,1786,26;28;62;87;88;89;90;135
2040,132,17363.6,crowd,0,0,1764,
2040,135,17154.1,holder,1,0,1381,89;90;91;132;143
2040,139,16476.2,holder,0,1,1685,15;16;49;50;77;130;140;141;142;169;170;183
2040,140,16515.8,holder,0,0,1527,15;16;17;49;50;51;77;130;141;170
2040,141,16573.8,holder,0,0,1725,16;17;19;49;50;51;77;79;80
2040,142,16541.7,holder,0,0,1650,15;16;17;49;50;51;77;79;170
2040,143,17349.7,crowd,0,0,1754,
2040,145,16007.8,holder,1,0,592,5;6;7;8;9;40;115
2040,146,16051.9,holder,0,0,612,6;7;8;9;10;11;40;116
2040,149,16271.0,holder,1,0,649,11;12;13;14;44;47;76
2040,151,16420.9,holder,1,0,1536,15;16;47;49;76;130;140;141;142;169;170
2040,153,15933.2,holder,1,0,673,4;5;6;40;145
2040,154,15887.9,holder,1,0,632,3;4;5;6;40;113;145
2040,157,15818.0,holder,1,0,697,2;3;4;5;35;153
2040,158,15776.9,holder,1,0,743,1;2;3;35
2040,159,15680.0,holder,1,0,754,68;72
2040,161,16654.2,holder,1,0,1490,17;19;21;51;54;56;79;80
2040,163,16719.7,holder,1,1,1668,17;19;21;54;56;79;80
2040,165,16841.5,holder,1,0,1637,23;25;54;55;56;57;58;83;84;166
2040,166,16937.4,holder,1,0,1602,23;25;26;58;83;84;86;87;168
2040,168,17009.4,holder,1,1,1368,25;26;28;58;86;87;88;89
2040,169,16522.0,holder,0,0,1577,15;16;49;50;51;77;130;170
2040,170,16601.1,holder,0,0,1539,16;17;19;50;51;79;80
2040,171,17117.2,holder,1,0,1567,28;62;87;88;89;90;91;132;176
2040,176,17196.3,holder,1,1,1751,90;91;132;143
2040,182,16445.4,holder,0,0,1472,15;16;49;76;130;140;141;142;169;170;183
2040,183,16551.0,holder,0,0,1548,16;17;49;50;51;77;79;170
2040,188,15963.6,holder,1,0,633,4;5;6;40;114;145
2040,189,16014.7,holder,1,1,582,5;6;7;8;40;114;115
2040,194,16377.3,holder,1,0,944,14;15;47;49;76;130;139;140;142;151;169;182
2040,195,15926.6,holder,1,0,645,4;5;6;40;113;145;189
2040,199,15692.7,holder,1,0,710,1;68;72
2160,1,15885.5,holder,1,0,743,2;3;4;5;6;40
2160,2,15937.7,holder,1,0,836,4;5;6;7;40
2160,3,15985.8,holder,1,0,701,5;6;7;8;9;40
2160,4,16041.7,holder,1,0,634,6;7;8;9;10;40;44
2160,5,16097.8,holder,1,0,632,7;8;9;10;11;12;44
2160,6,16159.5,holder,1,0,631,8;9;10;11;12;13;44;47
2160,7,16201.9,holder,1,0,635,9;10;11;12;13;14;44;47
2160,8,16247.1,holder,1,0,832,10;11;12;13;14;44;47;169
2160,9,16294.4,holder,1,0,650,11;12;13;14;44;47;76;169
2160,10,16335.2,holder,1,0,1643,12;13;14;47;76;142;169
2160,11,16376.7,holder,1,0,487,13;14;15;47;76;130;142;169
2160,12,16417.0,holder,1,0,1641,14;15;47;49;76;130;142;169;170
2160,13,16467.1,holder,1,0,1580,15;16;49;76;77;130;142;169;170
2160,14,16518.8,holder,1,0,1485,15;16;49;77;130;142;170
2160,15,16577.2,holder,1,0,1471,16;17;19;49;50;51;77;79;80
2160,16,16668.6,holder,0,0,1512,17;19;21;51;54;79;80
2160,17,16755.1,holder,0,0,1444,21;23;54;55;56;57;58;83;84
2160,19,16825.0,holder,0,0,1524,23;25;26;55;56;57;58;83;84;86;87
2160,21,16886.9,holder,0,0,1438,23;25;26;57;58;83;84;86;87
2160,23,17019.3,holder,0,0,1495,26;28;86;87;88;89
2160,25,17075.8,holder,0,0,1312,28;87;88;89;132
2160,26,17138.9,holder,0,0,1506,89;132
2160,28,17213.7,holder,0,0,1793,132
2160,35,15909.1,holder,1,0,850,3;4;5;6;7;40
2160,40,16134.3,holder,1,0,733,7;8;9;10;11;12;44
2160,44,16335.5,holder,1,0,418,13;14;15;47;76;130;169
2160,47,16471.2,holder,1,0,1546,15;16;49;50;51;76;77;130;142;170
2160,49,16619.8,holder,0,0,1586,17;19;21;50;51;54;79;80
2160,50,16703.7,holder,0,0,1576,19;21;54;55;56;80
2160,51,16713.7,holder,0,0,1654,19;21;54;55;56;80
2160,54,16868.6,holder,0,0,1659,23;25;26;55;56;57;58;83;84;86
2160,55,16927.3,holder,0,0,1583,23;25;26;28;57;58;83;86;87;88;89
2160,56,16933.0,holder,1,0,1445,23;25;26;58;83;84;86;87;88
2160,57,16972.1,holder,1,0,1369,25;26;28;58;86;87;88;89
2160,58,17051.5,holder,0,0,1537,26;28;86;87;88;89
2160,68,15839.1,holder,1,0,907,2;3;4;5;35;40
2160,72,15758.2,holder,1,0,697,1;2;3;4;35
2160,76,16563.6,holder,0,0,1575,16;17;49;50;51;77;79;80;170
2160,77,16667.5,holder,0,0,1540,17;19;21;50;54;55;56;79;80;84
2160,79,16748.3,holder,0,0,1569,19;21;54;55;56;57;80;84
2160,80,16799.6,holder,0,0,1647,21;23;54;55;56;57;84
2160,83,17003.6,holder,0,0,1904,25;26;28;86;87;88;89
2160,84,16976.7,holder,0,0,1605,25;26;28;58;86;87;88;89
2160,86,17100.6,holder,0,0,1451,28;88;89;90;132
2160,87,17135.3,holder,0,0,1358,28;89;90;132
2160,88,17174.0,holder,0,0,1737,132;143
2160,89,17213.7,holder,0,0,1310,132;143
2160,90,17263.7,holder,0,1,1649,132;143
2160,91,17313.6,holder,0,0,1677,132;180
2160,113,15971.9,holder,1,0,707,4;5;6;7;8;40;114
2160,114,16050.2,holder,1,0,736,6;7;8;9;10;40
2160,115,16099.4,holder,0,0,518,7;8;9;10;11;44
2160,116,16154.2,holder,1,0,719,9;10;11;12;13;14;44;149
2160,117,16217.2,holder,1,0,540,11;12;13;14;44;47;76;118;169
2160,118,16324.9,holder,1,0,495,14;15;47;49;76;130;142;151;169
2160,119,16378.5,holder,1,0,944,14;15;47;49;76;130;140;142;169;182
2160,123,15733.5,holder,1,0,772,1;2;3;35;68;157
2160,126,16793.3,holder,1,1,1633,21;23;54;55;56;57;84
2160,127,16843.8,holder,1,1,1623,23;25;54;55;56;57;58;83;84
2160,128,16975.7,holder,1,0,1591,23;25;26;28;58;83;86;87
2160,130,16579.2,holder,0,0,1476,16;17;49;50;51;77;79
2160,131,17065.9,holder,1,0,1786,26;28;87;88;89;90;135
2160,132,17363.6,both,0,0,1764,180
2160,135,17154.1,holder,1,0,1381,89;90;91;132;143
2160,139,16495.9,holder,0,0,1685,15;16;49;50;51;77;130;141;142;170
2160,140,16518.0,holder,0,0,1527,15;16;17;49;50;51;77;130;170
2160,141,16573.8,holder,0,0,1725,16;17;19;49;50;51;77;79;80
2160,142,16541.7,holder,0,0,1650,15;16;17;49;50;51;77;79;170
2160,143,17349.7,both,0,0,1754,180
2160,145,16007.9,holder,1,0,592,5;6;7;8;9;40;115
2160,146,16051.9,holder,0,0,612,6;7;8;9;10;11;40;116
2160,149,16271.0,holder,1,0,649,11;12;13;14;44;47;76
2160,151,16420.9,holder,1,0,1536,15;16;47;49;76;130;139;140;141;142;169;170
2160,153,15933.2,holder,1,0,673,4;5;6;40;145
2160,154,15887.9,holder,1,0,632,3;4;5;6;40;113;145
2160,157,15818.0,holder,1,0,697,2;3;4;5;35;153
2160,158,15776.9,holder,1,0,743,1;2;3;35
2160,159,15680.0,holder,1,0,754,68;72
2160,161,16654.2,holder,1,0,1490,17;19;21;51;54;56;79;80
2160,163,16719.7,holder,1,1,1668,17;19;21;54;56;79;80
2160,165,16841.5,holder,1,0,1637,23;25;54;55;56;57;58;83;84;166
2160,166,16937.4,holder,1,0,1602,23;25;26;58;83;84;86;87;168
2160,168,17009.4,holder,1,1,1368,25;26;28;58;86;87;88;89
2160,169,16522.0,both,0,0,1577,15;16;49;50;51;77;130;141;170
2160,170,16601.1,holder,0,0,1539,16;17;19;50;51;79;80
2160,171,17117.2,holder,1,0,1567,28;87;88;89;90;91;132;176
2160,176,17196.3,holder,1,1,1751,90;91;132;143
2160,180,17379.7,crowd,0,0,2062,
2160,182,16456.3,holder,0,0,1472,15;16;49;50;76;77;130;140;141;142;169;170;183
2160,183,16551.8,holder,0,0,1548,16;17;49;50;51;77;79;170
2160,188,15963.6,holder,1,0,633,4;5;6;40;114;145
2160,189,16014.7,holder,1,1,582,5;6;7;8;40;114;115
2160,194,16377.3,holder,1,0,944,14;15;47;49;76;130;139;140;142;151;169;182
2160,195,15926.6,holder,1,0,645,4;5;6;40;113;145;189
2160,199,15692.7,holder,1,0,710,1;68;72
2280,1,15885.5,holder,1,0,743,2;3;4;5;6;40
2280,2,15937.7,holder,1,0,836,4;5;6;7;40
2280,3,15985.8,holder,1,0,701,5;6;7;8;9;40
2280,4,16041.7,holder,1,0,634,6;7;8;9;10;40;44
2280,5,16097.8,holder,1,0,632,7;8;9;10;11;12;44
2280,6,16159.5,holder,1,0,631,8;9;10;11;12;13;44;47
2280,7,16201.9,holder,1,0,635,9;10;11;12;13;14;44;47
2280,8,16247.1,holder,1,0,832,10;11;12;13;14;44;47;169
2280,9,16294.4,holder,1,0,650,11;12;13;14;44;47;76;169
2280,10,16335.2,holder,1,0,1643,12;13;14;47;76;142;169
2280,11,16376.7,holder,1,0,487,13;14;15;47;76;130;142;169
2280,12,16417.0,holder,0,0,1641,14;15;47;49;76;130;142;169;170
2280,13,16467.1,holder,0,0,1580,15;16;49;76;77;130;142;169;170
2280,14,16518.8,holder,0,0,1485,15;16;49;77;130;142;170
2280,15,16577.2,holder,0,0,1471,16;17;19;49;50;51;77;79;80
2280,16,16668.6,holder,1,0,1512,17;19;21;51;54;79;80
2280,17,16755.1,holder,0,0,1444,21;23;54;55;56;57;58;83;84
2280,19,16825.0,holder,0,0,1524,23;25;55;56;57;58;83;84;86;87
2280,21,16886.9,holder,0,0,1438,23;25;26;57;58;83;84;86;87
2280,23,17019.3,holder,0,0,1495,26;86;87;88;89
2280,25,17075.8,holder,0,0,1312,62;87;88;89
2280,26,17138.9,holder,0,0,1506,62;89
2280,35,15909.1,holder,1,0,850,3;4;5;6;7;40
2280,40,16134.3,holder,1,0,733,7;8;9;10;11;12;44
2280,44,16335.5,holder,1,0,418,13;14;15;47;76;130;169
2280,47,16471.2,holder,0,0,1546,15;16;49;50;51;76;77;130;142;170
2280,49,16619.8,holder,0,0,1586,17;19;21;50;51;54;79;80
2280,50,16703.7,holder,1,0,1576,19;21;54;55;56;80
2280,51,16713.7,holder,1,0,1654,19;21;54;55;56;80;84
2280,54,16868.6,holder,0,0,1659,23;25;26;55;56;57;58;83;84;86
2280,55,16927.3,holder,1,0,1583,23;25;26;57;58;83;86;87;88;89
2280,56,16933.0,holder,1,0,1445,23;25;26;58;83;84;86;87;88
2280,57,16972.1,holder,1,0,1369,25;26;58;86;87;88;89
2280,58,17051.5,holder,0,0,1537,26;62;86;87;88;89
2280,68,15839.1,holder,1,0,907,2;3;4;5;35;40
2280,72,15758.2,holder,1,0,697,1;2;3;4;35
2280,76,16563.6,holder,0,0,1575,16;17;49;50;51;77;79;80;170
2280,77,16667.5,holder,1,0,1540,17;19;21;50;54;55;56;79;80;84
2280,79,16748.3,holder,0,0,1569,19;21;54;55;56;57;80;84
2280,80,16799.6,holder,0,0,1647,21;23;54;55;56;57;84
2280,83,17003.9,holder,0,0,1904,25;26;86;87;88;89
2280,84,16976.7,holder,1,0,1605,25;26;58;86;87;88;89
2280,86,17100.6,holder,0,0,1451,62;88;89;90
2280,87,17135.3,holder,0,0,1358,89;90
2280,88,17174.0,holder,0,0,1737,62;143
2280,89,17213.7,holder,0,0,1310,143
2280,90,17263.7,holder,0,0,1649,143
2280,113,15971.9,holder,1,0,707,4;5;6;7;8;40;114
2280,114,16050.2,holder,1,0,736,6;7;8;9;10;40
2280,115,16099.4,holder,0,0,518,7;8;9;10;11;44
2280,116,16154.2,holder,1,0,719,9;10;11;12;13;14;44;149
2280,117,16217.2,holder,1,0,540,11;12;13;14;44;47;76;118;169
2280,118,16324.9,holder,1,0,495,14;15;47;49;76;130;140;142;151;169;182
2280,119,16378.5,holder,1,0,944,14;15;47;49;76;130;140;142;169;182
2280,123,15733.5,holder,1,0,772,1;2;3;35;68;157
2280,126,16793.3,holder,1,1,1633,21;23;54;55;56;57;84
2280,127,16843.8,holder,1,1,1623,23;25;54;55;56;57;58;83;84
2280,128,16975.7,holder,1,0,1591,23;25;26;58;83;86;87
2280,130,16579.2,holder,0,0,1476,16;17;49;50;51;77;79;80
2280,131,17065.9,holder,1,0,1786,26;62;87;88;89;90;135
2280,135,17154.1,holder,1,0,1381,89;90;143
2280,139,16498.5,holder,1,0,1685,15;16;49;50;51;77;130;141;142;170
2280,140,16518.0,holder,0,0,1527,15;16;17;49;50;51;77;130;170
2280,141,16573.8,holder,0,0,1725,16;17;19;49;50;51;77;79;80
2280,142,16541.7,holder,0,0,1650,15;16;17;49;50;51;77;79;170
2280,143,17349.7,crowd,0,0,1754,
2280,145,16007.9,holder,1,0,592,5;6;7;8;9;40;115
2280,146,16052.1,holder,0,0,612,6;7;8;9;10;11;40;116
2280,149,16271.0,holder,1,0,649,11;12;13;14;44;47;76
2280,151,16420.9,holder,1,0,1536,15;16;47;49;76;130;139;140;141;142;169;170
2280,153,15933.2,holder,1,0,673,4;5;6;40;145
2280,154,15887.9,holder,1,0,632,3;4;5;6;40;113;145
2280,157,15818.0,holder,1,0,697,2;3;4;5;35;153
2280,158,15776.9,holder,1,0,743,1;2;3;35
2280,159,15680.0,holder,1,0,754,68;72
2280,161,16654.2,holder,1,0,1490,17;19;21;51;54;56;79;80
2280,163,16719.7,holder,1,1,1668,17;19;21;54;56;79;80
2280,165,16841.5,holder,1,0,1637,23;25;54;55;56;57;58;83;84;166
2280,166,16937.4,holder,1,0,1602,23;25;26;58;83;84;86;168
2280,168,17009.4,holder,1,1,1368,25;26;58;86;87;88
2280,169,16522.0,both,0,0,1577,15;16;49;50;51;77;130;141;170
2280,170,16601.1,holder,0,0,1539,16;17;19;50;51;79;80
2280,171,17117.2,holder,1,0,1567,87;88;89;90;176
2280,176,17196.3,holder,1,1,1751,90;143
2280,182,16457.9,holder,1,0,1472,15;16;49;50;76;77;130;140;141;142;169;170;183
2280,183,16551.8,holder,0,0,1548,16;17;49;50;51;77;79;130;170
2280,188,15963.6,holder,1,0,633,4;5;6;40;114;145
2280,189,16014.7,holder,1,1,582,5;6;7;8;40;114;115
2280,194,16377.3,holder,1,0,944,14;15;47;49;76;130;139;140;142;151;169;182
2280,195,15926.6,holder,1,0,645,4;5;6;40;113;145;189
2280,199,15692.7,holder,1,0,710,1;68;72
2400,1,15885.5,holder,1,0,743,2;3;4;5;6;40
2400,2,15937.7,holder,1,0,836,4;5;6;7;40
2400,3,15985.8,holder,1,0,701,5;6;7;8;9;40
2400,4,16041.7,holder,1,0,634,6;7;8;9;10;40;44
2400,5,16097.8,holder,1,0,632,7;8;9;10;11;12;44
2400,6,16159.5,holder,1,0,631,8;9;10;11;12;13;44;47
2400,7,16201.9,holder,1,0,635,9;10;11;12;13;14;44;47
2400,8,16247.1,holder,1,0,832,10;11;12;13;14;44;47;169
2400,9,16294.4,holder,1,0,650,11;12;13;14;44;47;76;169
2400,10,16335.2,holder,1,0,1643,12;13;14;47;76;142;169
2400,11,16376.7,holder,1,0,487,13;14;15;47;76;130;142;169
2400,12,16417.0,holder,1,0,1641,14;15;47;49;76;130;142;169;170
2400,13,16467.1,holder,1,0,1580,15;16;49;76;77;130;142;169;170
2400,14,16518.8,holder,1,0,1485,15;16;49;77;130;142;170
2400,15,16577.2,holder,1,0,1471,16;17;19;49;50;51;77;79;80
2400,16,16668.6,holder,1,0,1512,17;19;21;51;54;79;80
2400,17,16755.1,holder,0,0,1444,21;23;54;55;56;57;58;83;84
2400,19,16825.0,holder,0,0,1524,23;25;55;56;57;58;83;84;86;87
2400,21,16886.9,holder,0,0,1438,23;25;26;57;58;83;84;86;87
2400,23,17019.3,holder,0,0,1495,26;28;86;87;88;89
2400,25,17075.8,holder,0,0,1312,28;87;88;89;132
2400,26,17138.9,holder,1,0,1506,89;132
2400,28,17213.7,holder,0,0,2348,132
2400,35,15909.1,holder,1,0,850,3;4;5;6;7;40
2400,40,16134.3,holder,1,0,733,7;8;9;10;11;12;44
2400,44,16335.5,holder,1,0,418,13;14;15;47;76;130;142;169
2400,47,16471.2,holder,1,0,1546,15;16;49;50;51;76;77;130;142;170
2400,49,16619.8,holder,0,0,1586,17;19;21;50;51;54;79;80
2400,50,16703.7,holder,0,0,1576,19;21;54;55;56;80
2400,51,16713.7,holder,0,0,1654,19;21;54;55;56;80;84
2400,54,16868.6,holder,0,0,1659,23;25;26;56;57;58;83;84;86
2400,55,16927.3,holder,0,0,1583,23;25;26;28;57;58;83;86;87;88;89
2400,56,16933.0,holder,0,0,1445,23;25;26;58;83;86;87;88
2400,57,16972.1,holder,1,0,1369,25;26;28;58;86;87;88;89
2400,58,17051.5,holder,0,0,1537,26;28;86;87;88;89
2400,68,15839.1,holder,1,0,907,2;3;4;5;35;40
2400,72,15758.2,holder,1,0,697,1;2;3;4;35
2400,76,16563.6,holder,0,1,1575,15;16;17;49;50;51;77;79;80;170
2400,77,16667.5,holder,0,0,1540,17;19;21;50;54;55;56;79;80;84
2400,79,16748.3,holder,0,0,1569,19;21;54;55;56;57;80;84
2400,80,16799.6,holder,0,0,1647,21;23;54;55;56;57;84
2400,83,17004.1,holder,1,0,1904,25;26;28;86;87;88;89
2400,84,16976.7,holder,1,0,1605,23;25;26;28;58;86;87;88;89
2400,86,17101.0,holder,0,0,1451,28;88;89;90;132
2400,87,17137.2,holder,0,0,1358,28;89;90;132
2400,88,17174.4,holder,0,0,1737,132;143
2400,89,17214.0,holder,0,0,1310,132;143
2400,90,17263.7,holder,0,0,1649,132;143
2400,113,15971.9,holder,1,0,707,4;5;6;7;8;40;114
2400,114,16050.3,holder,1,0,736,6;7;8;9;10;40
2400,115,16099.6,holder,0,0,518,7;8;9;10;11;44
2400,116,16154.3,holder,1,0,719,9;10;11;12;13;14;44;149
2400,117,16217.2,holder,1,0,540,11;12;13;14;44;47;76;118;169
2400,118,16324.9,holder,1,0,495,14;15;47;49;76;130;140;142;151;169;182
2400,119,16378.5,holder,1,0,944,14;15;47;49;76;130;140;142;169;182
2400,123,15733.5,holder,1,0,772,1;2;3;35;68;157
2400,126,16793.3,holder,1,1,1633,21;23;54;55;56;57;83;84
2400,127,16843.8,holder,1,1,1623,23;25;54;55;56;57;58;83;84
2400,128,16975.7,holder,1,0,1591,23;25;26;58;83;86;87
2400,130,16579.2,holder,1,0,1476,16;17;49;50;51;77;79;80
2400,131,17065.9,holder,1,0,1786,26;28;86;87;88;89;90;135
2400,132,17363.6,crowd,0,0,2347,
2400,135,17154.1,holder,1,0,1381,89;90;132;143
2400,139,16498.5,holder,1,0,1685,15;16;49;50;51;77;130;141;142;170
2400,140,16518.0,holder,0,0,1527,15;16;17;49;50;51;77;130;170
2400,141,16573.8,holder,0,0,1725,16;17;19;49;50;51;77;79;80
2400,142,16541.7,holder,0,0,1650,15;16;17;49;50;51;77;79;170
2400,143,17349.7,crowd,0,0,1754,
2400,145,16008.0,holder,1,0,592,5;6;7;8;9;40;115
2400,146,16052.1,holder,0,0,612,6;7;8;9;10;11;40;116
2400,149,16271.0,holder,1,0,649,11;12;13;14;44;47;76
2400,151,16420.9,holder,1,0,1536,15;16;47;49;76;130;139;140;141;142;169;170;183
2400,153,15933.2,holder,1,0,673,4;5;6;40;145
2400,154,15887.9,holder,1,0,632,3;4;5;6;40;113;145
2400,157,15818.0,holder,1,0,697,2;3;4;5;35;153
2400,158,15776.9,holder,1,0,743,1;2;3;35
2400,159,15680.0,holder,1,0,754,68;72
2400,161,16654.2,holder,1,0,1490,17;19;21;51;54;56;79;80
2400,163,16719.7,holder,1,1,1668,17;19;21;54;56;79;80
2400,165,16841.5,holder,1,0,1637,23;25;54;55;56;57;58;83;84;166
2400,166,16937.4,holder,1,0,1602,23;25;26;58;83;84;86;168
2400,168,17009.4,holder,1,1,1368,25;26;28;58;86;87;88
2400,169,16522.0,both,1,0,1577,15;16;49;50;51;77;130;141;170
2400,170,16601.1,holder,0,0,1539,16;17;19;50;51;79;80
2400,171,17117.2,holder,1,0,1567,28;87;88;89;90;132;176
2400,176,17196.3,holder,1,1,1751,90;132;143
2400,182,16457.9,holder,1,0,1472,15;16;49;50;76;77;130;140;141;142;169;170;183
2400,183,16551.8,holder,0,0,1548,16;17;49;50;51;77;79;130;170
2400,188,15963.6,holder,1,0,633,4;5;6;40;114;145
2400,189,16014.7,holder,1,1,582,5;6;7;8;40;114;115
2400,194,16377.3,holder,1,0,944,14;15;47;49;76;130;139;140;142;151;169;182
2400,195,15926.6,holder,1,0,645,4;5;6;40;113;145;189
2400,199,15692.7,holder,1,0,710,1;68;72
