tick,id,began,cause
592,188,545,clear
601,109,314,clear
611,66,315,clear
629,32,411,clear
635,108,322,clear
643,65,443,clear
644,63,393,gone_fusion
646,92,315,clear
646,174,315,clear
648,132,314,clear
657,107,464,clear
663,29,315,clear
664,91,448,clear
667,31,422,clear
668,62,393,clear
672,143,315,clear
676,186,315,clear
685,181,315,clear
696,90,315,clear
698,180,315,clear
715,28,315,clear
716,88,315,clear
720,138,315,clear
724,89,315,clear
726,177,353,clear
727,26,373,clear
727,86,454,clear
728,135,449,clear
732,125,469,gone_fusion
735,176,440,clear
748,87,435,clear
752,25,315,clear
752,58,634,clear
752,172,637,clear
760,23,568,clear
765,131,453,clear
766,85,330,clear
773,171,416,clear
779,84,484,clear
780,57,423,clear
783,83,332,clear
785,167,454,gone_fusion
788,128,417,clear
789,55,717,clear
795,168,637,clear
800,21,373,clear
809,56,452,clear
814,54,522,clear
816,19,373,clear
821,50,787,clear
822,79,451,clear
830,163,737,clear
832,127,489,clear
834,17,449,clear
837,165,373,clear
839,51,723,clear
844,161,597,clear
850,100,669,gone_fusion
853,49,419,clear
854,130,492,clear
857,200,460,clear
861,126,809,clear
863,77,746,clear
867,15,457,clear
875,170,363,clear
876,76,441,clear
882,169,526,clear
883,47,450,clear
900,13,566,clear
910,14,460,clear
919,12,612,clear
921,11,471,clear
924,44,749,clear
934,9,650,clear
943,10,487,clear
949,118,559,clear
952,117,537,clear
961,7,635,clear
964,8,828,clear
968,5,632,clear
977,116,633,clear
983,6,632,clear
988,40,647,clear
990,115,474,clear
1002,3,743,clear
1010,4,634,clear
1010,114,718,clear
1014,113,758,clear
1014,146,612,clear
1016,145,488,clear
1017,188,712,clear
1022,189,584,clear
1024,35,841,clear
1025,154,756,clear
1032,153,716,clear
1040,2,769,clear
1043,1,763,clear
1044,195,595,clear
1052,157,638,clear
1057,95,749,clear
1059,68,864,clear
1059,199,806,clear
1063,158,894,clear
1070,72,676,clear
1083,123,668,clear
1098,159,671,clear
1301,169,1243,clear
1307,11,1248,clear
1313,7,1271,clear
1316,194,1261,clear
1320,107,1253,clear
1324,90,1272,clear
1350,119,1292,clear
1351,6,1306,clear
1353,149,1267,clear
1357,91,1299,clear
1359,40,1307,clear
1359,117,1304,clear
1367,4,1287,clear
1379,138,1337,clear
1381,180,1285,clear
1385,29,1319,clear
1387,154,1333,clear
1403,88,1339,clear
1408,89,1364,clear
1419,177,1304,clear
1424,26,1286,clear
1427,86,1304,clear
1429,131,1321,clear
1434,25,1330,clear
1439,58,1352,clear
1444,168,1338,clear
1446,57,1331,clear
1449,23,1336,clear
1449,171,1417,clear
1450,84,1365,clear
1451,21,1350,clear
1451,166,1374,clear
1456,55,1413,clear
1466,56,1360,clear
1468,54,1430,clear
1469,80,1437,clear
1470,16,1393,clear
1473,165,1364,clear
1495,17,1357,clear
1498,51,1433,clear
1502,126,1451,clear
1508,161,1447,clear
1512,50,1474,clear
1519,49,1400,clear
1519,163,1407,clear
1534,77,1491,clear
1537,142,1387,clear
1537,170,1370,clear
1552,15,1417,clear
1560,76,1366,clear
1564,169,1433,clear
1565,14,1411,clear
1569,183,1481,clear
1572,140,1442,clear
1581,47,1416,clear
1587,182,1368,clear
1591,13,1502,clear
1597,12,1401,clear
1597,62,1512,clear
1606,44,1367,clear
1608,151,1485,clear
1613,11,1471,clear
1622,9,1434,clear
1622,88,1546,clear
1626,171,1593,clear
1632,86,1540,clear
1637,10,1403,clear
1642,7,1447,clear
1646,131,1608,clear
1647,8,1543,clear
1650,115,1282,clear
1661,116,1321,clear
1662,83,1584,clear
1664,58,1613,clear
1667,4,1548,clear
1675,35,1494,clear
1676,23,1626,clear
1683,189,1359,clear
1689,145,1358,clear
1691,2,1557,clear
1693,114,1503,clear
1696,3,1570,clear
1702,1,1596,clear
1704,153,1610,clear
1713,113,1507,clear
1714,154,1579,clear
1714,188,1336,clear
1718,68,1558,clear
1722,72,1623,clear
1728,157,1607,clear
1730,195,1416,clear
1731,158,1694,clear
1738,199,1566,clear
1742,159,1602,clear
1755,123,1615,clear
1755,174,1717,clear
1779,90,1729,clear
1783,180,1723,clear
1811,91,1660,clear
1824,138,1693,clear
1833,89,1723,clear
2166,90,2064,clear
2180,89,2129,clear
2215,143,1882,clear
2227,62,1760,clear
2228,28,1689,clear
2240,26,1825,clear
2240,88,1727,clear
2248,87,1757,clear
2250,135,1771,clear
2256,177,1733,clear
2260,171,1941,clear
2263,131,1839,clear
2268,86,1791,clear
2269,25,1803,clear
2277,23,1990,clear
2278,58,1818,clear
2288,83,1978,clear
2291,128,1579,clear
2293,57,1601,clear
2294,84,1617,clear
2306,168,1761,clear
2311,55,1631,clear
2311,56,1609,clear
2316,21,1578,clear
2320,165,1592,clear
2325,19,1705,clear
2325,166,1640,clear
2340,54,1589,clear
2347,79,1748,clear
2348,17,1699,clear
2366,80,1784,clear
2367,126,1645,clear
2367,127,1592,clear
2375,50,1627,clear
2391,16,1588,clear
2394,51,1831,clear
