tick,holding,holding_resting,contact_resting,queue_back,queue_back_held,physics,cluster
120,0,0,0,4,0,200,54
240,0,0,0,4,0,178,132
360,20,3,0,4,0,155,57
480,53,8,0,8,2,143,95
600,67,17,0,4,1,124,44
720,67,18,0,10,4,120,76
840,47,14,0,13,0,120,76
960,29,15,0,5,0,117,75
1080,2,1,0,0,0,130,76
1200,0,0,0,5,0,128,90
1320,15,3,0,9,0,123,48
1440,37,10,0,13,3,115,50
1560,33,8,0,14,1,118,60
1680,43,22,0,7,3,102,49
1800,55,19,0,5,4,106,75
1920,75,26,0,4,0,96,40
2040,85,39,0,16,4,84,42
2160,90,41,0,16,6,80,43
2280,75,33,0,18,7,87,71
2400,55,21,0,19,7,98,72
