tick,id,holding,elapsed,count,jam,blocked,n_hold,n_train,n_other,n_behind,mean_dist,ahead,resting,n_far,outcome
100,130,0,-1,17,0,0,0,17,0,0,84.1,17,0,0,nohop_nohold
101,130,0,-1,17,0,0,0,17,0,0,84.1,17,0,0,hop
104,93,0,-1,9,0,0,0,9,0,1,100.9,8,0,0,nohop_nohold
105,93,0,-1,9,0,0,0,9,0,1,101.0,8,0,0,hop
106,161,0,-1,1,0,0,0,1,0,0,120.7,1,0,0,hop
106,183,0,-1,6,0,0,0,6,0,1,118.3,5,0,0,nohop_nohold
107,183,0,-1,6,0,0,0,6,0,1,116.9,5,0,0,hop
114,171,0,-1,16,0,0,0,16,0,1,82.4,16,0,0,hop
116,180,0,-1,0,0,0,0,0,0,0,0.0,0,0,0,hop
118,179,0,-1,12,0,0,0,12,0,0,78.1,12,0,0,nohop_nohold
119,179,0,-1,12,0,0,0,12,0,0,78.6,12,0,0,hop
120,181,0,-1,10,0,0,0,10,0,1,89.5,9,0,0,hop
121,156,0,-1,6,0,0,0,6,0,1,114.8,5,0,0,hop
121,166,0,-1,29,0,0,0,29,0,1,112.6,22,0,0,nohop_nohold
122,166,0,-1,29,0,0,0,29,0,1,113.1,22,0,0,hop
123,160,0,-1,15,0,0,0,15,0,0,86.5,15,0,0,nohop_nohold
124,160,0,-1,15,0,0,0,15,0,0,87.0,15,0,0,hop
128,169,0,-1,18,0,0,0,18,0,1,84.1,18,0,0,hop
130,158,0,-1,16,0,0,0,16,0,0,84.6,15,0,0,hop
131,125,0,-1,26,0,0,0,26,0,0,112.8,20,0,0,nohop_nohold
132,125,0,-1,26,0,0,0,26,0,0,112.6,20,0,0,hop
137,128,0,-1,20,0,0,0,20,0,0,90.2,20,0,0,nohop_nohold
138,128,0,-1,20,0,0,0,20,0,0,90.2,20,0,0,hop
139,163,0,-1,6,0,0,0,6,0,0,111.4,6,0,0,nohop_nohold
140,163,0,-1,6,0,0,0,6,0,0,111.7,6,0,0,hop
141,167,0,-1,27,0,0,0,27,0,1,111.5,20,0,0,nohop_nohold
142,167,0,-1,27,0,0,0,27,0,1,111.7,20,0,0,hop
144,191,0,-1,29,0,0,0,29,0,0,112.3,25,0,0,hop
146,155,0,-1,18,0,0,0,18,0,0,83.0,19,0,0,nohop_nohold
147,132,0,-1,15,0,0,0,15,0,1,98.0,13,0,0,nohop_nohold
147,155,0,-1,18,0,0,0,18,0,0,82.9,19,0,0,hop
148,132,0,-1,15,0,0,0,15,0,1,98.1,13,0,0,hop
148,133,0,-1,12,0,0,0,12,0,1,95.4,10,0,0,hop
148,153,0,-1,24,0,0,0,24,0,0,103.8,21,0,0,nohop_nohold
149,153,0,-1,24,0,0,0,24,0,0,103.7,21,0,0,hop
151,126,0,-1,21,0,0,0,21,0,0,93.0,19,0,0,nohop_nohold
152,126,0,-1,21,0,0,0,21,0,0,93.0,19,0,0,hop
152,193,0,-1,27,0,0,0,27,0,2,112.2,21,0,0,hop
159,192,0,-1,30,0,0,0,30,0,3,117.5,21,0,0,nohop_nohold
160,192,0,-1,30,0,0,0,30,0,3,117.4,21,0,0,hop
161,170,0,-1,4,0,0,0,4,0,0,119.7,4,0,0,nohop_nohold
162,91,0,-1,28,0,0,0,28,0,0,112.4,22,0,0,nohop_nohold
162,152,0,-1,29,0,0,0,29,0,0,114.0,23,0,0,hop
162,170,0,-1,4,0,0,0,4,0,0,119.7,4,0,0,hop
163,91,0,-1,28,0,0,0,28,0,0,112.4,22,0,0,hop
164,92,0,-1,24,0,0,0,24,0,0,103.1,20,0,0,nohop_nohold
165,92,0,-1,24,0,0,0,24,0,0,103.1,20,0,0,hop
165,168,0,-1,23,0,0,0,23,0,1,98.4,20,0,0,nohop_nohold
166,168,0,-1,23,0,0,0,23,0,1,98.1,20,0,0,hop
170,195,0,-1,22,0,0,0,22,0,3,97.6,19,0,0,hop
173,134,0,-1,7,0,0,0,7,0,0,104.6,7,0,0,hop
173,196,0,-1,2,0,0,0,2,0,0,83.6,2,0,0,nohop_nohold
174,162,0,-1,10,0,0,0,10,0,0,91.7,9,0,0,nohop_nohold
174,196,0,-1,2,0,0,0,2,0,0,83.5,2,0,0,hop
175,162,0,-1,10,0,0,0,10,0,0,91.4,9,0,0,hop
176,124,0,-1,29,0,0,0,29,0,1,109.0,23,0,0,nohop_nohold
177,124,0,-1,29,0,0,0,29,0,1,109.0,23,0,0,hop
213,93,0,-1,9,0,0,0,9,0,1,105.4,8,0,0,hop
215,171,0,-1,15,0,0,0,15,0,0,82.9,14,0,0,hop
229,125,0,-1,27,0,0,0,27,0,0,105.1,21,0,0,hop
232,169,0,-1,17,0,0,0,17,0,0,76.5,18,0,0,hop
238,161,0,-1,1,0,0,0,1,0,0,1.8,1,0,0,hop
240,128,0,-1,20,0,0,0,20,0,0,83.4,19,0,0,hop
244,193,0,-1,25,0,0,0,25,0,2,98.5,21,0,0,nohop_nohold
245,193,0,-1,25,0,0,0,25,0,2,98.7,21,0,0,hop
247,133,0,-1,12,0,0,0,12,0,1,100.0,10,0,0,nohop_nohold
248,133,0,-1,12,0,0,0,12,0,1,100.4,10,0,0,hop
249,183,0,-1,4,0,0,0,4,0,0,94.1,4,0,0,hop
252,126,0,-1,21,0,0,0,21,0,0,89.9,19,0,0,hop
253,132,0,-1,15,0,0,0,15,0,1,102.0,13,0,0,nohop_nohold
253,163,0,-1,5,0,0,0,5,0,0,99.4,5,0,0,hop
254,132,0,-1,15,0,0,0,15,0,1,102.2,13,0,0,hop
268,191,0,-1,28,0,0,0,28,0,0,107.9,22,0,0,hop
269,180,0,-1,0,0,0,0,0,0,0,0.0,0,0,0,hop
270,156,0,-1,6,0,0,0,6,0,0,105.4,6,0,0,hop
273,192,0,-1,26,0,0,0,26,0,1,101.7,22,0,0,nohop_nohold
274,192,0,-1,26,0,0,0,26,0,1,101.7,22,0,0,hop
275,181,0,-1,9,0,0,0,9,0,0,104.0,8,0,0,nohop_nohold
276,181,0,-1,9,0,0,0,9,0,0,104.8,8,0,0,hop
277,134,0,-1,7,0,0,0,7,0,0,110.2,7,0,0,hop
278,130,0,-1,18,0,0,0,18,0,2,94.6,15,0,0,hop
280,196,0,-1,2,0,0,0,2,0,0,66.0,2,0,0,nohop_nohold
281,167,0,-1,27,0,0,0,27,0,0,106.7,21,0,0,nohop_nohold
281,196,0,-1,2,0,0,0,2,0,0,69.2,2,0,0,hop
282,167,0,-1,27,0,0,0,27,0,0,107.1,21,0,0,hop
285,155,0,-1,19,0,0,0,19,0,0,91.8,18,0,0,hop
285,179,0,-1,11,0,0,0,11,0,0,89.1,11,0,0,hop
286,152,0,-1,27,0,0,0,27,0,0,105.3,23,0,0,hop
287,158,0,-1,15,0,0,0,15,0,0,84.3,14,0,0,nohop_nohold
288,158,0,-1,15,0,0,0,15,0,0,84.6,14,0,0,hop
295,160,0,-1,12,0,0,0,12,0,0,89.2,13,0,0,hop
296,91,0,-1,28,0,0,0,28,0,1,107.0,22,0,0,nohop_nohold
296,162,0,-1,9,0,0,0,9,0,0,99.3,9,0,0,nohop_nohold
297,91,0,-1,28,0,0,0,28,0,1,107.1,22,0,0,hop
297,162,0,-1,9,0,0,0,9,0,0,99.6,9,0,0,hop
298,92,0,-1,22,0,0,0,22,0,0,90.7,20,0,0,hop
313,153,0,-1,24,0,0,0,24,0,1,95.0,21,0,0,nohop_nohold
314,153,0,-1,24,0,0,0,24,0,1,95.0,21,0,0,hop
314,195,0,-1,20,0,0,0,20,0,3,107.8,15,0,0,nohop_nohold
315,195,0,-1,20,0,0,0,20,0,3,107.8,15,0,0,hop
317,170,0,-1,4,0,0,0,4,0,0,106.7,3,0,0,hop
335,168,0,-1,19,0,0,0,19,0,0,85.8,18,0,0,nohop_nohold
336,168,0,-1,19,0,0,0,19,0,0,86.0,18,0,0,hop
337,93,0,-1,8,0,0,0,8,0,1,98.5,7,0,0,hop
339,169,0,-1,18,0,0,0,18,0,0,99.2,15,0,0,hop
341,161,0,-1,2,0,0,0,2,0,0,102.2,2,0,0,hop
343,193,0,-1,22,0,0,0,22,0,1,94.2,20,0,0,nohop_nohold
344,193,0,-1,22,0,0,0,22,0,1,94.1,20,0,0,hop
345,133,0,-1,11,0,0,0,11,0,1,105.4,10,0,0,hop
377,171,0,-1,14,0,0,0,14,0,0,94.4,12,0,0,hop
378,163,0,-1,5,0,0,0,5,0,0,90.1,4,0,0,nohop_nohold
379,128,0,-1,20,0,0,0,20,0,1,95.8,17,0,0,hop
379,163,0,-1,5,0,0,0,5,0,0,90.2,4,0,0,hop
382,191,0,-1,25,0,0,0,25,0,0,98.1,22,0,0,nohop_nohold
383,179,0,-1,11,0,0,0,11,0,0,97.4,11,0,0,nohop_nohold
383,191,0,-1,25,0,0,0,25,0,0,98.1,22,0,0,hop
384,179,0,-1,11,0,0,0,11,0,0,97.0,11,0,0,hop
388,167,0,-1,25,0,0,0,25,0,0,99.0,22,0,0,hop
391,180,0,-1,0,0,0,0,0,0,0,0.0,0,0,0,hop
396,126,0,-1,20,0,0,0,20,0,0,89.2,19,0,0,hop
402,162,0,-1,9,0,0,0,9,0,0,89.7,9,0,0,nohop_nohold
403,162,0,-1,9,0,0,0,9,0,0,89.6,9,0,0,hop
407,125,0,-1,24,0,0,0,24,0,0,95.7,21,0,0,nohop_nohold
407,183,0,-1,4,0,0,0,4,0,0,68.5,4,0,0,nohop_nohold
408,125,0,-1,24,0,0,0,24,0,0,95.7,21,0,0,hop
408,183,0,-1,4,0,0,0,4,0,0,68.6,4,0,0,hop
409,170,0,-1,3,0,0,0,3,0,0,140.0,2,0,0,hop
411,192,0,-1,23,0,0,0,23,0,0,93.9,21,0,0,hop
412,130,0,-1,18,0,0,0,18,0,1,104.2,15,0,0,nohop_nohold
413,130,0,-1,18,0,0,0,18,0,1,104.4,14,0,0,hop
414,181,0,-1,8,0,0,0,8,0,0,89.4,8,0,0,nohop_nohold
415,181,0,-1,8,0,0,0,8,0,0,89.5,8,0,0,hop
417,155,0,-1,18,0,0,0,18,0,0,92.7,16,0,0,hop
419,91,0,-1,27,0,0,0,27,0,1,105.4,22,0,0,hop
419,160,0,-1,12,0,0,0,12,0,0,93.6,11,0,0,nohop_nohold
420,160,0,-1,12,0,0,0,12,0,0,93.5,11,0,0,hop
424,152,0,-1,26,0,0,0,26,0,0,108.8,23,0,0,hop
427,134,0,-1,6,0,0,0,6,0,0,74.2,6,0,0,hop
428,132,0,-1,14,0,0,0,14,0,0,101.9,13,0,0,nohop_nohold
428,156,0,-1,5,0,0,0,5,0,0,65.6,5,0,0,nohop_nohold
429,132,0,-1,14,0,0,0,14,0,0,101.8,13,0,0,hop
429,156,0,-1,5,0,0,0,5,0,0,65.8,5,0,0,hop
430,153,0,-1,23,0,0,0,23,0,1,94.9,20,0,0,nohop_nohold
431,153,0,-1,23,0,0,0,23,0,1,95.3,20,0,0,hop
434,193,0,-1,22,0,0,0,22,0,1,97.2,19,0,0,nohop_nohold
435,193,0,-1,22,0,0,0,22,0,1,97.2,19,0,0,hop
436,169,0,-1,18,0,0,0,18,0,0,100.4,15,0,0,hop
439,196,0,-1,1,0,0,0,1,0,0,192.2,0,0,0,nohop_nohold
440,196,0,-1,1,0,0,0,1,0,0,192.2,0,0,0,hop
443,93,0,-1,8,0,0,0,8,0,0,88.4,8,0,0,nohop_nohold
444,93,0,-1,8,0,0,0,8,0,0,89.2,8,0,0,hop
450,195,0,-1,16,0,0,0,16,0,1,91.7,14,0,0,nohop_nohold
451,195,0,-1,16,0,0,0,16,0,1,91.5,14,0,0,hop
463,158,0,-1,15,0,0,0,15,0,0,87.4,14,0,0,hop
468,92,0,-1,22,0,0,0,22,0,0,95.1,19,0,0,nohop_nohold
469,92,0,-1,22,0,0,0,22,0,0,95.0,19,0,0,hop
470,168,0,-1,20,0,0,0,20,0,0,93.7,18,0,0,nohop_nohold
471,168,0,-1,20,0,0,0,20,0,0,93.6,18,0,0,hop
481,179,0,-1,10,0,0,0,10,0,0,82.0,10,0,0,hop
482,191,0,-1,25,0,0,0,25,0,0,103.5,23,0,0,hop
485,163,0,-1,3,0,0,0,3,0,0,99.8,3,0,0,nohop_nohold
486,163,0,-1,3,0,0,0,3,0,0,99.8,3,0,0,hop
496,162,0,-1,8,0,0,0,8,0,0,76.7,8,0,0,hop
508,161,0,-1,1,0,0,0,1,0,0,44.5,1,0,0,nohop_nohold
508,183,0,-1,4,0,0,0,4,0,0,105.8,3,0,0,nohop_nohold
509,161,0,-1,1,0,0,0,1,0,0,44.5,1,0,0,hop
509,183,0,-1,4,0,0,0,4,0,0,105.9,3,0,0,hop
512,130,0,-1,17,0,0,0,17,0,1,94.6,14,0,0,nohop_nohold
513,130,0,-1,17,0,0,0,17,0,1,95.1,14,0,0,hop
513,133,0,-1,10,0,0,0,10,0,0,86.7,10,0,0,hop
520,126,0,-1,20,0,0,0,20,0,0,89.6,19,0,0,nohop_nohold
520,132,0,-1,13,0,0,0,13,0,0,96.1,12,0,0,hop
521,126,0,-1,20,0,0,0,20,0,0,89.3,19,0,0,hop
523,125,0,-1,24,0,0,0,24,0,0,98.3,21,0,0,nohop_nohold
524,125,0,-1,24,0,0,0,24,0,0,98.3,21,0,0,hop
528,171,0,-1,13,0,0,0,13,0,0,86.7,12,0,0,hop
529,134,0,-1,6,0,0,0,6,0,0,112.2,5,0,0,hop
530,192,0,-1,23,0,0,0,23,0,0,98.4,20,0,0,hop
534,155,0,-1,17,0,0,0,17,0,0,83.3,16,0,0,nohop_nohold
535,155,0,-1,17,0,0,0,17,0,0,83.3,16,0,0,hop
538,128,0,-1,19,0,0,0,19,0,0,87.8,18,0,0,hop
542,169,0,-1,16,0,0,0,16,0,0,83.8,15,0,0,hop
548,180,0,-1,0,0,0,0,0,0,0,0.0,0,0,0,hop
550,153,0,-1,24,0,0,0,24,0,0,99.5,21,0,0,nohop_nohold
551,153,0,-1,24,0,0,0,24,0,0,99.5,21,0,0,hop
555,195,0,-1,15,0,0,0,15,0,1,84.9,14,0,0,nohop_nohold
556,167,0,-1,25,0,0,0,25,0,0,99.5,21,0,0,hop
556,195,0,-1,15,0,0,0,15,0,1,84.9,14,0,0,hop
558,160,0,-1,11,0,0,0,11,0,0,89.8,10,0,0,nohop_nohold
559,160,0,-1,11,0,0,0,11,0,0,89.8,10,0,0,hop
562,91,0,-1,26,0,0,0,26,0,0,103.3,22,0,0,nohop_nohold
563,91,0,-1,26,0,0,0,26,0,0,103.3,22,0,0,hop
563,170,0,-1,2,0,0,0,2,0,0,58.6,2,0,0,nohop_nohold
564,170,0,-1,2,0,0,0,2,0,0,58.5,2,0,0,hop
570,181,0,-1,8,0,0,0,8,0,0,116.1,6,0,0,nohop_nohold
571,181,0,-1,8,0,0,0,8,0,0,116.9,6,0,0,hop
579,156,0,-1,5,0,0,0,5,0,0,113.6,4,0,0,nohop_nohold
580,156,0,-1,5,0,0,0,5,0,0,113.9,4,0,0,hop
583,196,0,-1,0,0,0,0,0,0,0,0.0,0,0,0,nohop_nohold
584,196,0,-1,0,0,0,0,0,0,0,0.0,0,0,0,hop
593,193,0,-1,21,0,0,0,21,0,1,90.6,19,0,0,nohop_nohold
594,163,0,-1,3,0,0,0,3,0,0,87.7,2,0,0,nohop_nohold
594,193,0,-1,21,0,0,0,21,0,1,90.6,19,0,0,hop
595,163,0,-1,3,0,0,0,3,0,0,88.8,2,0,0,hop
598,179,0,-1,10,0,0,0,10,0,0,106.8,8,0,0,nohop_nohold
599,93,0,-1,7,0,0,0,7,0,0,112.8,6,0,0,nohop_nohold
599,179,0,-1,10,0,0,0,10,0,0,107.6,8,0,0,hop
600,93,0,-1,7,0,0,0,7,0,0,112.6,6,0,0,hop
603,183,0,-1,3,0,0,0,3,0,0,70.8,3,0,0,nohop_nohold
604,183,0,-1,3,0,0,0,3,0,0,69.4,3,0,0,hop
626,92,0,-1,20,0,0,0,20,0,1,85.4,19,0,0,hop
630,161,0,-1,1,0,0,0,1,0,0,53.8,1,0,0,hop
631,158,0,-1,13,0,0,0,13,0,0,108.4,11,0,0,hop
633,168,0,-1,17,0,0,0,17,0,0,89.7,16,0,0,nohop_nohold
634,168,0,-1,17,0,0,0,17,0,0,89.6,16,0,0,hop
641,132,0,-1,12,0,0,0,12,0,0,119.0,10,0,0,nohop_nohold
642,126,0,-1,17,0,0,0,17,0,0,76.4,18,0,0,hop
642,132,0,-1,12,0,0,0,12,0,0,118.9,10,0,0,hop
645,155,0,-1,16,0,0,0,16,0,0,96.8,14,0,0,nohop_nohold
646,155,0,-1,16,0,0,0,16,0,0,96.7,14,0,0,hop
646,162,0,-1,7,0,0,0,7,0,0,106.2,7,0,0,hop
656,134,0,-1,4,0,0,0,4,0,0,70.0,4,0,0,hop
659,195,0,-1,15,0,0,0,15,0,1,111.6,11,0,0,hop
664,133,0,-1,9,0,0,0,9,0,0,109.0,8,0,0,hop
670,153,0,-1,21,0,0,0,21,0,0,86.4,20,0,0,nohop_nohold
671,153,0,-1,21,0,0,0,21,0,0,86.3,20,0,0,hop
681,130,0,-1,15,0,0,0,15,0,1,101.0,12,0,0,nohop_nohold
682,130,0,-1,15,0,0,0,15,0,1,101.0,12,0,0,hop
685,192,0,-1,20,0,0,0,20,0,0,82.5,19,0,0,nohop_nohold
686,156,0,-1,3,0,0,0,3,0,0,29.3,3,0,0,nohop_nohold
686,171,0,-1,12,0,0,0,12,0,0,102.5,9,0,0,nohop_nohold
686,192,0,-1,20,0,0,0,20,0,0,82.5,19,0,0,hop
687,156,0,-1,3,0,0,0,3,0,0,29.8,3,0,0,hop
687,171,0,-1,12,0,0,0,12,0,0,102.3,9,0,0,hop
688,125,0,-1,22,0,0,0,22,0,0,86.4,20,0,0,hop
689,160,0,-1,10,0,0,0,10,0,0,102.6,8,0,0,hop
695,181,0,-1,6,0,0,0,6,0,1,83.0,5,0,0,hop
699,183,0,-1,4,0,0,0,4,0,0,129.6,2,0,0,nohop_nohold
700,169,0,-1,15,0,0,0,15,0,0,100.4,13,0,0,hop
705,167,0,-1,22,0,0,0,22,0,0,90.2,21,0,0,nohop_nohold
706,167,0,-1,22,0,0,0,22,0,0,90.2,21,0,0,hop
718,128,0,-1,16,0,0,0,16,0,0,93.3,15,0,0,hop
727,93,0,-1,6,0,0,0,6,0,0,107.3,6,0,0,nohop_nohold
728,93,0,-1,6,0,0,0,6,0,0,105.1,6,0,0,hop
730,91,0,-1,22,0,0,0,22,0,0,89.3,23,0,0,nohop_nohold
731,91,0,-1,22,0,0,0,22,0,0,89.4,23,0,0,hop
731,193,0,-1,19,0,0,0,19,0,1,94.7,16,0,0,nohop_nohold
732,193,0,-1,19,0,0,0,19,0,1,94.9,16,0,0,hop
734,170,0,-1,3,0,0,0,3,0,1,108.6,2,0,0,hop
737,183,0,-1,5,0,0,0,5,0,0,126.1,4,0,0,hop
738,163,0,-1,4,0,0,0,4,0,0,121.0,3,0,0,hop
740,158,0,-1,12,0,0,0,12,0,0,112.8,10,0,0,hop
745,196,0,-1,0,0,0,0,0,0,0,0.0,0,0,0,hop
746,134,0,-1,5,0,0,0,5,0,0,83.7,4,0,0,nohop_nohold
747,134,0,-1,5,0,0,0,5,0,0,83.8,4,0,0,hop
748,179,0,-1,8,0,0,0,8,0,0,117.3,6,0,0,nohop_nohold
749,179,0,-1,8,0,0,0,8,0,0,118.0,6,0,0,hop
758,162,0,-1,8,0,0,0,8,0,0,121.5,7,0,0,hop
761,168,0,-1,16,0,0,0,16,0,0,99.2,14,0,0,nohop_nohold
762,168,0,-1,16,0,0,0,16,0,0,99.4,14,0,0,hop
772,132,0,-1,11,0,0,0,11,0,0,124.2,9,0,0,hop
775,161,0,-1,1,0,0,0,1,0,0,67.6,1,0,0,nohop_nohold
776,161,0,-1,1,0,0,0,1,0,0,67.8,1,0,0,hop
778,133,0,-1,8,0,0,0,8,0,0,109.4,7,0,0,nohop_nohold
779,133,0,-1,8,0,0,0,8,0,0,109.2,7,0,0,hop
786,155,0,-1,16,0,0,0,16,0,0,115.0,12,0,0,hop
797,126,0,-1,17,0,0,0,17,0,0,93.1,16,0,0,hop
801,92,0,-1,18,0,0,0,18,0,1,81.7,17,0,0,hop
820,167,0,-1,21,0,0,0,21,0,0,83.9,21,0,0,hop
822,153,0,-1,19,0,0,0,19,0,0,81.4,19,0,0,hop
823,160,0,-1,9,0,0,0,9,0,0,108.9,7,0,0,hop
823,195,0,-1,14,0,0,0,14,0,1,115.5,9,0,0,nohop_nohold
824,195,0,-1,14,0,0,0,14,0,1,115.0,9,0,0,hop
825,128,0,-1,16,0,0,0,16,0,1,95.9,13,0,0,nohop_nohold
826,128,0,-1,16,0,0,0,16,0,1,95.9,13,0,0,hop
831,156,0,-1,3,0,0,0,3,0,0,128.3,2,0,0,nohop_nohold
831,171,0,-1,11,0,0,0,11,0,0,109.0,8,0,0,hop
832,156,0,-1,3,0,0,0,3,0,0,128.3,2,0,0,hop
832,169,0,-1,15,0,0,0,15,0,0,111.4,11,0,0,hop
840,181,0,-1,6,0,0,0,6,0,0,83.4,5,0,0,hop
841,125,0,-1,20,0,0,0,20,0,0,84.7,20,0,0,nohop_nohold
842,125,0,-1,20,0,0,0,20,0,0,84.9,20,0,0,hop
856,130,0,-1,15,0,0,0,15,0,1,112.9,10,0,0,nohop_nohold
857,130,0,-1,15,0,0,0,15,0,1,112.8,10,0,0,hop
858,192,0,-1,19,0,0,0,19,0,0,89.6,18,0,0,nohop_nohold
859,192,0,-1,19,0,0,0,19,0,0,89.5,18,0,0,hop
868,93,0,-1,5,0,0,0,5,0,0,60.8,4,0,0,hop
872,1,0,-1,0,0,0,0,0,0,0,0.0,0,0,0,nohop_nohold
873,1,0,-1,0,0,0,0,0,0,0,0.0,0,0,0,hop
879,168,0,-1,16,0,0,0,16,0,0,92.9,14,0,0,nohop_nohold
880,168,0,-1,16,0,0,0,16,0,0,93.1,14,0,0,hop
880,183,0,-1,3,0,0,0,3,0,0,69.5,4,0,0,hop
882,161,0,-1,1,0,0,0,1,0,0,80.6,1,0,0,nohop_nohold
883,161,0,-1,1,0,0,0,1,0,0,80.6,1,0,0,hop
884,163,0,-1,3,0,0,0,3,0,0,140.6,2,0,0,hop
888,132,0,-1,11,0,0,0,11,0,0,108.6,9,0,0,nohop_nohold
889,132,0,-1,11,0,0,0,11,0,0,108.7,9,0,0,hop
889,162,0,-1,7,0,0,0,7,0,0,90.2,6,0,0,hop
891,170,0,-1,2,0,0,0,2,0,0,134.5,2,0,0,hop
892,126,0,-1,17,0,0,0,17,0,0,94.4,15,0,0,nohop_nohold
893,126,0,-1,17,0,0,0,17,0,0,94.3,15,0,0,hop
894,133,0,-1,8,0,0,0,8,0,0,89.6,7,0,0,nohop_nohold
894,158,0,-1,12,0,0,0,12,0,0,106.3,9,0,0,hop
895,133,0,-1,8,0,0,0,8,0,0,89.3,7,0,0,hop
901,91,0,-1,21,0,0,0,21,0,0,98.4,23,0,0,hop
904,179,0,-1,7,0,0,0,7,0,0,80.0,7,0,0,nohop_nohold
905,179,0,-1,7,0,0,0,7,0,0,80.0,7,0,0,hop
906,193,0,-1,19,0,0,0,19,0,1,96.8,15,0,0,nohop_nohold
907,193,0,-1,19,0,0,0,19,0,1,96.9,15,0,0,hop
917,196,0,-1,0,0,0,0,0,0,0,0.0,0,0,0,nohop_nohold
918,196,0,-1,0,0,0,0,0,0,0,0.0,0,0,0,hop
922,134,0,-1,4,0,0,0,4,0,0,101.5,3,0,0,hop
924,92,0,-1,19,0,0,0,19,0,0,95.8,16,0,0,nohop_nohold
925,92,0,-1,19,0,0,0,19,0,0,95.9,16,0,0,hop
933,167,0,-1,21,0,0,0,21,0,0,91.5,20,0,0,hop
939,160,0,-1,9,0,0,0,9,0,0,90.7,7,0,0,hop
947,155,0,-1,16,0,0,0,16,0,0,106.6,12,0,0,nohop_nohold
948,155,0,-1,16,0,0,0,16,0,0,106.5,12,0,0,hop
949,171,0,-1,11,0,0,0,11,0,0,97.7,8,0,0,nohop_nohold
949,181,0,-1,5,0,0,0,5,0,0,55.3,5,0,0,nohop_nohold
950,169,0,-1,15,0,0,0,15,0,0,107.1,11,0,0,nohop_nohold
950,171,0,-1,11,0,0,0,11,0,0,97.6,8,0,0,hop
950,181,0,-1,5,0,0,0,5,0,0,55.5,5,0,0,hop
951,130,0,-1,15,0,0,0,15,0,1,108.7,10,0,0,hop
951,169,0,-1,15,0,0,0,15,0,0,107.3,11,0,0,hop
968,192,0,-1,19,0,0,0,19,0,0,93.0,16,0,0,nohop_nohold
969,192,0,-1,20,0,0,0,20,0,0,100.5,16,0,0,hop
971,168,0,-1,16,0,0,0,16,0,0,96.7,13,0,0,hop
976,195,0,-1,14,0,0,0,14,0,1,112.6,9,0,0,hop
982,153,0,-1,20,0,0,0,20,0,0,95.6,17,0,0,nohop_nohold
983,153,0,-1,20,0,0,0,20,0,0,95.6,17,0,0,hop
984,156,0,-1,2,0,0,0,2,0,0,133.9,2,0,0,nohop_nohold
985,125,0,-1,20,0,0,0,20,0,0,86.7,21,0,0,hop
985,156,0,-1,2,0,0,0,2,0,0,134.0,2,0,0,hop
986,1,0,-1,0,0,0,0,0,0,0,0.0,0,0,0,hop
987,128,0,-1,16,0,0,0,16,0,0,97.0,13,0,0,hop
992,93,0,-1,5,0,0,0,5,0,0,74.0,5,0,0,hop
1002,2,0,-1,1,0,0,0,1,0,0,63.3,1,0,0,nohop_nohold
1003,2,0,-1,1,0,0,0,1,0,0,65.6,1,0,0,hop
1011,158,0,-1,12,0,0,0,12,0,0,106.3,9,0,0,hop
1020,193,0,-1,19,0,0,0,19,0,1,98.1,14,0,0,nohop_nohold
1021,162,0,-1,5,0,0,0,5,0,0,44.1,5,0,0,hop
1021,193,0,-1,19,0,0,0,19,0,1,98.1,14,0,0,hop
1024,196,0,-1,0,0,0,0,0,0,0,0.0,0,0,0,hop
1034,91,0,-1,20,0,0,0,20,0,0,92.6,23,0,0,hop
1041,132,0,-1,10,0,0,0,10,0,0,92.3,9,0,0,nohop_nohold
1042,132,0,-1,10,0,0,0,10,0,0,92.3,9,0,0,hop
1046,126,0,-1,17,0,0,0,17,0,0,96.1,14,0,0,hop
1046,161,0,-1,1,0,0,0,1,0,0,144.0,1,0,0,nohop_nohold
1047,161,0,-1,1,0,0,0,1,0,0,149.0,1,0,0,hop
1057,183,0,-1,2,0,0,0,2,0,0,137.9,3,0,0,hop
1058,170,0,-1,1,0,0,0,1,0,0,50.0,1,0,0,hop
1060,155,0,-1,15,0,0,0,15,0,0,103.6,11,0,0,nohop_nohold
1060,160,0,-1,8,0,0,0,8,0,0,77.5,7,0,0,nohop_nohold
1061,155,0,-1,15,0,0,0,15,0,0,103.7,11,0,0,hop
1061,160,0,-1,8,0,0,0,8,0,0,77.8,7,0,0,hop
1062,167,0,-1,20,0,0,0,20,0,0,87.5,18,0,1,hop
1065,171,0,-1,10,0,0,0,10,0,0,88.4,8,0,0,hop
1069,195,0,-1,13,0,0,0,13,0,1,101.2,9,0,0,hop
1074,133,0,-1,7,0,0,0,7,0,0,67.0,7,0,0,hop
1075,169,0,-1,14,0,0,0,14,0,0,100.5,11,0,0,nohop_nohold
1076,169,0,-1,14,0,0,0,14,0,0,100.3,11,0,0,hop
1082,92,0,-1,19,0,0,0,19,0,0,98.7,15,0,0,hop
1082,128,0,-1,17,0,0,0,17,0,0,103.3,13,0,0,nohop_nohold
1083,128,0,-1,17,0,0,0,17,0,0,103.2,13,0,0,hop
1083,179,0,-1,6,0,0,0,6,0,0,57.6,6,0,0,nohop_nohold
1084,179,0,-1,6,0,0,0,6,0,0,57.6,6,0,0,hop
1090,134,0,-1,3,0,0,0,3,0,0,90.4,3,0,0,nohop_nohold
1091,134,0,-1,3,0,0,0,3,0,0,90.5,3,0,0,hop
1098,125,0,-1,20,0,0,0,20,0,0,89.1,19,0,0,hop
1107,130,0,-1,14,0,0,0,14,0,1,103.5,10,0,0,hop
1110,192,0,-1,20,0,0,0,20,0,0,103.4,15,0,0,nohop_nohold
1111,192,0,-1,20,0,0,0,20,0,0,103.3,15,0,0,hop
1116,181,0,-1,2,0,0,0,2,0,0,127.5,3,0,0,hop
1121,93,0,-1,5,0,0,0,5,0,0,68.8,5,0,0,nohop_nohold
1122,93,0,-1,5,0,0,0,5,0,0,68.8,5,0,0,hop
1123,168,0,-1,17,0,0,0,17,0,0,107.2,13,0,0,nohop_nohold
1124,168,0,-1,17,0,0,0,17,0,0,107.5,13,0,0,hop
1126,2,0,-1,0,0,0,0,0,0,0,0.0,0,0,0,nohop_nohold
1127,2,0,-1,0,0,0,0,0,0,0,0.0,0,0,0,hop
1136,156,0,-1,0,0,0,0,0,0,0,0.0,1,0,0,nohop_nohold
1137,156,0,-1,0,0,0,0,0,0,0,0.0,1,0,0,hop
1149,3,0,-1,1,0,0,0,1,0,0,75.0,1,0,0,hop
1152,162,0,-1,5,0,0,0,5,0,0,99.1,5,0,0,nohop_nohold
1153,153,0,-1,20,0,0,0,20,0,0,97.7,16,0,0,hop
1153,162,0,-1,5,0,0,0,5,0,0,100.4,5,0,0,hop
1166,91,0,-1,19,0,0,0,19,0,0,85.3,23,0,0,hop
1174,92,0,-1,18,0,0,0,18,0,0,97.8,15,0,0,hop
1174,193,0,-1,18,0,0,0,18,0,0,95.9,14,0,0,nohop_nohold
1175,193,0,-1,18,0,0,0,18,0,0,95.6,14,0,0,hop
1178,160,0,-1,6,0,0,0,6,0,0,55.5,6,0,0,nohop_nohold
1179,126,0,-1,16,0,0,0,16,0,0,94.1,14,0,0,nohop_nohold
1179,160,0,-1,6,0,0,0,6,0,0,55.5,6,0,0,hop
1180,126,0,-1,16,0,0,0,16,0,0,93.9,14,0,0,hop
1183,132,0,-1,8,0,0,0,8,0,0,77.9,8,0,0,nohop_nohold
1184,132,0,-1,8,0,0,0,8,0,0,77.8,8,0,0,hop
1187,158,0,-1,9,0,0,0,9,0,0,75.4,9,0,0,hop
1188,169,0,-1,12,0,0,0,12,0,0,90.1,11,0,0,hop
1192,133,0,-1,5,0,0,0,5,0,0,55.2,5,0,0,hop
1192,171,0,-1,8,0,0,0,8,0,0,75.0,8,0,0,nohop_nohold
1193,155,0,-1,13,0,0,0,13,0,0,88.4,12,0,0,nohop_nohold
1193,171,0,-1,8,0,0,0,8,0,0,74.3,8,0,0,hop
1194,155,0,-1,13,0,0,0,13,0,0,88.1,12,0,0,hop
1200,196,0,-1,1,0,0,0,1,0,0,97.3,1,0,0,hop
1207,161,0,-1,1,0,0,0,1,0,0,65.6,1,0,0,nohop_nohold
1208,161,0,-1,1,0,0,0,1,0,0,71.5,1,0,0,hop
1210,125,0,-1,21,0,0,0,21,0,1,93.6,16,0,1,nohop_nohold
1211,125,0,-1,21,0,0,0,21,0,1,93.5,16,0,1,hop
1212,134,0,-1,2,0,0,0,2,0,0,110.6,4,0,0,hop
1215,170,0,-1,2,0,0,0,2,0,0,134.7,1,0,0,nohop_nohold
1216,170,0,-1,1,0,0,0,1,0,0,36.6,1,0,0,hop
1220,130,0,-1,12,0,0,0,12,0,0,91.3,11,0,0,hop
1227,93,0,-1,4,0,0,0,4,0,0,110.4,3,0,0,hop
1233,179,0,-1,3,0,0,0,3,0,0,117.9,4,0,0,hop
1236,195,0,-1,11,0,0,0,11,0,1,91.9,9,0,0,nohop_nohold
1237,195,0,-1,11,0,0,0,11,0,1,91.9,9,0,0,hop
1241,167,0,-1,20,0,0,0,20,0,0,91.1,16,0,1,nohop_nohold
1242,167,0,-1,20,0,0,0,20,0,0,91.1,16,0,1,hop
1247,3,0,-1,0,0,0,0,0,0,0,0.0,0,0,0,hop
1250,128,0,-1,15,0,0,0,15,0,0,94.9,13,0,0,hop
1251,168,0,-1,15,0,0,0,15,0,0,92.6,13,0,0,hop
1253,181,0,-1,1,0,0,0,1,0,0,21.0,2,0,0,nohop_nohold
1254,181,0,-1,1,0,0,0,1,0,0,20.8,2,0,0,hop
1261,153,0,-1,19,0,0,0,19,0,0,88.6,16,0,0,nohop_nohold
1262,153,0,-1,19,0,0,0,19,0,0,88.6,16,0,0,hop
1268,91,0,-1,20,0,0,0,20,0,0,92.4,23,0,0,hop
1276,160,0,-1,6,0,0,0,6,0,0,81.7,5,0,0,nohop_nohold
1277,160,0,-1,6,0,0,0,6,0,0,82.3,5,0,0,hop
1280,192,0,-1,18,0,0,0,18,0,0,89.7,15,0,0,hop
1288,4,0,-1,1,0,0,0,1,0,0,175.8,0,0,0,hop
1290,132,0,-1,7,0,0,0,7,0,0,106.7,6,0,0,nohop_nohold
1291,132,0,-1,7,0,0,0,7,0,0,106.4,6,0,0,hop
1313,156,0,-1,0,0,0,0,0,0,0,0.0,0,0,0,nohop_nohold
1314,156,0,-1,0,0,0,0,0,0,0,0.0,0,0,0,hop
1319,161,0,-1,2,0,0,0,2,0,0,70.4,2,0,0,nohop_nohold
1320,161,0,-1,2,0,0,0,2,0,0,70.4,2,0,0,hop
1320,169,0,-1,11,0,0,0,11,0,0,102.9,9,0,0,nohop_nohold
1321,162,0,-1,4,0,0,0,4,0,0,127.1,3,0,0,hop
1321,169,0,-1,11,0,0,0,11,0,0,102.9,9,0,0,hop
1330,193,0,-1,16,0,0,0,16,0,0,85.0,14,0,0,hop
1331,126,0,-1,14,0,0,0,14,0,0,85.6,13,0,0,hop
1332,92,0,-1,16,0,0,0,16,0,0,88.3,15,0,0,nohop_nohold
1333,92,0,-1,16,0,0,0,16,0,0,88.1,15,0,0,hop
1333,134,0,-1,2,0,0,0,2,0,0,111.1,1,0,0,nohop_nohold
1334,134,0,-1,2,0,0,0,2,0,0,113.5,1,0,0,hop
1337,125,0,-1,20,0,0,0,20,0,0,89.8,17,0,1,nohop_nohold
1338,125,0,-1,20,0,0,0,20,0,0,90.1,17,0,1,hop
1339,155,0,-1,11,0,0,0,11,0,0,91.3,10,0,0,nohop_nohold
1340,155,0,-1,11,0,0,0,11,0,0,92.0,10,0,0,hop
1344,171,0,-1,7,0,0,0,7,0,0,103.4,6,0,0,hop
1347,158,0,-1,9,0,0,0,9,0,0,111.7,8,0,0,nohop_nohold
1348,158,0,-1,9,0,0,0,9,0,0,112.3,8,0,0,hop
1358,170,0,-1,2,0,0,0,2,0,0,137.3,1,0,0,hop
1359,128,0,-1,12,0,0,0,12,0,1,87.7,11,0,0,nohop_nohold
1360,128,0,-1,12,0,0,0,12,0,1,87.8,11,0,0,hop
1361,130,0,-1,11,0,0,0,11,0,1,117.9,8,0,0,hop
1370,133,0,-1,4,0,0,0,4,0,0,109.8,3,0,0,nohop_nohold
1371,133,0,-1,4,0,0,0,4,0,0,109.7,3,0,0,hop
1371,181,0,-1,1,0,0,0,1,0,0,106.6,1,0,0,hop
1375,195,0,-1,10,0,0,0,10,0,1,119.2,7,0,0,hop
1378,196,0,-1,2,0,0,0,2,0,0,76.7,2,0,0,hop
1387,153,0,-1,17,0,0,0,17,0,0,80.4,16,0,0,nohop_nohold
1388,153,0,-1,17,0,0,0,17,0,0,80.4,16,0,0,hop
1392,168,0,-1,13,0,0,0,13,0,0,94.8,12,0,0,hop
1398,160,0,-1,4,0,0,0,4,0,0,98.5,4,0,0,hop
1401,91,0,-1,20,0,0,0,20,0,0,92.7,22,0,0,nohop_nohold
1401,167,0,-1,18,0,0,0,18,0,0,78.9,17,0,0,hop
1402,91,0,-1,20,0,0,0,20,0,0,92.5,22,0,0,hop
1407,93,0,-1,2,0,0,0,2,0,0,86.4,1,0,0,hop
1413,132,0,-1,6,0,0,0,6,0,0,103.8,5,0,0,nohop_nohold
1414,132,0,-1,6,0,0,0,6,0,0,104.6,5,0,0,hop
1423,5,0,-1,1,0,0,0,1,0,0,3.4,1,0,0,hop
1423,192,0,-1,16,0,0,0,16,0,0,85.4,15,0,0,hop
1444,162,0,-1,3,0,0,0,3,0,0,75.1,2,0,0,nohop_nohold
1445,156,0,-1,1,0,0,0,1,0,0,236.1,0,0,0,hop
1445,162,0,-1,3,0,0,0,3,0,0,74.9,2,0,0,hop
1449,92,0,-1,16,0,0,0,16,0,0,100.9,14,0,0,hop
1451,4,0,-1,0,0,0,0,0,0,0,0.0,0,0,0,hop
1453,161,0,-1,3,0,0,0,3,0,0,90.2,3,0,0,nohop_nohold
1454,161,0,-1,3,0,0,0,3,0,0,91.4,3,0,0,hop
1454,169,0,-1,11,0,0,0,11,0,0,122.1,9,0,1,nohop_nohold
1455,169,0,-1,11,0,0,0,11,0,0,122.6,9,0,1,hop
1457,130,0,-1,11,0,0,0,11,0,1,125.1,8,0,1,hop
1462,126,0,-1,15,0,0,0,15,0,0,111.7,12,0,1,hop
1477,170,0,-1,3,0,0,0,3,0,0,114.0,2,0,0,nohop_nohold
1478,170,0,-1,3,0,0,0,3,0,0,113.9,2,0,0,hop
1479,195,0,-1,9,0,0,0,9,0,1,124.7,6,0,1,nohop_nohold
1480,128,0,-1,14,0,0,0,14,0,0,115.3,11,0,1,nohop_nohold
1480,195,0,-1,9,0,0,0,9,0,1,124.6,6,0,1,hop
1481,128,0,-1,14,0,0,0,14,0,0,115.1,11,0,1,hop
1482,193,0,-1,16,0,0,0,16,0,0,98.4,13,0,1,hop
1486,125,0,-1,20,0,0,0,20,0,0,98.6,17,0,1,nohop_nohold
1487,125,0,-1,20,0,0,0,20,0,0,98.7,17,0,1,hop
1499,91,0,-1,19,0,0,0,19,0,0,92.3,21,0,1,nohop_nohold
1500,91,0,-1,19,0,0,0,19,0,0,92.5,21,0,1,hop
1500,134,0,-1,1,0,0,0,1,0,0,24.6,1,0,0,nohop_nohold
1501,134,0,-1,1,0,0,0,1,0,0,24.6,1,0,0,hop
1504,155,0,-1,11,0,0,0,11,0,0,101.7,9,0,0,nohop_nohold
1505,155,0,-1,11,0,0,0,11,0,0,101.9,9,0,0,hop
1505,167,0,-1,19,0,0,0,19,0,0,100.2,16,0,1,nohop_nohold
1506,167,0,-1,19,0,0,0,19,0,0,100.2,16,0,1,hop
1510,196,0,-1,1,0,0,0,1,0,0,27.5,1,0,0,nohop_nohold
1511,196,0,-1,1,0,0,0,1,0,0,27.7,1,0,0,hop
1512,171,0,-1,7,0,0,0,7,0,0,95.0,6,0,0,hop
1516,5,0,-1,0,0,0,0,0,0,0,0.0,0,0,0,nohop_nohold
1517,5,0,-1,0,0,0,0,0,0,0,0.0,0,0,0,hop
1524,93,0,-1,2,0,0,0,2,0,0,71.1,3,0,0,hop
1525,158,0,-1,7,0,0,0,7,0,0,75.2,7,0,0,hop
1529,133,0,-1,6,0,0,0,6,0,0,118.2,4,0,0,nohop_nohold
1529,192,0,-1,16,0,0,0,16,0,0,95.6,14,0,0,hop
1530,133,0,-1,6,0,0,0,6,0,0,119.2,4,0,0,hop
1531,168,0,-1,12,0,0,0,12,0,0,91.8,11,0,0,nohop_nohold
1532,168,0,-1,12,0,0,0,12,0,0,92.4,11,0,0,hop
1535,160,0,-1,6,0,0,0,6,0,0,120.4,4,0,0,hop
1537,162,0,-1,3,0,0,0,3,0,0,74.7,3,0,0,nohop_nohold
1538,162,0,-1,3,0,0,0,3,0,0,73.4,3,0,0,hop
1540,153,0,-1,16,0,0,0,16,0,0,91.7,15,0,0,hop
1554,181,0,-1,1,0,0,0,1,0,0,160.4,0,0,0,hop
1576,92,0,-1,13,0,0,0,13,0,0,93.7,12,0,0,hop
1577,132,0,-1,6,0,0,0,6,0,0,116.0,5,0,0,nohop_nohold
1578,132,0,-1,6,0,0,0,6,0,0,115.8,5,0,0,hop
1595,91,0,-1,17,0,0,0,17,0,0,86.9,21,0,0,nohop_nohold
1596,91,0,-1,17,0,0,0,17,0,0,86.9,21,0,0,hop
1605,196,0,-1,0,0,0,0,0,0,0,0.0,0,0,0,hop
1619,126,0,-1,13,0,0,0,13,0,0,105.4,10,0,1,hop
1619,170,0,-1,3,0,0,0,3,0,0,98.6,3,0,0,nohop_nohold
1619,195,0,-1,4,0,0,0,4,0,0,52.7,4,0,0,nohop_nohold
1620,170,0,-1,3,0,0,0,3,0,0,99.7,3,0,0,hop
1620,195,0,-1,4,0,0,0,4,0,0,52.7,4,0,0,hop
1622,6,0,-1,1,0,0,0,1,0,0,54.6,1,0,0,nohop_nohold
1623,6,0,-1,1,0,0,0,1,0,0,56.7,1,0,0,hop
1624,125,0,-1,18,0,0,0,18,0,0,100.8,15,0,1,nohop_nohold
1625,125,0,-1,18,0,0,0,18,0,0,101.1,15,0,1,hop
1625,161,0,-1,2,0,0,0,2,0,0,99.0,2,0,0,nohop_nohold
1626,130,0,-1,10,0,0,0,10,0,0,121.8,7,0,1,nohop_nohold
1626,161,0,-1,2,0,0,0,2,0,0,97.8,2,0,0,hop
1627,130,0,-1,10,0,0,0,10,0,0,122.6,7,0,1,hop
1627,167,0,-1,16,0,0,0,16,0,0,88.1,15,0,1,nohop_nohold
1627,193,0,-1,14,0,0,0,14,0,0,96.9,12,0,1,hop
1628,167,0,-1,16,0,0,0,16,0,0,88.3,15,0,1,hop
1628,169,0,-1,8,0,0,0,8,0,0,107.1,6,0,0,hop
1631,156,0,-1,1,0,0,0,1,0,0,222.4,0,0,0,nohop_nohold
1632,156,0,-1,1,0,0,0,1,0,0,222.4,0,0,0,hop
1650,128,0,-1,11,0,0,0,11,0,0,108.8,9,0,0,nohop_nohold
1651,128,0,-1,11,0,0,0,11,0,0,108.9,9,0,0,hop
1654,93,0,-1,2,0,0,0,2,0,0,84.4,2,0,0,nohop_nohold
1655,93,0,-1,2,0,0,0,2,0,0,84.5,2,0,0,hop
1659,153,0,-1,15,0,0,0,15,0,0,95.0,13,0,1,nohop_nohold
1660,153,0,-1,15,0,0,0,15,0,0,95.1,13,0,1,hop
1661,171,0,-1,7,0,0,0,7,0,0,109.5,5,0,0,nohop_nohold
1662,134,0,-1,1,0,0,0,1,0,0,51.1,1,0,0,nohop_nohold
1662,171,0,-1,7,0,0,0,7,0,0,109.2,5,0,0,hop
1663,134,0,-1,1,0,0,0,1,0,0,51.3,1,0,0,hop
1664,155,0,-1,10,0,0,0,10,0,0,114.7,7,0,0,hop
1664,162,0,-1,3,0,0,0,3,0,0,84.9,3,0,0,hop
1673,133,0,-1,5,0,0,0,5,0,0,85.7,4,0,0,nohop_nohold
1674,133,0,-1,5,0,0,0,5,0,0,86.7,4,0,0,hop
1675,160,0,-1,5,0,0,0,5,0,0,106.2,4,0,0,hop
1687,192,0,-1,13,0,0,0,13,0,0,93.8,12,0,0,hop
1693,168,0,-1,11,0,0,0,11,0,0,117.5,8,0,0,nohop_nohold
1694,168,0,-1,12,0,0,0,12,0,0,127.9,8,0,1,hop
1698,158,0,-1,8,0,0,0,8,0,0,124.1,5,0,1,hop
1725,181,0,-1,1,0,0,0,1,0,0,233.0,0,0,0,hop
1726,132,0,-1,5,0,0,0,5,0,0,57.0,5,0,0,nohop_nohold
1727,132,0,-1,5,0,0,0,5,0,0,56.8,5,0,0,hop
1729,125,0,-1,15,0,0,0,15,0,0,77.5,16,0,1,nohop_nohold
1730,125,0,-1,15,0,0,0,15,0,0,77.7,16,0,1,hop
1740,130,0,-1,9,0,0,0,9,0,0,111.5,7,0,0,hop
1741,193,0,-1,14,0,0,0,14,0,0,113.9,10,0,1,nohop_nohold
1742,193,0,-1,14,0,0,0,14,0,0,113.8,10,0,1,hop
1753,92,0,-1,15,0,0,0,15,0,0,123.7,10,0,1,nohop_nohold
1753,170,0,-1,3,0,0,0,3,0,0,67.9,3,0,0,nohop_nohold
1753,195,0,-1,4,0,0,0,4,0,0,116.4,4,0,0,hop
1754,92,0,-1,15,0,0,0,15,0,0,124.2,10,0,1,hop
1754,126,0,-1,13,0,0,0,13,0,0,123.2,8,0,1,nohop_nohold
1754,170,0,-1,3,0,0,0,3,0,0,67.9,3,0,0,hop
1755,126,0,-1,13,0,0,0,13,0,0,123.5,8,0,1,hop
1756,162,0,-1,3,0,0,0,3,0,0,101.1,3,0,0,hop
1758,128,0,-1,12,0,0,0,12,0,0,125.4,8,0,0,hop
1758,171,0,-1,6,0,0,0,6,0,0,68.4,5,0,0,hop
1760,167,0,-1,16,0,0,0,16,0,0,101.0,13,0,1,nohop_nohold
1761,167,0,-1,16,0,0,0,16,0,0,101.5,13,0,1,hop
1766,91,0,-1,16,0,0,0,16,0,0,86.9,19,0,1,nohop_nohold
1767,91,0,-1,16,0,0,0,16,0,0,87.1,19,0,1,hop
1769,7,0,-1,2,0,0,0,2,0,0,23.1,2,0,0,hop
1774,160,0,-1,6,0,0,0,6,0,1,126.9,4,0,0,hop
1775,161,0,-1,1,0,0,0,1,0,0,96.5,1,0,0,nohop_nohold
1776,161,0,-1,1,0,0,0,1,0,0,96.5,1,0,0,hop
1778,134,0,-1,1,0,0,0,1,0,0,112.3,1,0,0,nohop_nohold
1779,134,0,-1,1,0,0,0,1,0,0,112.2,1,0,0,hop
1780,192,0,-1,14,0,0,0,14,0,0,112.1,11,0,0,nohop_nohold
1781,192,0,-1,14,0,0,0,14,0,0,112.2,11,0,0,hop
1790,133,0,-1,6,0,0,0,6,0,0,122.5,4,0,0,nohop_nohold
1791,133,0,-1,6,0,0,0,6,0,0,122.3,4,0,0,hop
1794,6,0,-1,0,0,0,0,0,0,0,0.0,0,0,0,nohop_nohold
1794,155,0,-1,10,0,0,0,10,0,0,115.4,7,0,0,hop
1795,6,0,-1,0,0,0,0,0,0,0,0.0,0,0,0,hop
1801,169,0,-1,8,0,0,0,8,0,0,92.8,6,0,0,nohop_nohold
1802,169,0,-1,8,0,0,0,8,0,0,92.6,6,0,0,hop
1805,168,0,-1,12,0,0,0,12,0,0,123.8,8,0,0,hop
1807,93,0,-1,2,0,0,0,2,0,0,45.3,2,0,0,hop
1816,156,0,-1,2,0,0,0,2,0,0,170.1,0,0,0,hop
1818,158,0,-1,7,0,0,0,7,0,0,82.1,5,0,0,nohop_nohold
1819,158,0,-1,7,0,0,0,7,0,0,83.0,5,0,0,hop
1830,132,0,-1,7,0,0,0,7,0,0,97.9,5,0,0,nohop_nohold
1831,132,0,-1,7,0,0,0,7,0,0,97.9,5,0,0,hop
1836,153,0,-1,15,0,0,0,15,0,0,112.2,11,0,0,hop
1841,181,0,-1,0,0,0,0,0,0,0,0.0,0,0,0,hop
1853,126,0,-1,12,0,0,0,12,0,0,107.6,8,0,0,hop
1857,170,0,-1,2,0,0,0,2,0,0,35.9,2,0,0,nohop_nohold
1858,170,0,-1,2,0,0,0,2,0,0,35.9,2,0,0,hop
1867,92,0,-1,14,0,0,0,14,0,0,112.8,10,0,0,nohop_nohold
1867,171,0,-1,6,0,0,0,6,0,0,109.3,5,0,0,hop
1868,92,0,-1,14,0,0,0,14,0,0,113.2,10,0,0,hop
1869,7,0,-1,1,0,0,0,1,0,0,104.6,1,0,0,nohop_nohold
1870,7,0,-1,1,0,0,0,1,0,0,104.7,1,0,0,hop
1874,91,0,-1,14,0,0,0,14,0,0,76.2,18,0,0,nohop_nohold
1875,91,0,-1,14,0,0,0,14,0,0,76.1,18,0,0,hop
1876,167,0,-1,16,0,0,0,16,0,0,107.5,12,0,0,nohop_nohold
1877,167,0,-1,16,0,0,0,16,0,0,107.4,12,0,0,hop
1880,195,0,-1,3,0,0,0,3,0,0,86.5,4,0,0,nohop_nohold
1881,195,0,-1,3,0,0,0,3,0,0,86.4,4,0,0,hop
1882,192,0,-1,14,0,0,0,14,0,0,104.5,11,0,0,hop
1883,193,0,-1,14,0,0,0,14,0,0,111.4,10,0,0,hop
1885,160,0,-1,5,0,0,0,5,0,0,103.1,4,0,0,nohop_nohold
1886,160,0,-1,5,0,0,0,5,0,0,102.9,4,0,0,hop
1890,125,0,-1,16,0,0,0,16,0,0,99.7,13,0,0,hop
1891,130,0,-1,8,0,0,0,8,0,0,82.4,7,0,0,nohop_nohold
1892,130,0,-1,8,0,0,0,8,0,0,82.6,7,0,0,hop
1892,162,0,-1,2,0,0,0,2,0,0,39.9,2,0,0,nohop_nohold
1893,162,0,-1,2,0,0,0,2,0,0,39.8,2,0,0,hop
1898,155,0,-1,9,0,0,0,9,0,0,94.0,7,0,0,nohop_nohold
1899,155,0,-1,9,0,0,0,9,0,0,94.5,7,0,0,hop
1899,168,0,-1,11,0,0,0,11,0,1,105.0,8,0,0,nohop_nohold
1900,168,0,-1,11,0,0,0,11,0,1,105.0,8,0,0,hop
1913,158,0,-1,8,0,0,0,8,0,0,111.0,5,0,1,nohop_nohold
1914,158,0,-1,8,0,0,0,8,0,0,111.2,5,0,1,hop
1915,93,0,-1,2,0,0,0,2,0,0,141.1,1,0,0,nohop_nohold
1916,93,0,-1,2,0,0,0,2,0,0,141.1,1,0,0,hop
1917,128,0,-1,11,0,0,0,11,0,0,103.2,9,0,1,nohop_nohold
1918,128,0,-1,11,0,0,0,11,0,0,103.0,9,0,1,hop
1918,161,0,-1,0,0,0,0,0,0,0,0.0,0,0,0,nohop_nohold
1919,161,0,-1,0,0,0,0,0,0,0,0.0,0,0,0,hop
1922,134,0,-1,1,0,0,0,1,0,0,102.5,2,0,0,nohop_nohold
1923,134,0,-1,1,0,0,0,1,0,0,102.6,2,0,0,hop
1930,132,0,-1,7,0,0,0,7,0,0,119.6,5,0,0,hop
1936,133,0,-1,5,0,0,0,5,0,0,114.2,4,0,0,nohop_nohold
1937,133,0,-1,5,0,0,0,5,0,0,114.5,4,0,0,hop
1950,153,0,-1,16,0,0,0,16,0,0,112.1,11,0,1,hop
1965,126,0,-1,12,0,0,0,12,0,0,105.0,8,0,1,hop
1967,7,0,-1,1,0,0,0,1,0,0,187.1,0,0,0,hop
1968,171,0,-1,5,0,0,0,5,0,0,95.0,5,0,0,hop
1972,195,0,-1,4,0,0,0,4,0,0,93.5,4,0,0,hop
1975,181,0,-1,1,0,0,0,1,0,0,233.3,0,0,0,nohop_nohold
1976,181,0,-1,1,0,0,0,1,0,0,233.3,0,0,0,hop
1981,169,0,-1,8,0,0,0,8,0,0,104.0,6,0,1,hop
1983,130,0,-1,9,0,0,0,9,0,0,109.3,7,0,1,hop
1987,170,0,-1,1,0,0,0,1,0,0,41.6,1,0,0,hop
1992,92,0,-1,14,0,0,0,14,0,0,109.9,10,0,1,nohop_nohold
1992,192,0,-1,16,0,0,0,16,0,0,119.8,11,0,2,hop
1993,92,0,-1,14,0,0,0,14,0,0,109.6,10,0,1,hop
2013,93,0,-1,1,0,0,0,1,0,0,10.0,1,0,0,nohop_nohold
2013,158,0,-1,7,0,0,0,7,0,0,91.6,5,0,0,hop
2014,93,0,-1,1,0,0,0,1,0,0,9.9,1,0,0,hop
2018,8,0,-1,2,0,0,0,2,0,0,147.6,1,0,0,hop
2018,128,0,-1,11,0,0,0,11,0,0,100.3,9,0,1,nohop_nohold
2019,128,0,-1,11,0,0,0,11,0,0,100.5,9,0,1,hop
2020,156,0,-1,2,0,0,0,2,0,0,103.5,1,0,0,nohop_nohold
2021,156,0,-1,2,0,0,0,2,0,0,104.0,1,0,0,hop
2022,167,0,-1,16,0,0,0,16,0,0,101.8,12,0,1,nohop_nohold
2023,167,0,-1,16,0,0,0,16,0,0,101.7,12,0,1,hop
2026,125,0,-1,17,0,0,0,17,0,0,104.3,13,0,1,nohop_nohold
2026,162,0,-1,2,0,0,0,2,0,0,45.8,2,0,0,hop
2027,125,0,-1,17,0,0,0,17,0,0,104.2,13,0,1,hop
2032,91,0,-1,16,0,0,0,16,0,0,93.8,17,0,1,nohop_nohold
2033,91,0,-1,16,0,0,0,16,0,0,93.6,17,0,1,hop
2047,160,0,-1,5,0,0,0,5,0,0,158.7,2,0,0,nohop_nohold
2048,160,0,-1,5,0,0,0,5,0,0,158.8,2,0,0,hop
2053,193,0,-1,13,0,0,0,13,0,0,98.0,10,0,0,hop
2054,168,0,-1,10,0,0,0,10,0,0,88.0,9,0,0,nohop_nohold
2055,168,0,-1,10,0,0,0,10,0,0,87.8,9,0,0,hop
2079,155,0,-1,9,0,0,0,9,0,0,90.7,8,0,1,hop
2094,195,0,-1,3,0,0,0,3,0,0,86.4,3,0,0,hop
2097,134,0,-1,1,0,0,0,1,0,0,157.5,0,0,0,hop
2108,132,0,-1,6,0,0,0,6,0,0,135.6,4,0,0,hop
2108,192,0,-1,14,0,0,0,14,0,0,96.5,11,0,1,hop
2109,133,0,-1,3,0,0,0,3,0,0,88.9,4,0,0,nohop_nohold
2110,133,0,-1,3,0,0,0,3,0,0,87.9,4,0,0,hop
2110,153,0,-1,15,0,0,0,15,0,0,97.3,11,0,1,hop
2113,130,0,-1,7,0,0,0,7,0,0,91.1,6,0,0,hop
2118,181,0,-1,2,0,0,0,2,0,0,198.6,0,0,0,hop
2123,171,0,-1,5,0,0,0,5,0,0,137.5,3,0,0,nohop_nohold
2124,8,0,-1,0,0,0,0,0,0,0,0.0,0,0,0,hop
2124,171,0,-1,5,0,0,0,5,0,0,138.4,3,0,0,hop
2125,158,0,-1,5,0,0,0,5,0,0,107.9,4,0,0,hop
2125,169,0,-1,6,0,0,0,6,0,0,108.5,5,0,0,hop
2135,91,0,-1,16,0,0,0,16,0,0,93.0,16,0,1,nohop_nohold
2136,91,0,-1,16,0,0,0,16,0,0,92.9,16,0,1,hop
2139,126,0,-1,9,0,0,0,9,0,0,74.5,8,0,0,nohop_nohold
2140,126,0,-1,9,0,0,0,9,0,0,74.3,8,0,0,hop
2147,93,0,-1,1,0,0,0,1,0,0,61.8,1,0,0,hop
2172,92,0,-1,11,0,0,0,11,0,0,82.2,10,0,0,hop
2176,9,0,-1,0,0,0,0,0,0,0,0.0,0,0,0,hop
2177,167,0,-1,14,0,0,0,14,0,0,85.6,12,0,0,nohop_nohold
2178,167,0,-1,14,0,0,0,14,0,0,85.6,12,0,0,hop
2188,128,0,-1,8,0,0,0,8,0,0,77.0,8,0,0,nohop_nohold
2188,160,0,-1,3,0,0,0,3,0,0,77.4,2,0,0,hop
2189,128,0,-1,8,0,0,0,8,0,0,77.9,8,0,0,hop
2192,162,0,-1,2,0,0,0,2,0,0,103.5,2,0,0,hop
2200,125,0,-1,14,0,0,0,14,0,0,80.8,13,0,0,nohop_nohold
2201,125,0,-1,14,0,0,0,14,0,0,80.8,13,0,0,hop
2204,130,0,-1,7,0,0,0,7,0,0,128.1,5,0,0,hop
2205,193,0,-1,10,0,0,0,10,0,0,87.1,9,0,0,hop
2208,156,0,-1,1,0,0,0,1,0,0,8.8,1,0,0,hop
2214,192,0,-1,11,0,0,0,11,0,0,76.2,11,0,0,nohop_nohold
2215,192,0,-1,11,0,0,0,11,0,0,76.2,11,0,0,hop
2216,171,0,-1,3,0,0,0,3,0,0,49.5,3,0,0,nohop_nohold
2216,195,0,-1,3,0,0,0,3,0,0,100.8,2,0,0,nohop_nohold
2217,171,0,-1,3,0,0,0,3,0,0,47.8,3,0,0,hop
2217,195,0,-1,3,0,0,0,3,0,0,99.9,2,0,0,hop
2220,133,0,-1,4,0,0,0,4,0,0,126.2,3,0,0,hop
2222,168,0,-1,8,0,0,0,8,0,1,101.1,6,0,0,nohop_nohold
2223,168,0,-1,8,0,0,0,8,0,1,102.2,6,0,0,hop
2238,155,0,-1,6,0,0,0,6,0,0,113.3,5,0,0,hop
2239,134,0,-1,1,0,0,0,1,0,0,165.0,0,0,0,hop
2251,126,0,-1,8,0,0,0,8,0,0,90.0,7,0,0,nohop_nohold
2252,126,0,-1,8,0,0,0,8,0,0,89.9,7,0,0,hop
2257,153,0,-1,11,0,0,0,11,0,0,70.0,11,0,0,nohop_nohold
2258,153,0,-1,11,0,0,0,11,0,0,70.0,11,0,0,hop
2266,93,0,-1,1,0,0,0,1,0,0,70.1,1,0,0,nohop_nohold
2267,93,0,-1,1,0,0,0,1,0,0,74.7,1,0,0,hop
2272,181,0,-1,3,0,0,0,3,0,0,135.1,1,0,0,nohop_nohold
2273,181,0,-1,3,0,0,0,3,0,0,135.1,1,0,0,hop
2277,91,0,-1,14,0,0,0,14,0,0,78.2,17,0,0,hop
2277,169,0,-1,6,0,0,0,6,0,1,136.2,3,0,1,hop
2285,132,0,-1,3,0,0,0,3,0,0,88.5,2,0,0,hop
2299,9,0,-1,0,0,0,0,0,0,0,0.0,0,0,0,nohop_nohold
2300,9,0,-1,0,0,0,0,0,0,0,0.0,0,0,0,hop
2302,158,0,-1,3,0,0,0,3,0,0,68.2,3,0,0,nohop_nohold
2303,158,0,-1,3,0,0,0,3,0,0,67.8,3,0,0,hop
2310,92,0,-1,12,0,0,0,12,0,1,119.4,8,0,1,hop
2312,192,0,-1,12,0,0,0,12,0,0,113.0,9,0,1,hop
2314,130,0,-1,5,0,0,0,5,0,0,100.5,4,0,0,hop
2314,195,0,-1,3,0,0,0,3,0,0,143.9,2,0,0,hop
2320,128,0,-1,8,0,0,0,8,0,0,113.8,6,0,0,nohop_nohold
2321,128,0,-1,8,0,0,0,8,0,0,113.6,6,0,0,hop
2326,156,0,-1,1,0,0,0,1,0,0,79.7,1,0,0,nohop_nohold
2327,156,0,-1,1,0,0,0,1,0,0,74.1,1,0,0,hop
2334,162,0,-1,2,0,0,0,2,0,0,121.3,1,0,0,nohop_nohold
2335,162,0,-1,2,0,0,0,2,0,0,121.3,1,0,0,hop
2337,167,0,-1,12,0,0,0,12,0,0,85.2,11,0,1,hop
2339,125,0,-1,13,0,0,0,13,0,0,86.6,12,0,1,nohop_nohold
2340,125,0,-1,13,0,0,0,13,0,0,86.6,12,0,1,hop
2342,193,0,-1,10,0,0,0,10,0,0,114.7,7,0,0,nohop_nohold
2343,193,0,-1,10,0,0,0,10,0,0,114.5,7,0,0,hop
2346,168,0,-1,8,0,0,0,8,0,1,108.4,5,0,0,hop
2348,160,0,-1,3,0,0,0,3,0,0,87.4,2,0,0,nohop_nohold
2349,160,0,-1,3,0,0,0,3,0,0,88.9,2,0,0,hop
2360,153,0,-1,11,0,0,0,11,0,0,84.1,10,0,0,hop
2363,10,0,-1,1,0,0,0,1,0,0,116.7,1,0,0,hop
2376,91,0,-1,14,0,0,0,14,0,0,89.0,15,0,1,hop
2376,171,0,-1,3,0,0,0,3,0,0,85.5,2,0,0,hop
2383,155,0,-1,6,0,0,0,6,0,0,113.9,4,0,1,hop
2385,169,0,-1,4,0,0,0,4,0,0,113.3,3,0,0,nohop_nohold
2386,169,0,-1,4,0,0,0,4,0,0,114.7,3,0,0,hop
2391,181,0,-1,1,0,0,0,1,0,0,19.1,1,0,0,hop
2392,93,0,-1,1,0,0,0,1,0,0,69.8,1,0,0,hop
2393,134,0,-1,1,0,0,0,1,0,0,175.0,0,0,0,nohop_nohold
2394,134,0,-1,1,0,0,0,1,0,0,181.4,0,0,0,hop
2398,133,0,-1,3,0,0,0,3,0,0,139.3,2,0,0,nohop_nohold
2399,133,0,-1,3,0,0,0,3,0,0,141.3,2,0,0,hop
