tick,id,size,holding,elapsed,ahead,qpos,qsize,front,count,crowded,jam,n_train,n_hold,n_other,n_behind,n_missed,n_rest,n_rest_hold,n_rest_loop,count_rest,count_loop,count_all_loop,occ,n_corr,holder_corr,holder_stack_only,outcome,hopped
100,130,1,0,-1,17,4,5,0,17,0,0,17,0,0,0,0,0,0,0,17,17,17,0.5149,15,0,0,pending,0
101,130,1,0,-1,17,4,5,0,17,0,0,17,0,0,0,0,0,0,0,17,17,17,0.5145,15,0,0,hop,1
104,93,1,0,-1,8,2,3,0,9,0,0,9,0,0,1,0,0,0,0,9,8,8,0.2761,8,0,0,pending,0
105,93,1,0,-1,8,2,3,0,9,0,0,9,0,0,1,0,0,0,0,9,8,8,0.2759,8,0,0,hop,1
106,161,1,0,-1,1,1,2,0,1,0,0,1,0,0,0,0,0,0,0,1,1,1,0.0361,1,0,0,hop,1
106,183,1,0,-1,5,0,1,1,6,0,0,6,0,0,1,0,0,0,0,6,5,5,0.1703,5,0,0,pending,0
107,183,1,0,-1,5,0,1,1,6,0,0,6,0,0,1,0,0,0,0,6,5,5,0.1703,5,0,0,hop,1
114,171,1,0,-1,16,0,3,1,16,0,0,16,0,0,1,1,0,0,0,16,16,16,0.5024,14,0,0,hop,1
116,180,1,0,-1,0,0,2,1,0,0,0,0,0,0,0,0,0,0,0,0,0,0,0.0000,0,0,0,hop,1
118,179,1,0,-1,12,0,1,0,12,0,0,12,0,0,0,0,0,0,0,12,12,12,0.4331,12,0,0,pending,0
119,179,1,0,-1,12,0,1,0,12,0,0,12,0,0,0,0,0,0,0,12,12,12,0.4331,12,0,0,hop,1
120,181,1,0,-1,9,0,3,1,10,0,0,10,0,0,1,0,0,0,0,10,9,9,0.3558,10,0,0,hop,1
121,156,1,0,-1,5,0,1,0,6,0,0,6,0,0,1,0,0,0,0,6,5,5,0.1747,5,0,0,hop,1
121,166,1,0,-1,22,0,2,0,29,0,0,29,0,0,1,0,0,0,0,29,28,28,0.5889,17,0,0,pending,0
122,166,1,0,-1,22,0,2,0,29,0,0,29,0,0,1,0,0,0,0,29,28,28,0.5896,17,0,0,hop,1
123,160,1,0,-1,15,1,4,0,15,0,0,15,0,0,0,0,0,0,0,15,15,15,0.4656,13,0,0,pending,0
124,160,1,0,-1,15,1,4,0,15,0,0,15,0,0,0,0,0,0,0,15,15,15,0.4658,13,0,0,hop,1
128,169,1,0,-1,18,1,5,0,18,0,0,18,0,0,1,1,0,0,0,18,18,18,0.5369,15,0,0,hop,1
130,158,1,0,-1,15,0,2,1,16,0,0,16,0,0,0,0,0,0,0,16,16,16,0.4884,14,0,0,hop,1
131,125,1,0,-1,20,1,2,0,26,0,0,26,0,0,0,0,0,0,0,26,26,26,0.5522,15,0,0,pending,0
132,125,1,0,-1,20,1,2,0,26,0,0,26,0,0,0,0,0,0,0,26,26,26,0.5520,15,0,0,hop,1
137,128,1,0,-1,20,1,3,0,20,0,0,20,0,0,0,0,0,0,0,20,20,20,0.4864,14,0,0,pending,0
138,128,1,0,-1,20,1,3,0,20,0,0,20,0,0,0,0,0,0,0,20,20,20,0.4863,14,0,0,hop,1
139,163,1,0,-1,6,1,4,0,6,0,0,6,0,0,0,0,0,0,0,6,6,6,0.2172,6,0,0,pending,0
140,163,1,0,-1,6,1,4,0,6,0,0,6,0,0,0,0,0,0,0,6,6,6,0.2173,6,0,0,hop,1
141,167,1,0,-1,20,2,4,0,27,0,0,27,0,0,1,0,0,0,0,27,26,26,0.6379,18,0,0,pending,0
142,167,1,0,-1,20,2,4,0,27,0,0,27,0,0,1,0,0,0,0,27,26,26,0.6385,18,0,0,hop,1
144,191,1,0,-1,25,1,2,0,29,0,0,29,0,0,0,0,0,0,0,29,29,29,0.5579,17,0,0,hop,1
146,155,1,0,-1,19,0,3,0,18,0,0,18,0,0,0,1,0,0,0,18,19,19,0.5908,16,0,0,pending,0
147,132,1,0,-1,13,0,4,0,15,0,0,15,0,0,1,0,0,0,0,15,14,14,0.4257,13,0,0,pending,0
147,155,1,0,-1,19,0,3,0,18,0,0,18,0,0,0,1,0,0,0,18,19,19,0.5908,16,0,0,hop,1
148,132,1,0,-1,13,0,4,0,15,0,0,15,0,0,1,0,0,0,0,15,14,14,0.4256,13,0,0,hop,1
148,133,1,0,-1,10,2,3,0,12,0,0,12,0,0,1,0,0,0,0,12,11,11,0.3780,11,0,0,hop,1
148,153,1,0,-1,21,0,2,0,24,0,0,24,0,0,0,1,0,0,0,24,25,25,0.5804,16,0,0,pending,0
149,153,1,0,-1,21,0,2,0,24,0,0,24,0,0,0,1,0,0,0,24,25,25,0.5806,16,0,0,hop,1
151,126,1,0,-1,19,2,3,0,21,0,0,21,0,0,0,0,0,0,0,21,21,21,0.5929,16,0,0,pending,0
152,126,1,0,-1,19,2,3,0,21,0,0,21,0,0,0,0,0,0,0,21,21,21,0.5929,16,0,0,hop,1
152,193,1,0,-1,21,1,2,0,27,0,0,27,0,0,2,0,0,0,0,27,25,25,0.5287,16,0,0,hop,1
159,192,1,0,-1,21,3,4,0,30,0,0,30,0,0,3,0,0,0,0,30,27,27,0.6051,18,0,0,pending,0
160,192,1,0,-1,21,3,4,0,30,0,0,30,0,0,3,0,0,0,0,30,27,27,0.6069,18,0,0,hop,1
161,170,1,0,-1,4,0,5,0,4,0,0,4,0,0,0,0,0,0,0,4,4,4,0.1434,4,0,0,pending,0
162,91,1,0,-1,22,0,2,0,28,0,0,28,0,0,0,0,0,0,0,28,28,28,0.5696,16,0,0,pending,0
162,152,1,0,-1,23,1,2,0,29,0,0,29,0,0,0,0,0,0,0,29,29,29,0.5378,16,0,0,hop,1
162,170,1,0,-1,4,0,5,0,4,0,0,4,0,0,0,0,0,0,0,4,4,4,0.1434,4,0,0,hop,1
163,91,1,0,-1,22,0,2,0,28,0,0,28,0,0,0,0,0,0,0,28,28,28,0.5699,16,0,0,hop,1
164,92,1,0,-1,20,0,1,0,24,0,0,24,0,0,0,0,0,0,0,24,24,24,0.5540,15,0,0,pending,0
165,92,1,0,-1,20,0,1,0,24,0,0,24,0,0,0,0,0,0,0,24,24,24,0.5539,15,0,0,hop,1
165,168,1,0,-1,20,3,4,0,23,0,0,23,0,0,1,0,0,0,0,23,22,22,0.6060,17,0,0,pending,0
166,168,1,0,-1,20,3,4,0,23,0,0,23,0,0,1,0,0,0,0,23,22,22,0.6061,17,0,0,hop,1
170,195,1,0,-1,19,1,2,0,22,0,0,22,0,0,3,0,0,0,0,22,19,19,0.5743,17,0,0,hop,1
173,134,1,0,-1,7,3,5,0,7,0,0,7,0,0,0,0,0,0,0,7,7,7,0.2054,6,0,0,hop,1
173,196,1,0,-1,2,1,3,0,2,0,0,2,0,0,0,0,0,0,0,2,2,2,0.0730,2,0,0,pending,0
174,162,1,0,-1,9,1,3,0,10,0,0,10,0,0,0,0,0,0,0,10,10,10,0.3211,9,0,0,pending,0
174,196,1,0,-1,2,1,3,0,2,0,0,2,0,0,0,0,0,0,0,2,2,2,0.0729,2,0,0,hop,1
175,162,1,0,-1,9,1,3,0,10,0,0,10,0,0,0,0,0,0,0,10,10,10,0.3211,9,0,0,hop,1
176,124,1,0,-1,23,0,1,0,29,0,0,29,0,0,1,0,0,0,0,29,28,28,0.5608,16,0,0,pending,0
177,124,1,0,-1,23,0,1,0,29,0,0,29,0,0,1,0,0,0,0,29,28,28,0.5609,16,0,0,hop,1
213,93,1,0,-1,8,4,5,0,9,0,0,9,0,0,1,0,0,0,0,9,8,8,0.2756,8,0,0,hop,1
215,171,1,0,-1,14,0,1,1,15,0,0,15,0,0,0,0,0,0,0,15,15,15,0.5078,14,0,0,hop,1
229,125,1,0,-1,21,0,2,0,27,0,0,27,0,0,0,0,0,0,0,27,27,27,0.6132,17,0,0,hop,1
232,169,1,0,-1,18,1,7,0,17,0,0,17,0,0,0,1,0,0,0,17,18,18,0.5804,16,0,0,hop,1
238,161,1,0,-1,1,0,3,1,1,0,0,1,0,0,0,0,0,0,0,1,1,1,0.0360,1,0,0,hop,1
240,128,1,0,-1,19,3,7,0,20,0,0,20,0,0,0,0,0,0,0,20,20,20,0.6172,17,0,0,hop,1
244,193,1,0,-1,21,6,7,0,25,0,0,25,0,0,2,0,0,0,0,25,23,23,0.6143,18,0,0,pending,0
245,193,1,0,-1,21,6,7,0,25,0,0,25,0,0,2,0,0,0,0,25,23,23,0.6143,18,0,0,hop,1
247,133,1,0,-1,10,2,3,0,12,0,0,12,0,0,1,0,0,0,0,12,11,11,0.3801,11,0,0,pending,0
248,133,1,0,-1,10,2,3,0,12,0,0,12,0,0,1,0,0,0,0,12,11,11,0.3799,11,0,0,hop,1
249,183,1,0,-1,4,1,2,0,4,0,0,4,0,0,0,0,0,0,0,4,4,4,0.1424,4,0,0,hop,1
252,126,1,0,-1,19,4,7,0,21,0,0,21,0,0,0,0,0,0,0,21,21,21,0.5869,16,0,0,hop,1
253,132,1,0,-1,13,0,4,1,15,0,0,15,0,0,1,0,0,0,0,15,14,14,0.4310,13,0,0,pending,0
253,163,1,0,-1,5,1,5,0,5,0,0,5,0,0,0,0,0,0,0,5,5,5,0.1776,5,0,0,hop,1
254,132,1,0,-1,13,0,4,1,15,0,0,15,0,0,1,0,0,0,0,15,14,14,0.4315,13,0,0,hop,1
268,191,1,0,-1,22,2,3,0,28,0,0,28,0,0,0,0,0,0,0,28,28,28,0.6297,18,0,0,hop,1
269,180,1,0,-1,0,0,2,1,0,0,0,0,0,0,0,0,0,0,0,0,0,0,0.0000,0,0,0,hop,1
270,156,1,0,-1,6,2,5,0,6,0,0,6,0,0,0,0,0,0,0,6,6,6,0.2005,6,0,0,hop,1
273,192,1,0,-1,22,2,3,0,26,0,0,26,0,0,1,0,0,0,0,26,25,25,0.6734,19,0,0,pending,0
274,192,1,0,-1,22,2,3,0,26,0,0,26,0,0,1,0,0,0,0,26,25,25,0.6735,19,0,0,hop,1
275,181,1,0,-1,8,0,3,0,9,0,0,9,0,0,0,0,0,0,0,9,9,9,0.2857,8,0,0,pending,0
276,181,1,0,-1,8,0,3,0,9,0,0,9,0,0,0,0,0,0,0,9,9,9,0.2857,8,0,0,hop,1
277,134,1,0,-1,7,3,5,0,7,0,0,7,0,0,0,0,0,0,0,7,7,7,0.2076,6,0,0,hop,1
278,130,1,0,-1,15,3,4,0,18,0,0,18,0,0,2,0,0,0,0,18,16,16,0.5648,16,0,0,hop,1
280,196,1,0,-1,2,0,1,1,2,0,0,2,0,0,0,0,0,0,0,2,2,2,0.0720,2,0,0,pending,0
281,167,1,0,-1,21,0,1,0,27,0,0,27,0,0,0,0,0,0,0,27,27,27,0.6160,17,0,0,pending,0
281,196,1,0,-1,2,0,1,1,2,0,0,2,0,0,0,0,0,0,0,2,2,2,0.0721,2,0,0,hop,1
282,167,1,0,-1,21,0,1,0,27,0,0,27,0,0,0,0,0,0,0,27,27,27,0.6163,17,0,0,hop,1
285,155,1,0,-1,18,2,4,0,19,0,0,19,0,0,0,0,0,0,0,19,19,19,0.5819,16,0,0,hop,1
285,179,1,0,-1,11,0,2,0,11,0,0,11,0,0,0,0,0,0,0,11,11,11,0.3552,10,0,0,hop,1
286,152,1,0,-1,23,1,2,0,27,0,0,27,0,0,0,0,0,0,0,27,27,27,0.5842,16,0,0,hop,1
287,158,1,0,-1,14,2,4,0,15,0,0,15,0,0,0,0,0,0,0,15,15,15,0.4818,13,0,0,pending,0
288,158,1,0,-1,14,2,4,0,15,0,0,15,0,0,0,0,0,0,0,15,15,15,0.4819,13,0,0,hop,1
295,160,1,0,-1,13,1,4,0,12,0,0,12,0,0,0,2,0,0,0,12,14,14,0.3658,10,0,0,hop,1
296,91,1,0,-1,22,0,3,0,28,0,0,28,0,0,1,0,0,0,0,28,27,27,0.5960,18,0,0,pending,0
296,162,1,0,-1,9,1,3,0,9,0,0,9,0,0,0,0,0,0,0,9,9,9,0.3221,9,0,0,pending,0
297,91,1,0,-1,22,0,3,0,28,0,0,28,0,0,1,0,0,0,0,28,27,27,0.5961,18,0,0,hop,1
297,162,1,0,-1,9,1,3,0,9,0,0,9,0,0,0,0,0,0,0,9,9,9,0.3228,9,0,0,hop,1
298,92,1,0,-1,20,0,3,0,22,0,0,22,0,0,0,0,0,0,0,22,22,22,0.5831,16,0,0,hop,1
313,153,1,0,-1,21,1,3,0,24,0,0,24,0,0,1,0,0,0,0,24,23,23,0.6368,18,0,0,pending,0
314,153,1,0,-1,21,1,3,0,24,0,0,24,0,0,1,0,0,0,0,24,23,23,0.6366,18,0,0,hop,1
314,195,1,0,-1,15,0,4,0,20,0,0,20,0,0,3,0,0,0,0,20,17,17,0.4816,14,0,0,pending,0
315,195,1,0,-1,15,0,4,0,20,0,0,20,0,0,3,0,0,0,0,20,17,17,0.4815,14,0,0,hop,1
317,170,1,0,-1,3,0,5,1,4,0,0,4,0,0,0,0,0,0,0,4,4,4,0.1072,3,0,0,hop,1
335,168,1,0,-1,18,0,2,0,19,0,0,19,0,0,0,0,0,0,0,19,19,19,0.6074,17,0,0,pending,0
336,168,1,0,-1,18,0,2,0,19,0,0,19,0,0,0,0,0,0,0,19,19,19,0.6074,17,0,0,hop,1
337,93,1,0,-1,7,4,5,0,8,0,0,8,0,0,1,0,0,0,0,8,7,7,0.2792,8,0,0,hop,1
339,169,1,0,-1,15,0,3,0,18,0,0,18,0,0,0,0,0,0,0,18,18,18,0.5040,14,0,0,hop,1
341,161,1,0,-1,2,1,3,0,2,0,0,2,0,0,0,0,0,0,0,2,2,2,0.0685,2,0,0,hop,1
343,193,1,0,-1,20,0,1,0,22,0,0,22,0,0,1,0,0,0,0,22,21,21,0.5834,17,0,0,pending,0
344,193,1,0,-1,20,0,1,0,22,0,0,22,0,0,1,0,0,0,0,22,21,21,0.5837,17,0,0,hop,1
345,133,1,0,-1,10,2,3,0,11,0,0,11,0,0,1,0,0,0,0,11,10,10,0.3168,9,0,0,hop,1
377,171,1,0,-1,12,2,3,0,14,0,0,14,0,0,0,0,0,0,0,14,14,14,0.4373,12,0,0,hop,1
378,163,1,0,-1,4,1,5,0,5,0,0,5,0,0,0,0,0,0,0,5,5,5,0.1478,4,0,0,pending,0
379,128,1,0,-1,17,2,3,0,20,0,0,20,0,0,1,0,0,0,0,20,19,19,0.6147,17,0,0,hop,1
379,163,1,0,-1,4,1,5,0,5,0,0,5,0,0,0,0,0,0,0,5,5,5,0.1478,4,0,0,hop,1
382,191,1,0,-1,22,4,5,0,25,0,0,25,0,0,0,1,0,0,0,25,26,26,0.6038,17,0,0,pending,0
383,179,1,0,-1,11,0,3,0,11,0,0,11,0,0,0,0,0,0,0,11,11,11,0.3557,10,0,0,pending,0
383,191,1,0,-1,22,4,5,0,25,0,0,25,0,0,0,1,0,0,0,25,26,26,0.6038,17,0,0,hop,1
384,179,1,0,-1,11,0,3,0,11,0,0,11,0,0,0,0,0,0,0,11,11,11,0.3557,10,0,0,hop,1
388,167,1,0,-1,22,1,4,0,25,0,0,25,0,0,0,0,0,0,0,25,25,25,0.5809,17,0,0,hop,1
391,180,1,0,-1,0,0,1,1,0,0,0,0,0,0,0,0,0,0,0,0,0,0,0.0000,0,0,0,hop,1
396,126,1,0,-1,19,1,2,0,20,0,0,20,0,0,0,0,0,0,0,20,20,20,0.5723,16,0,0,hop,1
402,162,1,0,-1,9,1,3,0,9,0,0,9,0,0,0,0,0,0,0,9,9,9,0.3201,9,0,0,pending,0
403,162,1,0,-1,9,1,3,0,9,0,0,9,0,0,0,0,0,0,0,9,9,9,0.3201,9,0,0,hop,1
407,125,1,0,-1,21,0,4,0,24,0,0,24,0,0,0,0,0,0,0,24,24,24,0.5676,16,0,0,pending,0
407,183,1,0,-1,4,1,2,0,4,0,0,4,0,0,0,0,0,0,0,4,4,4,0.1395,4,0,0,pending,0
408,125,1,0,-1,21,0,4,0,24,0,0,24,0,0,0,0,0,0,0,24,24,24,0.5677,16,0,0,hop,1
408,183,1,0,-1,4,1,2,0,4,0,0,4,0,0,0,0,0,0,0,4,4,4,0.1393,4,0,0,hop,1
409,170,1,0,-1,2,0,1,1,3,0,0,3,0,0,0,0,0,0,0,3,3,3,0.0690,2,0,0,hop,1
411,192,1,0,-1,21,2,3,0,23,0,0,23,0,0,0,0,0,0,0,23,23,23,0.6409,18,0,0,hop,1
412,130,1,0,-1,15,1,2,0,18,0,0,18,0,0,1,0,0,0,0,18,17,17,0.4946,14,0,0,pending,0
413,130,1,0,-1,14,1,2,0,18,0,0,18,0,0,1,0,0,0,0,18,17,17,0.4945,14,0,0,hop,1
414,181,1,0,-1,8,0,3,0,8,0,0,8,0,0,0,0,0,0,0,8,8,8,0.2867,8,0,0,pending,0
415,181,1,0,-1,8,0,3,0,8,0,0,8,0,0,0,0,0,0,0,8,8,8,0.2867,8,0,0,hop,1
417,155,1,0,-1,16,1,3,0,18,0,0,18,0,0,0,0,0,0,0,18,18,18,0.5841,16,0,0,hop,1
419,91,1,0,-1,22,2,4,0,27,0,0,27,0,0,1,0,0,0,0,27,26,26,0.6249,19,0,0,hop,1
419,160,1,0,-1,11,1,3,0,12,0,0,12,0,0,0,0,0,0,0,12,12,12,0.3599,10,0,0,pending,0
420,160,1,0,-1,11,1,3,0,12,0,0,12,0,0,0,0,0,0,0,12,12,12,0.3600,10,0,0,hop,1
424,152,1,0,-1,23,3,4,0,26,0,0,26,0,0,0,0,0,0,0,26,26,26,0.5161,14,0,0,hop,1
427,134,1,0,-1,6,1,3,0,6,0,0,6,0,0,0,0,0,0,0,6,6,6,0.2127,6,0,0,hop,1
428,132,1,0,-1,13,0,1,0,14,0,0,14,0,0,0,0,0,0,0,14,14,14,0.4061,12,0,0,pending,0
428,156,1,0,-1,5,0,3,1,5,0,0,5,0,0,0,0,0,0,0,5,5,5,0.1710,5,0,0,pending,0
429,132,1,0,-1,13,0,1,0,14,0,0,14,0,0,0,0,0,0,0,14,14,14,0.4062,12,0,0,hop,1
429,156,1,0,-1,5,0,3,1,5,0,0,5,0,0,0,0,0,0,0,5,5,5,0.1713,5,0,0,hop,1
430,153,1,0,-1,20,1,3,0,23,0,0,23,0,0,1,0,0,0,0,23,22,22,0.6303,18,0,0,pending,0
431,153,1,0,-1,20,1,3,0,23,0,0,23,0,0,1,0,0,0,0,23,22,22,0.6302,18,0,0,hop,1
434,193,1,0,-1,19,0,1,0,22,0,0,22,0,0,1,0,0,0,0,22,21,21,0.5161,15,0,0,pending,0
435,193,1,0,-1,19,0,1,0,22,0,0,22,0,0,1,0,0,0,0,22,21,21,0.5159,15,0,0,hop,1
436,169,1,0,-1,15,0,3,0,18,0,0,18,0,0,0,0,0,0,0,18,18,18,0.5409,15,0,0,hop,1
439,196,1,0,-1,0,0,3,1,1,0,0,1,0,0,0,0,0,0,0,1,1,1,0.0000,0,0,0,pending,0
440,196,1,0,-1,0,0,3,1,1,0,0,1,0,0,0,0,0,0,0,1,1,1,0.0000,0,0,0,hop,1
443,93,1,0,-1,8,0,3,0,8,0,0,8,0,0,0,0,0,0,0,8,8,8,0.2506,7,0,0,pending,0
444,93,1,0,-1,8,0,3,0,8,0,0,8,0,0,0,0,0,0,0,8,8,8,0.2507,7,0,0,hop,1
450,195,1,0,-1,14,0,1,0,16,0,0,16,0,0,1,0,0,0,0,16,15,15,0.4484,13,0,0,pending,0
451,195,1,0,-1,14,0,1,0,16,0,0,16,0,0,1,0,0,0,0,16,15,15,0.4484,13,0,0,hop,1
463,158,1,0,-1,14,0,2,0,15,0,0,15,0,0,0,0,0,0,0,15,15,15,0.4786,13,0,0,hop,1
468,92,1,0,-1,19,1,4,0,22,0,0,22,0,0,0,0,0,0,0,22,22,22,0.5877,16,0,0,pending,0
469,92,1,0,-1,19,1,4,0,22,0,0,22,0,0,0,0,0,0,0,22,22,22,0.5877,16,0,0,hop,1
470,168,1,0,-1,18,0,2,0,20,0,0,20,0,0,0,0,0,0,0,20,20,20,0.5716,16,0,0,pending,0
471,168,1,0,-1,18,0,2,0,20,0,0,20,0,0,0,0,0,0,0,20,20,20,0.5713,16,0,0,hop,1
481,179,1,0,-1,10,0,3,0,10,0,0,10,0,0,0,0,0,0,0,10,10,10,0.3573,10,0,0,hop,1
482,191,1,0,-1,23,3,4,0,25,0,0,25,0,0,0,0,0,0,0,25,25,25,0.5468,15,0,0,hop,1
485,163,1,0,-1,3,0,5,1,3,0,0,3,0,0,0,0,0,0,0,3,3,3,0.0733,2,0,0,pending,0
486,163,1,0,-1,3,0,5,1,3,0,0,3,0,0,0,0,0,0,0,3,3,3,0.0733,2,0,0,hop,1
496,162,1,0,-1,8,1,3,0,8,0,0,8,0,0,0,0,0,0,0,8,8,8,0.2896,8,0,0,hop,1
508,161,1,0,-1,1,0,2,1,1,0,0,1,0,0,0,0,0,0,0,1,1,1,0.0369,1,0,0,pending,0
508,183,1,0,-1,3,1,5,0,4,0,0,4,0,0,0,0,0,0,0,4,4,4,0.1050,3,0,0,pending,0
509,161,1,0,-1,1,0,2,1,1,0,0,1,0,0,0,0,0,0,0,1,1,1,0.0369,1,0,0,hop,1
509,183,1,0,-1,3,1,5,0,4,0,0,4,0,0,0,0,0,0,0,4,4,4,0.1051,3,0,0,hop,1
512,130,1,0,-1,14,1,2,0,17,0,0,17,0,0,1,0,0,0,0,17,16,16,0.4976,14,0,0,pending,0
513,130,1,0,-1,14,1,2,0,17,0,0,17,0,0,1,0,0,0,0,17,16,16,0.4974,14,0,0,hop,1
513,133,1,0,-1,10,0,3,0,10,0,0,10,0,0,0,0,0,0,0,10,10,10,0.3565,10,0,0,hop,1
520,126,1,0,-1,19,0,4,0,20,0,0,20,0,0,0,1,0,0,0,20,21,21,0.5734,16,0,0,pending,0
520,132,1,0,-1,12,0,1,0,13,0,0,13,0,0,0,0,0,0,0,13,13,13,0.4091,12,0,0,hop,1
521,126,1,0,-1,19,0,4,0,20,0,0,20,0,0,0,1,0,0,0,20,21,21,0.5732,16,0,0,hop,1
523,125,1,0,-1,21,0,4,0,24,0,0,24,0,0,0,0,0,0,0,24,24,24,0.5727,16,0,0,pending,0
524,125,1,0,-1,21,0,4,0,24,0,0,24,0,0,0,0,0,0,0,24,24,24,0.5727,16,0,0,hop,1
528,171,1,0,-1,12,2,3,0,13,0,0,13,0,0,0,0,0,0,0,13,13,13,0.4373,12,0,0,hop,1
529,134,1,0,-1,5,4,6,0,6,0,0,6,0,0,0,0,0,0,0,6,6,6,0.1468,4,0,0,hop,1
530,192,1,0,-1,20,0,6,0,23,0,0,23,0,0,0,0,0,0,0,23,23,23,0.6076,17,0,0,hop,1
534,155,1,0,-1,16,1,3,0,17,0,0,17,0,0,0,0,0,0,0,17,17,17,0.5844,16,0,0,pending,0
535,155,1,0,-1,16,1,3,0,17,0,0,17,0,0,0,0,0,0,0,17,17,17,0.5843,16,0,0,hop,1
538,128,1,0,-1,18,0,1,0,19,0,0,19,0,0,0,0,0,0,0,19,19,19,0.5819,16,0,0,hop,1
542,169,1,0,-1,15,0,3,0,16,0,0,16,0,0,0,0,0,0,0,16,16,16,0.5411,15,0,0,hop,1
548,180,1,0,-1,0,0,1,1,0,0,0,0,0,0,0,0,0,0,0,0,0,0,0.0000,0,0,0,hop,1
550,153,1,0,-1,21,1,6,0,24,0,0,24,0,0,0,0,0,0,0,24,24,24,0.6226,18,0,0,pending,0
551,153,1,0,-1,21,1,6,0,24,0,0,24,0,0,0,0,0,0,0,24,24,24,0.6223,18,0,0,hop,1
555,195,1,0,-1,14,0,1,0,15,0,0,15,0,0,1,0,0,0,0,15,14,14,0.4478,13,0,0,pending,0
556,167,1,0,-1,21,3,6,0,25,0,0,25,0,0,0,0,0,0,0,25,25,25,0.5451,16,0,0,hop,1
556,195,1,0,-1,14,0,1,0,15,0,0,15,0,0,1,0,0,0,0,15,14,14,0.4480,13,0,0,hop,1
558,160,1,0,-1,10,1,3,0,11,0,0,11,0,0,0,0,0,0,0,11,11,11,0.3642,10,0,0,pending,0
559,160,1,0,-1,10,1,3,0,11,0,0,11,0,0,0,0,0,0,0,11,11,11,0.3641,10,0,0,hop,1
562,91,1,0,-1,22,0,2,0,26,0,0,26,0,0,0,0,0,0,0,26,26,26,0.5621,17,0,0,pending,0
563,91,1,0,-1,22,0,2,0,26,0,0,26,0,0,0,0,0,0,0,26,26,26,0.5625,17,0,0,hop,1
563,170,1,0,-1,2,0,6,1,2,0,0,2,0,0,0,0,0,0,0,2,2,2,0.0739,2,0,0,pending,0
564,170,1,0,-1,2,0,6,1,2,0,0,2,0,0,0,0,0,0,0,2,2,2,0.0739,2,0,0,hop,1
570,181,1,0,-1,6,0,3,0,8,0,0,8,0,0,0,0,0,0,0,8,8,8,0.2175,6,0,0,pending,0
571,181,1,0,-1,6,0,3,0,8,0,0,8,0,0,0,0,0,0,0,8,8,8,0.2175,6,0,0,hop,1
579,156,1,0,-1,4,2,5,0,5,0,0,5,0,0,0,0,0,0,0,5,5,5,0.1100,3,0,0,pending,0
580,156,1,0,-1,4,2,5,0,5,0,0,5,0,0,0,0,0,0,0,5,5,5,0.1100,3,0,0,hop,1
583,196,1,0,-1,0,0,2,1,0,0,0,0,0,0,0,0,0,0,0,0,0,0,0.0000,0,0,0,pending,0
584,196,1,0,-1,0,0,2,1,0,0,0,0,0,0,0,0,0,0,0,0,0,0,0.0000,0,0,0,hop,1
593,193,1,0,-1,19,1,2,0,21,0,0,21,0,0,1,0,0,0,0,21,20,20,0.5899,17,0,0,pending,0
594,163,1,0,-1,2,0,1,1,3,0,0,3,0,0,0,0,0,0,0,3,3,3,0.0727,2,0,0,pending,0
594,193,1,0,-1,19,1,2,0,21,0,0,21,0,0,1,0,0,0,0,21,20,20,0.5904,17,0,0,hop,1
595,163,1,0,-1,2,0,1,1,3,0,0,3,0,0,0,0,0,0,0,3,3,3,0.0727,2,0,0,hop,1
598,179,1,0,-1,8,2,3,0,10,0,0,10,0,0,0,0,0,0,0,10,10,10,0.2859,8,0,0,pending,0
599,93,1,0,-1,6,0,3,0,7,0,0,7,0,0,0,0,0,0,0,7,7,7,0.1798,5,0,0,pending,0
599,179,1,0,-1,8,2,3,0,10,0,0,10,0,0,0,0,0,0,0,10,10,10,0.2859,8,0,0,hop,1
600,93,1,0,-1,6,0,3,0,7,0,0,7,0,0,0,0,0,0,0,7,7,7,0.1797,5,0,0,hop,1
603,183,1,0,-1,3,0,4,1,3,0,0,3,0,0,0,0,0,0,0,3,3,3,0.1049,3,0,0,pending,0
604,183,1,0,-1,3,0,4,1,3,0,0,3,0,0,0,0,0,0,0,3,3,3,0.1052,3,0,0,hop,1
626,92,1,0,-1,19,1,2,0,20,0,0,20,0,0,1,0,0,0,0,20,19,19,0.5945,17,0,0,hop,1
630,161,1,0,-1,1,0,4,1,1,0,0,1,0,0,0,0,0,0,0,1,1,1,0.0350,1,0,0,hop,1
631,158,1,0,-1,11,0,2,0,13,0,0,13,0,0,0,1,0,0,0,13,14,14,0.3620,10,0,0,hop,1
633,168,1,0,-1,16,0,2,0,17,0,0,17,0,0,0,0,0,0,0,17,17,17,0.5765,16,0,0,pending,0
634,168,1,0,-1,16,0,2,0,17,0,0,17,0,0,0,0,0,0,0,17,17,17,0.5766,16,0,0,hop,1
641,132,1,0,-1,10,0,1,0,12,0,0,12,0,0,0,0,0,0,0,12,12,12,0.2992,9,0,0,pending,0
642,126,1,0,-1,18,0,2,0,17,0,0,17,0,0,0,1,0,0,0,17,18,18,0.5822,16,0,0,hop,1
642,132,1,0,-1,10,0,1,0,12,0,0,12,0,0,0,0,0,0,0,12,12,12,0.2991,9,0,0,hop,1
645,155,1,0,-1,14,1,3,0,16,0,0,16,0,0,0,0,0,0,0,16,16,16,0.5177,14,0,0,pending,0
646,155,1,0,-1,14,1,3,0,16,0,0,16,0,0,0,0,0,0,0,16,16,16,0.5177,14,0,0,hop,1
646,162,1,0,-1,7,4,6,0,7,0,0,7,0,0,0,0,0,0,0,7,7,7,0.1797,5,0,0,hop,1
656,134,1,0,-1,4,1,6,0,4,0,0,4,0,0,0,0,0,0,0,4,4,4,0.1483,4,0,0,hop,1
659,195,1,0,-1,11,0,1,0,15,0,0,15,0,0,1,0,0,0,0,15,14,14,0.3833,11,0,0,hop,1
664,133,1,0,-1,8,0,3,0,9,0,0,9,0,0,0,0,0,0,0,9,9,9,0.2405,7,0,0,hop,1
670,153,1,0,-1,20,1,5,0,21,0,0,21,0,0,0,0,0,0,0,21,21,21,0.6091,18,0,0,pending,0
671,153,1,0,-1,20,1,5,0,21,0,0,21,0,0,0,0,0,0,0,21,21,21,0.6089,18,0,0,hop,1
681,130,1,0,-1,12,1,2,0,15,0,0,15,0,0,1,0,0,0,0,15,14,14,0.4311,12,0,0,pending,0
682,130,1,0,-1,12,1,2,0,15,0,0,15,0,0,1,0,0,0,0,15,14,14,0.4309,12,0,0,hop,1
685,192,1,0,-1,19,0,5,0,20,0,0,20,0,0,0,0,0,0,0,20,20,20,0.6863,19,0,0,pending,0
686,156,1,0,-1,3,0,6,1,3,0,0,3,0,0,0,0,0,0,0,3,3,3,0.1108,3,0,0,pending,0
686,171,1,0,-1,9,2,3,0,12,0,0,12,0,0,0,0,0,0,0,12,12,12,0.3289,9,0,0,pending,0
686,192,1,0,-1,19,0,5,0,20,0,0,20,0,0,0,0,0,0,0,20,20,20,0.6863,19,0,0,hop,1
687,156,1,0,-1,3,0,6,1,3,0,0,3,0,0,0,0,0,0,0,3,3,3,0.1108,3,0,0,hop,1
687,171,1,0,-1,9,2,3,0,12,0,0,12,0,0,0,0,0,0,0,12,12,12,0.3289,9,0,0,hop,1
688,125,1,0,-1,20,2,5,0,22,0,0,22,0,0,0,0,0,0,0,22,22,22,0.5602,16,0,0,hop,1
689,160,1,0,-1,8,1,3,0,10,0,0,10,0,0,0,0,0,0,0,10,10,10,0.2820,8,0,0,hop,1
695,181,1,0,-1,5,1,5,0,6,0,0,6,0,0,1,0,0,0,0,6,5,5,0.2190,6,0,0,hop,1
699,183,1,0,-1,2,0,1,1,4,0,0,4,0,0,0,0,0,0,0,4,4,4,0.0739,2,0,0,pending,0
700,169,1,0,-1,13,0,3,0,15,0,0,15,0,0,0,0,0,0,0,15,15,15,0.4328,12,0,0,hop,1
705,167,1,0,-1,21,3,5,0,22,0,0,22,0,0,0,1,0,0,0,22,23,23,0.5506,15,0,0,pending,0
706,167,1,0,-1,21,3,5,0,22,0,0,22,0,0,0,1,0,0,0,22,23,23,0.5508,15,0,0,hop,1
718,128,1,0,-1,15,0,1,0,16,0,0,16,0,0,0,0,0,0,0,16,16,16,0.4720,13,0,0,hop,1
727,93,1,0,-1,6,1,4,0,6,0,0,6,0,0,0,0,0,0,0,6,6,6,0.1108,3,0,0,pending,0
728,93,1,0,-1,6,1,4,0,6,0,0,6,0,0,0,0,0,0,0,6,6,6,0.1108,3,0,0,hop,1
730,91,1,0,-1,23,4,5,0,22,0,0,22,0,0,0,0,0,0,0,22,22,22,0.5542,15,0,0,pending,0
731,91,1,0,-1,23,4,5,0,22,0,0,22,0,0,0,0,0,0,0,22,22,22,0.5542,15,0,0,hop,1
731,193,1,0,-1,16,0,1,0,19,0,0,19,0,0,1,0,0,0,0,19,18,18,0.5601,16,0,0,pending,0
732,193,1,0,-1,16,0,1,0,19,0,0,19,0,0,1,0,0,0,0,19,18,18,0.5602,16,0,0,hop,1
734,170,1,0,-1,2,0,1,1,3,0,0,3,0,0,1,0,0,0,0,3,2,2,0.0674,2,0,0,hop,1
737,183,1,0,-1,4,0,1,1,5,0,0,5,0,0,0,0,0,0,0,5,5,5,0.1004,3,0,0,hop,1
738,163,1,0,-1,3,0,2,1,4,0,0,4,0,0,0,0,0,0,0,4,4,4,0.1098,3,0,0,hop,1
740,158,1,0,-1,10,0,2,0,12,0,0,12,0,0,0,1,0,0,0,12,13,13,0.3279,9,0,0,hop,1
745,196,1,0,-1,0,0,1,1,0,0,0,0,0,0,0,0,0,0,0,0,0,0,0.0000,0,0,0,hop,1
746,134,1,0,-1,4,0,1,1,5,0,0,5,0,0,0,0,0,0,0,5,5,5,0.1457,4,0,0,pending,0
747,134,1,0,-1,4,0,1,1,5,0,0,5,0,0,0,0,0,0,0,5,5,5,0.1456,4,0,0,hop,1
748,179,1,0,-1,6,0,1,1,8,0,0,8,0,0,0,0,0,0,0,8,8,8,0.1813,5,0,0,pending,0
749,179,1,0,-1,6,0,1,1,8,0,0,8,0,0,0,0,0,0,0,8,8,8,0.1814,5,0,0,hop,1
758,162,1,0,-1,7,0,4,0,8,0,0,8,0,0,0,0,0,0,0,8,8,8,0.2217,6,0,0,hop,1
761,168,1,0,-1,14,2,3,0,16,0,0,16,0,0,0,0,0,0,0,16,16,16,0.5044,14,0,0,pending,0
762,168,1,0,-1,14,2,3,0,16,0,0,16,0,0,0,0,0,0,0,16,16,16,0.5044,14,0,0,hop,1
772,132,1,0,-1,9,0,1,0,11,0,0,11,0,0,0,0,0,0,0,11,11,11,0.2337,7,0,0,hop,1
775,161,1,0,-1,1,0,1,1,1,0,0,1,0,0,0,0,0,0,0,1,1,1,0.0374,1,0,0,pending,0
776,161,1,0,-1,1,0,1,1,1,0,0,1,0,0,0,0,0,0,0,1,1,1,0.0374,1,0,0,hop,1
778,133,1,0,-1,7,0,3,0,8,0,0,8,0,0,0,0,0,0,0,8,8,8,0.2093,6,0,0,pending,0
779,133,1,0,-1,7,0,3,0,8,0,0,8,0,0,0,0,0,0,0,8,8,8,0.2092,6,0,0,hop,1
786,155,1,0,-1,12,1,3,0,16,0,0,16,0,0,0,0,0,0,0,16,16,16,0.4380,12,0,0,hop,1
797,126,1,0,-1,16,0,2,0,17,0,0,17,0,0,0,1,0,0,0,17,18,18,0.5570,15,0,0,hop,1
801,92,1,0,-1,17,0,1,1,18,0,0,18,0,0,1,0,0,0,0,18,17,17,0.5748,16,0,0,hop,1
820,167,1,0,-1,21,3,4,0,21,0,0,21,0,0,0,1,0,0,0,21,22,22,0.6234,17,0,0,hop,1
822,153,1,0,-1,19,2,5,0,19,0,0,19,0,0,0,0,0,0,0,19,19,19,0.5694,17,0,0,hop,1
823,160,1,0,-1,7,3,5,0,9,0,0,9,0,0,0,0,0,0,0,9,9,9,0.2466,7,0,0,hop,1
823,195,1,0,-1,9,0,1,0,14,0,0,14,0,0,1,0,0,0,0,14,13,13,0.3137,9,0,0,pending,0
824,195,1,0,-1,9,0,1,0,14,0,0,14,0,0,1,0,0,0,0,14,13,13,0.3128,9,0,0,hop,1
825,128,1,0,-1,13,2,3,0,16,0,0,16,0,0,1,0,0,0,0,16,15,15,0.4748,13,0,0,pending,0
826,128,1,0,-1,13,2,3,0,16,0,0,16,0,0,1,0,0,0,0,16,15,15,0.4731,13,0,0,hop,1
831,156,1,0,-1,2,0,4,1,3,0,0,3,0,0,0,0,0,0,0,3,3,3,0.0728,2,0,0,pending,0
831,171,1,0,-1,8,6,7,0,11,0,0,11,0,0,0,0,0,0,0,11,11,11,0.2546,7,0,0,hop,1
832,156,1,0,-1,2,0,4,1,3,0,0,3,0,0,0,0,0,0,0,3,3,3,0.0728,2,0,0,hop,1
832,169,1,0,-1,11,0,3,0,15,0,0,15,0,0,0,0,0,0,0,15,15,15,0.3962,11,0,0,hop,1
840,181,1,0,-1,5,1,7,0,6,0,0,6,0,0,0,0,0,0,0,6,6,6,0.1809,5,0,0,hop,1
841,125,1,0,-1,20,2,4,0,20,0,0,20,0,0,0,0,0,0,0,20,20,20,0.4953,15,0,0,pending,0
842,125,1,0,-1,20,2,4,0,20,0,0,20,0,0,0,0,0,0,0,20,20,20,0.4949,15,0,0,hop,1
856,130,1,0,-1,10,1,2,0,15,0,0,15,0,0,1,0,0,0,0,15,14,14,0.3657,10,0,0,pending,0
857,130,1,0,-1,10,1,2,0,15,0,0,15,0,0,1,0,0,0,0,15,14,14,0.3657,10,0,0,hop,1
858,192,1,0,-1,18,0,4,0,19,0,0,19,0,0,0,0,0,0,0,19,19,19,0.5845,16,0,0,pending,0
859,192,1,0,-1,18,0,4,0,19,0,0,19,0,0,0,0,0,0,0,19,19,19,0.5846,16,0,0,hop,1
868,93,1,0,-1,4,0,7,1,5,0,0,5,0,0,0,0,0,0,0,5,5,5,0.1476,4,0,0,hop,1
872,1,1,0,-1,0,0,1,1,0,0,0,0,0,0,0,0,0,0,0,0,0,0,0.0000,0,0,0,pending,0
873,1,1,0,-1,0,0,1,1,0,0,0,0,0,0,0,0,0,0,0,0,0,0,0.0000,0,0,0,hop,1
879,168,1,0,-1,14,0,2,0,16,0,0,16,0,0,0,0,0,0,0,16,16,16,0.5021,14,0,0,pending,0
880,168,1,0,-1,14,0,2,0,16,0,0,16,0,0,0,0,0,0,0,16,16,16,0.5021,14,0,0,hop,1
880,183,1,0,-1,4,2,3,0,3,0,0,3,0,0,0,1,0,0,0,3,4,4,0.1108,3,0,0,hop,1
882,161,1,0,-1,1,0,1,1,1,0,0,1,0,0,0,0,0,0,0,1,1,1,0.0369,1,0,0,pending,0
883,161,1,0,-1,1,0,1,1,1,0,0,1,0,0,0,0,0,0,0,1,1,1,0.0369,1,0,0,hop,1
884,163,1,0,-1,2,1,3,0,3,0,0,3,0,0,0,0,0,0,0,3,3,3,0.0662,2,0,0,hop,1
888,132,1,0,-1,9,0,1,0,11,0,0,11,0,0,0,0,0,0,0,11,11,11,0.2755,8,0,0,pending,0
889,132,1,0,-1,9,0,1,0,11,0,0,11,0,0,0,0,0,0,0,11,11,11,0.2754,8,0,0,hop,1
889,162,1,0,-1,6,1,6,0,7,0,0,7,0,0,0,0,0,0,0,7,7,7,0.2211,6,0,0,hop,1
891,170,1,0,-1,2,0,1,1,2,0,0,2,0,0,0,0,0,0,0,2,2,2,0.0000,0,0,0,hop,1
892,126,1,0,-1,15,1,2,0,17,0,0,17,0,0,0,0,0,0,0,17,17,17,0.4662,13,0,0,pending,0
893,126,1,0,-1,15,1,2,0,17,0,0,17,0,0,0,0,0,0,0,17,17,17,0.4664,13,0,0,hop,1
894,133,1,0,-1,7,3,6,0,8,0,0,8,0,0,0,0,0,0,0,8,8,8,0.2190,6,0,0,pending,0
894,158,1,0,-1,9,0,2,0,12,0,0,12,0,0,0,1,0,0,0,12,13,13,0.3318,9,0,0,hop,1
895,133,1,0,-1,7,3,6,0,8,0,0,8,0,0,0,0,0,0,0,8,8,8,0.2190,6,0,0,hop,1
901,91,1,0,-1,23,0,1,0,21,0,0,21,0,0,0,0,0,0,0,21,21,21,0.5172,14,0,0,hop,1
904,179,1,0,-1,7,2,6,0,7,0,0,7,0,0,0,0,0,0,0,7,7,7,0.2198,6,0,0,pending,0
905,179,1,0,-1,7,2,6,0,7,0,0,7,0,0,0,0,0,0,0,7,7,7,0.2198,6,0,0,hop,1
906,193,1,0,-1,15,0,1,0,19,0,0,19,0,0,1,0,0,0,0,19,18,18,0.5731,16,0,0,pending,0
907,193,1,0,-1,15,0,1,0,19,0,0,19,0,0,1,0,0,0,0,19,18,18,0.5731,16,0,0,hop,1
917,196,1,0,-1,0,0,2,1,0,0,0,0,0,0,0,0,0,0,0,0,0,0,0.0000,0,0,0,pending,0
918,196,1,0,-1,0,0,2,1,0,0,0,0,0,0,0,0,0,0,0,0,0,0,0.0000,0,0,0,hop,1
922,134,1,0,-1,3,0,2,1,4,0,0,4,0,0,0,0,0,0,0,4,4,4,0.1108,3,0,0,hop,1
924,92,1,0,-1,16,0,5,1,19,0,0,19,0,0,0,0,0,0,0,19,19,19,0.5316,15,0,0,pending,0
925,92,1,0,-1,16,0,5,1,19,0,0,19,0,0,0,0,0,0,0,19,19,19,0.5318,15,0,0,hop,1
933,167,1,0,-1,20,4,5,0,21,0,0,21,0,0,0,1,0,0,0,21,22,22,0.5490,15,0,0,hop,1
939,160,1,0,-1,7,4,6,0,9,0,0,9,0,0,0,0,0,0,0,9,9,9,0.2531,7,0,0,hop,1
947,155,1,0,-1,12,1,3,0,16,0,0,16,0,0,0,0,0,0,0,16,16,16,0.4420,12,0,0,pending,0
948,155,1,0,-1,12,1,3,0,16,0,0,16,0,0,0,0,0,0,0,16,16,16,0.4419,12,0,0,hop,1
949,171,1,0,-1,8,5,6,0,11,0,0,11,0,0,0,0,0,0,0,11,11,11,0.3300,9,0,0,pending,0
949,181,1,0,-1,5,0,6,1,5,0,0,5,0,0,0,0,0,0,0,5,5,5,0.1844,5,0,0,pending,0
950,169,1,0,-1,11,0,3,0,15,0,0,15,0,0,0,0,0,0,0,15,15,15,0.4355,12,0,0,pending,0
950,171,1,0,-1,8,5,6,0,11,0,0,11,0,0,0,0,0,0,0,11,11,11,0.3300,9,0,0,hop,1
950,181,1,0,-1,5,0,6,1,5,0,0,5,0,0,0,0,0,0,0,5,5,5,0.1845,5,0,0,hop,1
951,130,1,0,-1,10,0,1,0,15,0,0,15,0,0,1,0,0,0,0,15,14,14,0.4007,11,0,0,hop,1
951,169,1,0,-1,11,0,3,0,15,0,0,15,0,0,0,0,0,0,0,15,15,15,0.4355,12,0,0,hop,1
968,192,1,0,-1,16,1,5,0,19,0,0,19,0,0,0,0,0,0,0,19,19,19,0.5322,15,0,0,pending,0
969,192,1,0,-1,16,1,5,0,20,0,0,20,0,0,0,0,0,0,0,20,20,20,0.5320,15,0,0,hop,1
971,168,1,0,-1,13,0,3,0,16,0,0,16,0,0,0,0,0,0,0,16,16,16,0.4682,13,0,0,hop,1
976,195,1,0,-1,9,0,1,0,14,0,0,14,0,0,1,0,0,0,0,14,13,13,0.3149,9,0,0,hop,1
982,153,1,0,-1,17,2,3,0,20,0,0,20,0,0,0,0,0,0,0,20,20,20,0.5306,16,0,0,pending,0
983,153,1,0,-1,17,2,3,0,20,0,0,20,0,0,0,0,0,0,0,20,20,20,0.5307,16,0,0,hop,1
984,156,1,0,-1,2,0,2,1,2,0,0,2,0,0,0,0,0,0,0,2,2,2,0.0365,1,0,0,pending,0
985,125,1,0,-1,21,0,2,1,20,0,0,20,0,0,0,1,0,0,0,20,21,21,0.5542,15,0,0,hop,1
985,156,1,0,-1,2,0,2,1,2,0,0,2,0,0,0,0,0,0,0,2,2,2,0.0365,1,0,0,hop,1
986,1,1,0,-1,0,0,1,1,0,0,0,0,0,0,0,0,0,0,0,0,0,0,0.0000,0,0,0,hop,1
987,128,1,0,-1,13,0,3,0,16,0,0,16,0,0,0,0,0,0,0,16,16,16,0.4374,12,0,0,hop,1
992,93,1,0,-1,5,0,1,1,5,0,0,5,0,0,0,0,0,0,0,5,5,5,0.1673,5,0,0,hop,1
1002,2,1,0,-1,1,0,1,1,1,0,0,1,0,0,0,0,0,0,0,1,1,1,0.0367,1,0,0,pending,0
1003,2,1,0,-1,1,0,1,1,1,0,0,1,0,0,0,0,0,0,0,1,1,1,0.0367,1,0,0,hop,1
1011,158,1,0,-1,9,0,2,0,12,0,0,12,0,0,0,1,0,0,0,12,13,13,0.3313,9,0,0,hop,1
1020,193,1,0,-1,14,2,3,0,19,0,0,19,0,0,1,0,0,0,0,19,18,18,0.5433,15,0,0,pending,0
1021,162,1,0,-1,5,0,5,1,5,0,0,5,0,0,0,0,0,0,0,5,5,5,0.2142,5,0,0,hop,1
1021,193,1,0,-1,14,2,3,0,19,0,0,19,0,0,1,0,0,0,0,19,18,18,0.5433,15,0,0,hop,1
1024,196,1,0,-1,0,0,1,1,0,0,0,0,0,0,0,0,0,0,0,0,0,0,0.0000,0,0,0,hop,1
1034,91,1,0,-1,23,0,1,1,20,0,0,20,0,0,0,0,0,0,0,20,20,20,0.4802,13,0,0,hop,1
1041,132,1,0,-1,9,0,1,0,10,0,0,10,0,0,0,0,0,0,0,10,10,10,0.3131,9,0,0,pending,0
1042,132,1,0,-1,9,0,1,0,10,0,0,10,0,0,0,0,0,0,0,10,10,10,0.3131,9,0,0,hop,1
1046,126,1,0,-1,14,1,3,0,17,0,0,17,0,0,0,0,0,0,0,17,17,17,0.4736,13,0,0,hop,1
1046,161,1,0,-1,1,0,1,1,1,0,0,1,0,0,0,0,0,0,0,1,1,1,0.0000,0,0,0,pending,0
1047,161,1,0,-1,1,0,1,1,1,0,0,1,0,0,0,0,0,0,0,1,1,1,0.0000,0,0,0,hop,1
1057,183,1,0,-1,3,0,2,1,2,0,0,2,0,0,0,2,0,0,0,2,4,4,0.0739,1,0,0,hop,1
1058,170,1,0,-1,1,0,1,1,1,0,0,1,0,0,0,0,0,0,0,1,1,1,0.0349,1,0,0,hop,1
1060,155,1,0,-1,11,1,3,0,15,0,0,15,0,0,0,0,0,0,0,15,15,15,0.4011,11,0,0,pending,0
1060,160,1,0,-1,7,2,4,0,8,0,0,8,0,0,0,0,0,0,0,8,8,8,0.2510,7,0,0,pending,0
1061,155,1,0,-1,11,1,3,0,15,0,0,15,0,0,0,0,0,0,0,15,15,15,0.4009,11,0,0,hop,1
1061,160,1,0,-1,7,2,4,0,8,0,0,8,0,0,0,0,0,0,0,8,8,8,0.2509,7,0,0,hop,1
1062,167,1,0,-1,18,1,2,0,20,0,0,20,0,0,0,1,0,0,0,20,21,21,0.5731,16,0,0,hop,1
1065,171,1,0,-1,8,3,4,0,10,0,0,10,0,0,0,0,0,0,0,10,10,10,0.3297,9,0,0,hop,1
1069,195,1,0,-1,9,0,1,0,13,0,0,13,0,0,1,0,0,0,0,13,12,12,0.3135,9,0,0,hop,1
1074,133,1,0,-1,7,1,4,0,7,0,0,7,0,0,0,0,0,0,0,7,7,7,0.2863,7,0,0,hop,1
1075,169,1,0,-1,11,0,3,0,14,0,0,14,0,0,0,0,0,0,0,14,14,14,0.3992,11,0,0,pending,0
1076,169,1,0,-1,11,0,3,0,14,0,0,14,0,0,0,0,0,0,0,14,14,14,0.3992,11,0,0,hop,1
1082,92,1,0,-1,15,0,4,0,19,0,0,19,0,0,0,0,0,0,0,19,19,19,0.5164,14,0,0,hop,1
1082,128,1,0,-1,13,0,3,0,17,0,0,17,0,0,0,0,0,0,0,17,17,17,0.4343,12,0,0,pending,0
1083,128,1,0,-1,13,0,3,0,17,0,0,17,0,0,0,0,0,0,0,17,17,17,0.4364,12,0,0,hop,1
1083,179,1,0,-1,6,0,4,1,6,0,0,6,0,0,0,0,0,0,0,6,6,6,0.2534,6,0,0,pending,0
1084,179,1,0,-1,6,0,4,1,6,0,0,6,0,0,0,0,0,0,0,6,6,6,0.2533,6,0,0,hop,1
1090,134,1,0,-1,3,0,2,1,3,0,0,3,0,0,0,0,0,0,0,3,3,3,0.1478,3,0,0,pending,0
1091,134,1,0,-1,3,0,2,1,3,0,0,3,0,0,0,0,0,0,0,3,3,3,0.1478,3,0,0,hop,1
1098,125,1,0,-1,19,3,4,0,20,0,0,20,0,0,0,1,0,0,0,20,21,21,0.5542,15,0,0,hop,1
1107,130,1,0,-1,10,1,2,0,14,0,0,14,0,0,1,0,0,0,0,14,13,13,0.3655,10,0,0,hop,1
1110,192,1,0,-1,15,1,5,0,20,0,0,20,0,0,0,0,0,0,0,20,20,20,0.5164,14,0,0,pending,0
1111,192,1,0,-1,15,1,5,0,20,0,0,20,0,0,0,0,0,0,0,20,20,20,0.5165,14,0,0,hop,1
1116,181,1,0,-1,3,3,5,0,2,0,0,2,0,0,0,1,0,0,0,2,3,3,0.1031,2,0,0,hop,1
1121,93,1,0,-1,5,0,2,1,5,0,0,5,0,0,0,0,0,0,0,5,5,5,0.2217,5,0,0,pending,0
1122,93,1,0,-1,5,0,2,1,5,0,0,5,0,0,0,0,0,0,0,5,5,5,0.2217,5,0,0,hop,1
1123,168,1,0,-1,13,0,3,0,17,0,0,17,0,0,0,0,0,0,0,17,17,17,0.4320,12,0,0,pending,0
1124,168,1,0,-1,13,0,3,0,17,0,0,17,0,0,0,0,0,0,0,17,17,17,0.4320,12,0,0,hop,1
1126,2,1,0,-1,0,0,1,1,0,0,0,0,0,0,0,0,0,0,0,0,0,0,0.0000,0,0,0,pending,0
1127,2,1,0,-1,0,0,1,1,0,0,0,0,0,0,0,0,0,0,0,0,0,0,0.0000,0,0,0,hop,1
1136,156,2,0,-1,1,0,3,1,0,0,0,0,0,0,0,1,0,0,0,0,1,1,0.0000,0,0,0,pending,0
1137,156,2,0,-1,1,0,3,1,0,0,0,0,0,0,0,1,0,0,0,0,1,1,0.0000,0,0,0,hop,1
1149,3,1,0,-1,1,0,1,1,1,0,0,1,0,0,0,0,0,0,0,1,1,1,0.0367,1,0,0,hop,1
1152,162,1,0,-1,5,0,4,1,5,0,0,5,0,0,0,0,0,0,0,5,5,5,0.2293,5,0,0,pending,0
1153,153,1,0,-1,16,2,4,0,20,0,0,20,0,0,0,0,0,0,0,20,20,20,0.5024,15,0,0,hop,1
1153,162,1,0,-1,5,0,4,1,5,0,0,5,0,0,0,0,0,0,0,5,5,5,0.1638,4,0,0,hop,1
1166,91,1,0,-1,23,0,1,0,19,0,0,19,0,0,0,0,0,0,0,19,19,19,0.4802,13,0,0,hop,1
1174,92,1,0,-1,15,0,4,0,18,0,0,18,0,0,0,0,0,0,0,18,18,18,0.4781,13,0,0,hop,1
1174,193,1,0,-1,14,2,3,0,18,0,0,18,0,0,0,0,0,0,0,18,18,18,0.5442,15,0,0,pending,0
1175,193,1,0,-1,14,2,3,0,18,0,0,18,0,0,0,0,0,0,0,18,18,18,0.5439,15,0,0,hop,1
1178,160,1,0,-1,6,1,3,0,6,0,0,6,0,0,0,0,0,0,0,6,6,6,0.2497,6,0,0,pending,0
1179,126,1,0,-1,14,1,3,0,16,0,0,16,0,0,0,0,0,0,0,16,16,16,0.4787,13,0,0,pending,0
1179,160,1,0,-1,6,1,3,0,6,0,0,6,0,0,0,0,0,0,0,6,6,6,0.2496,6,0,0,hop,1
1180,126,1,0,-1,14,1,3,0,16,0,0,16,0,0,0,0,0,0,0,16,16,16,0.4787,13,0,0,hop,1
1183,132,1,0,-1,8,0,1,0,8,0,0,8,0,0,0,0,0,0,0,8,8,8,0.3108,8,0,0,pending,0
1184,132,1,0,-1,8,0,1,0,8,0,0,8,0,0,0,0,0,0,0,8,8,8,0.3110,8,0,0,hop,1
1187,158,1,0,-1,9,0,2,0,9,0,0,9,0,0,0,1,0,0,0,9,10,10,0.3669,9,0,0,hop,1
1188,169,1,0,-1,11,0,3,0,12,0,0,12,0,0,0,0,0,0,0,12,12,12,0.4713,12,0,0,hop,1
1192,133,1,0,-1,5,2,5,0,5,0,0,5,0,0,0,0,0,0,0,5,5,5,0.2216,5,0,0,hop,1
1192,171,1,0,-1,8,4,5,0,8,0,0,8,0,0,0,0,0,0,0,8,8,8,0.3196,8,0,0,pending,0
1193,155,1,0,-1,12,1,3,0,13,0,0,13,0,0,0,0,0,0,0,13,13,13,0.4398,12,0,0,pending,0
1193,171,1,0,-1,8,4,5,0,8,0,0,8,0,0,0,0,0,0,0,8,8,8,0.3197,8,0,0,hop,1
1194,155,1,0,-1,12,1,3,0,13,0,0,13,0,0,0,0,0,0,0,13,13,13,0.4397,12,0,0,hop,1
1200,196,1,0,-1,1,0,1,1,1,0,0,1,0,0,0,0,0,0,0,1,1,1,0.0369,1,0,0,hop,1
1207,161,1,0,-1,1,0,1,1,1,0,0,1,0,0,0,0,0,0,0,1,1,1,0.0369,1,0,0,pending,0
1208,161,1,0,-1,1,0,1,1,1,0,0,1,0,0,0,0,0,0,0,1,1,1,0.0369,1,0,0,hop,1
1210,125,1,0,-1,16,3,4,0,21,0,0,21,0,0,1,0,0,0,0,21,20,20,0.5200,16,0,0,pending,0
1211,125,1,0,-1,16,3,4,0,21,0,0,21,0,0,1,0,0,0,0,21,20,20,0.5199,16,0,0,hop,1
1212,134,1,0,-1,4,0,2,1,2,0,0,2,0,0,0,2,0,0,0,2,4,4,0.0739,1,0,0,hop,1
1215,170,1,0,-1,1,0,1,1,2,0,0,2,0,0,0,0,0,0,0,2,2,2,0.0369,1,0,0,pending,0
1216,170,1,0,-1,1,0,1,1,1,0,0,1,0,0,0,0,0,0,0,1,1,1,0.0369,1,0,0,hop,1
1220,130,1,0,-1,11,0,3,0,12,0,0,12,0,0,0,0,0,0,0,12,12,12,0.3677,10,0,0,hop,1
1227,93,1,0,-1,3,0,5,0,4,0,0,4,0,0,0,0,0,0,0,4,4,4,0.1478,3,0,0,hop,1
1233,179,1,0,-1,4,0,2,0,3,0,0,3,0,0,0,1,0,0,0,3,4,4,0.1097,2,0,0,hop,1
1236,195,1,0,-1,9,0,1,0,11,0,0,11,0,0,1,0,0,0,0,11,10,10,0.3860,10,0,0,pending,0
1237,195,1,0,-1,9,0,1,0,11,0,0,11,0,0,1,0,0,0,0,11,10,10,0.3860,10,0,0,hop,1
1241,167,1,0,-1,16,3,4,0,20,0,0,20,0,0,0,0,0,0,0,20,20,20,0.5507,15,0,0,pending,0
1242,167,1,0,-1,16,3,4,0,20,0,0,20,0,0,0,0,0,0,0,20,20,20,0.5507,15,0,0,hop,1
1247,3,1,0,-1,0,0,1,1,0,0,0,0,0,0,0,0,0,0,0,0,0,0,0.0000,0,0,0,hop,1
1250,128,1,0,-1,13,0,3,0,15,0,0,15,0,0,0,0,0,0,0,15,15,15,0.4408,12,0,0,hop,1
1251,168,1,0,-1,13,0,3,0,15,0,0,15,0,0,0,0,0,0,0,15,15,15,0.4678,13,0,0,hop,1
1253,181,2,0,-1,2,1,2,0,1,0,0,1,0,0,0,0,0,0,0,1,1,1,0.0637,1,0,0,pending,0
1254,181,2,0,-1,2,1,2,0,1,0,0,1,0,0,0,0,0,0,0,1,1,1,0.0637,1,0,0,hop,1
1261,153,1,0,-1,16,2,4,0,19,0,0,19,0,0,0,0,0,0,0,19,19,19,0.5101,15,0,0,pending,0
1262,153,1,0,-1,16,2,4,0,19,0,0,19,0,0,0,0,0,0,0,19,19,19,0.5099,15,0,0,hop,1
1268,91,1,0,-1,23,1,2,0,20,0,0,20,0,0,0,0,0,0,0,20,20,20,0.4802,13,0,0,hop,1
1276,160,1,0,-1,5,3,5,0,6,0,0,6,0,0,0,0,0,0,0,6,6,6,0.1813,5,0,0,pending,0
1277,160,1,0,-1,5,3,5,0,6,0,0,6,0,0,0,0,0,0,0,6,6,6,0.1823,5,0,0,hop,1
1280,192,1,0,-1,15,1,6,0,18,0,0,18,0,0,0,0,0,0,0,18,18,18,0.5062,14,0,0,hop,1
1288,4,1,0,-1,0,0,1,1,1,0,0,1,0,0,0,0,0,0,0,1,1,1,0.0000,0,0,0,hop,1
1290,132,1,0,-1,6,0,1,0,7,0,0,7,0,0,0,0,0,0,0,7,7,7,0.2517,6,0,0,pending,0
1291,132,1,0,-1,6,0,1,0,7,0,0,7,0,0,0,0,0,0,0,7,7,7,0.2516,6,0,0,hop,1
1313,156,2,0,-1,0,0,1,1,0,0,0,0,0,0,0,0,0,0,0,0,0,0,0.0000,0,0,0,pending,0
1314,156,2,0,-1,0,0,1,1,0,0,0,0,0,0,0,0,0,0,0,0,0,0,0.0000,0,0,0,hop,1
1319,161,1,0,-1,2,0,1,1,2,0,0,2,0,0,0,0,0,0,0,2,2,2,0.0369,1,0,0,pending,0
1320,161,1,0,-1,2,0,1,1,2,0,0,2,0,0,0,0,0,0,0,2,2,2,0.0369,1,0,0,hop,1
1320,169,1,0,-1,9,0,3,0,11,0,0,11,0,0,0,0,0,0,0,11,11,11,0.3998,10,0,0,pending,0
1321,162,1,0,-1,3,2,6,0,4,0,0,4,0,0,0,0,0,0,0,4,4,4,0.1642,3,0,0,hop,1
1321,169,1,0,-1,9,0,3,0,11,0,0,11,0,0,0,0,0,0,0,11,11,11,0.3998,10,0,0,hop,1
1330,193,1,0,-1,14,2,3,0,16,0,0,16,0,0,0,0,0,0,0,16,16,16,0.5436,15,0,0,hop,1
1331,126,1,0,-1,13,1,3,0,14,0,0,14,0,0,0,0,0,0,0,14,14,14,0.4660,13,0,0,hop,1
1332,92,1,0,-1,15,0,6,0,16,0,0,16,0,0,0,0,0,0,0,16,16,16,0.5025,14,0,0,pending,0
1333,92,1,0,-1,15,0,6,0,16,0,0,16,0,0,0,0,0,0,0,16,16,16,0.5028,14,0,0,hop,1
1333,134,2,0,-1,1,0,6,1,2,0,0,2,0,0,0,0,0,0,0,2,2,2,0.0660,1,0,0,pending,0
1334,134,2,0,-1,1,0,6,1,2,0,0,2,0,0,0,0,0,0,0,2,2,2,0.0660,1,0,0,hop,1
1337,125,1,0,-1,17,4,6,0,20,0,0,20,0,0,0,0,0,0,0,20,20,20,0.5236,16,0,0,pending,0
1338,125,1,0,-1,17,4,6,0,20,0,0,20,0,0,0,0,0,0,0,20,20,20,0.5236,16,0,0,hop,1
1339,155,1,0,-1,10,1,3,0,11,0,0,11,0,0,0,0,0,0,0,11,11,11,0.3625,10,0,0,pending,0
1340,155,1,0,-1,10,1,3,0,11,0,0,11,0,0,0,0,0,0,0,11,11,11,0.3623,10,0,0,hop,1
1344,171,1,0,-1,6,4,5,0,7,0,0,7,0,0,0,0,0,0,0,7,7,7,0.1842,5,0,0,hop,1
1347,158,1,0,-1,8,0,2,0,9,0,0,9,0,0,0,0,0,0,0,9,9,9,0.2521,7,0,0,pending,0
1348,158,1,0,-1,8,0,2,0,9,0,0,9,0,0,0,0,0,0,0,9,9,9,0.2521,7,0,0,hop,1
1358,170,1,0,-1,1,0,1,1,2,0,0,2,0,0,0,0,0,0,0,2,2,2,0.0000,0,0,0,hop,1
1359,128,1,0,-1,11,2,3,0,12,0,0,12,0,0,1,0,0,0,0,12,11,11,0.3970,11,0,0,pending,0
1360,128,1,0,-1,11,2,3,0,12,0,0,12,0,0,1,0,0,0,0,12,11,11,0.3970,11,0,0,hop,1
1361,130,1,0,-1,8,1,2,0,11,0,0,11,0,0,1,0,0,0,0,11,10,10,0.2858,8,0,0,hop,1
1370,133,1,0,-1,3,2,5,0,4,0,0,4,0,0,0,0,0,0,0,4,4,4,0.1398,3,0,0,pending,0
1371,133,1,0,-1,3,2,5,0,4,0,0,4,0,0,0,0,0,0,0,4,4,4,0.1398,3,0,0,hop,1
1371,181,2,0,-1,1,0,2,1,1,0,0,1,0,0,0,0,0,0,0,1,1,1,0.0000,0,0,0,hop,1
1375,195,1,0,-1,7,0,1,0,10,0,0,10,0,0,1,0,0,0,0,10,9,9,0.2453,7,0,0,hop,1
1378,196,1,0,-1,2,0,2,1,2,0,0,2,0,0,0,0,0,0,0,2,2,2,0.0739,2,0,0,hop,1
1387,153,1,0,-1,16,2,4,0,17,0,0,17,0,0,0,0,0,0,0,17,17,17,0.5169,15,0,0,pending,0
1388,153,1,0,-1,16,2,4,0,17,0,0,17,0,0,0,0,0,0,0,17,17,17,0.5167,15,0,0,hop,1
1392,168,1,0,-1,12,0,3,0,13,0,0,13,0,0,0,0,0,0,0,13,13,13,0.4321,12,0,0,hop,1
1398,160,1,0,-1,4,3,5,0,4,0,0,4,0,0,0,0,0,0,0,4,4,4,0.1819,4,0,0,hop,1
1401,91,1,0,-1,22,0,1,1,20,0,0,20,0,0,0,0,0,0,0,20,20,20,0.5172,14,0,0,pending,0
1401,167,1,0,-1,17,3,4,0,18,0,0,18,0,0,0,0,0,0,0,18,18,18,0.5399,15,0,0,hop,1
1402,91,1,0,-1,22,0,1,1,20,0,0,20,0,0,0,0,0,0,0,20,20,20,0.5172,14,0,0,hop,1
1407,93,1,0,-1,1,0,4,1,2,0,0,2,0,0,0,0,0,0,0,2,2,2,0.0739,1,0,0,hop,1
1413,132,1,0,-1,5,0,1,0,6,0,0,6,0,0,0,0,0,0,0,6,6,6,0.1796,5,0,0,pending,0
1414,132,1,0,-1,5,0,1,0,6,0,0,6,0,0,0,0,0,0,0,6,6,6,0.1796,5,0,0,hop,1
1423,5,1,0,-1,1,0,2,1,1,0,0,1,0,0,0,0,0,0,0,1,1,1,0.0369,1,0,0,hop,1
1423,192,1,0,-1,15,1,6,0,16,0,0,16,0,0,0,0,0,0,0,16,16,16,0.5497,15,0,0,hop,1
1444,162,1,0,-1,2,0,4,1,3,0,0,3,0,0,0,0,0,0,0,3,3,3,0.0993,2,0,0,pending,0
1445,156,2,0,-1,0,0,1,1,1,0,0,1,0,0,0,0,0,0,0,1,1,1,0.0000,0,0,0,hop,1
1445,162,1,0,-1,2,0,4,1,3,0,0,3,0,0,0,0,0,0,0,3,3,3,0.0993,2,0,0,hop,1
1449,92,1,0,-1,14,0,6,0,16,0,0,16,0,0,0,0,0,0,0,16,16,16,0.4690,13,0,0,hop,1
1451,4,1,0,-1,0,0,1,1,0,0,0,0,0,0,0,0,0,0,0,0,0,0,0.0000,0,0,0,hop,1
1453,161,1,0,-1,3,0,1,1,3,0,0,3,0,0,0,0,0,0,0,3,3,3,0.0731,2,0,0,pending,0
1454,161,1,0,-1,3,0,1,1,3,0,0,3,0,0,0,0,0,0,0,3,3,3,0.0731,2,0,0,hop,1
1454,169,1,0,-1,9,0,3,0,11,0,0,11,0,0,0,0,0,0,0,11,11,11,0.2918,8,0,0,pending,0
1455,169,1,0,-1,9,0,3,0,11,0,0,11,0,0,0,0,0,0,0,11,11,11,0.2918,8,0,0,hop,1
1457,130,1,0,-1,8,1,2,0,11,0,0,11,0,0,1,0,0,0,0,11,10,10,0.2453,7,0,0,hop,1
1462,126,1,0,-1,12,1,3,0,15,0,0,15,0,0,0,0,0,0,0,15,15,15,0.3995,11,0,0,hop,1
1477,170,1,0,-1,2,0,1,1,3,0,0,3,0,0,0,0,0,0,0,3,3,3,0.0738,2,0,0,pending,0
1478,170,1,0,-1,2,0,1,1,3,0,0,3,0,0,0,0,0,0,0,3,3,3,0.0738,2,0,0,hop,1
1479,195,1,0,-1,6,0,1,0,9,0,0,9,0,0,1,0,0,0,0,9,8,8,0.2500,7,0,0,pending,0
1480,128,1,0,-1,11,0,3,0,14,0,0,14,0,0,0,0,0,0,0,14,14,14,0.3213,9,0,0,pending,0
1480,195,1,0,-1,6,0,1,0,9,0,0,9,0,0,1,0,0,0,0,9,8,8,0.2500,7,0,0,hop,1
1481,128,1,0,-1,11,0,3,0,14,0,0,14,0,0,0,0,0,0,0,14,14,14,0.3212,9,0,0,hop,1
1482,193,1,0,-1,13,2,3,0,16,0,0,16,0,0,0,0,0,0,0,16,16,16,0.4711,13,0,0,hop,1
1486,125,1,0,-1,17,4,6,0,20,0,0,20,0,0,0,0,0,0,0,20,20,20,0.5255,16,0,0,pending,0
1487,125,1,0,-1,17,4,6,0,20,0,0,20,0,0,0,0,0,0,0,20,20,20,0.5253,16,0,0,hop,1
1499,91,1,0,-1,21,0,1,1,19,0,0,19,0,0,0,0,0,0,0,19,19,19,0.4803,13,0,0,pending,0
1500,91,1,0,-1,21,0,1,1,19,0,0,19,0,0,0,0,0,0,0,19,19,19,0.4803,13,0,0,hop,1
1500,134,2,0,-1,1,0,1,1,1,0,0,1,0,0,0,0,0,0,0,1,1,1,0.0660,1,0,0,pending,0
1501,134,2,0,-1,1,0,1,1,1,0,0,1,0,0,0,0,0,0,0,1,1,1,0.0660,1,0,0,hop,1
1504,155,1,0,-1,9,1,3,0,11,0,0,11,0,0,0,0,0,0,0,11,11,11,0.3263,9,0,0,pending,0
1505,155,1,0,-1,9,1,3,0,11,0,0,11,0,0,0,0,0,0,0,11,11,11,0.3261,9,0,0,hop,1
1505,167,1,0,-1,16,3,6,0,19,0,0,19,0,0,0,0,0,0,0,19,19,19,0.5191,15,0,0,pending,0
1506,167,1,0,-1,16,3,6,0,19,0,0,19,0,0,0,0,0,0,0,19,19,19,0.5188,15,0,0,hop,1
1510,196,1,0,-1,1,0,2,1,1,0,0,1,0,0,0,0,0,0,0,1,1,1,0.0369,1,0,0,pending,0
1511,196,1,0,-1,1,0,2,1,1,0,0,1,0,0,0,0,0,0,0,1,1,1,0.0369,1,0,0,hop,1
1512,171,1,0,-1,6,2,3,0,7,0,0,7,0,0,0,0,0,0,0,7,7,7,0.2172,6,0,0,hop,1
1516,5,1,0,-1,0,0,1,1,0,0,0,0,0,0,0,0,0,0,0,0,0,0,0.0000,0,0,0,pending,0
1517,5,1,0,-1,0,0,1,1,0,0,0,0,0,0,0,0,0,0,0,0,0,0,0.0000,0,0,0,hop,1
1524,93,1,0,-1,3,0,2,1,2,0,0,2,0,0,0,1,0,0,0,2,3,3,0.1478,2,0,0,hop,1
1525,158,1,0,-1,7,1,3,0,7,0,0,7,0,0,0,0,0,0,0,7,7,7,0.2604,7,0,0,hop,1
1529,133,1,0,-1,4,1,2,0,6,0,0,6,0,0,0,0,0,0,0,6,6,6,0.1476,4,0,0,pending,0
1529,192,1,0,-1,14,1,6,0,16,0,0,16,0,0,0,0,0,0,0,16,16,16,0.4636,13,0,0,hop,1
1530,133,1,0,-1,4,1,2,0,6,0,0,6,0,0,0,0,0,0,0,6,6,6,0.1478,4,0,0,hop,1
1531,168,1,0,-1,11,2,3,0,12,0,0,12,0,0,0,0,0,0,0,12,12,12,0.3953,11,0,0,pending,0
1532,168,1,0,-1,11,2,3,0,12,0,0,12,0,0,0,0,0,0,0,12,12,12,0.3953,11,0,0,hop,1
1535,160,1,0,-1,4,1,3,0,6,0,0,6,0,0,0,0,0,0,0,6,6,6,0.1465,4,0,0,hop,1
1537,162,1,0,-1,3,0,2,1,3,0,0,3,0,0,0,0,0,0,0,3,3,3,0.1622,3,0,0,pending,0
1538,162,1,0,-1,3,0,2,1,3,0,0,3,0,0,0,0,0,0,0,3,3,3,0.1623,3,0,0,hop,1
1540,153,1,0,-1,15,2,6,0,16,0,0,16,0,0,0,0,0,0,0,16,16,16,0.4867,14,0,0,hop,1
1554,181,2,0,-1,0,0,2,1,1,0,0,1,0,0,0,0,0,0,0,1,1,1,0.0000,0,0,0,hop,1
1576,92,1,0,-1,12,0,6,0,13,0,0,13,0,0,0,0,0,0,0,13,13,13,0.4320,12,0,0,hop,1
1577,132,1,0,-1,5,1,4,0,6,0,0,6,0,0,0,1,0,0,0,6,7,7,0.1109,3,0,0,pending,0
1578,132,1,0,-1,5,1,4,0,6,0,0,6,0,0,0,1,0,0,0,6,7,7,0.1109,3,0,0,hop,1
1595,91,1,0,-1,21,5,6,0,17,0,0,17,0,0,0,0,0,0,0,17,17,17,0.4433,12,0,0,pending,0
1596,91,1,0,-1,21,5,6,0,17,0,0,17,0,0,0,0,0,0,0,17,17,17,0.4433,12,0,0,hop,1
1605,196,1,0,-1,0,0,1,1,0,0,0,0,0,0,0,0,0,0,0,0,0,0,0.0000,0,0,0,hop,1
1619,126,1,0,-1,10,1,3,0,13,0,0,13,0,0,0,0,0,0,0,13,13,13,0.3564,10,0,0,hop,1
1619,170,1,0,-1,3,1,2,0,3,0,0,3,0,0,0,0,0,0,0,3,3,3,0.0738,2,0,0,pending,0
1619,195,1,0,-1,4,0,9,1,4,0,0,4,0,0,0,0,0,0,0,4,4,4,0.1729,4,0,0,pending,0
1620,170,1,0,-1,3,1,2,0,3,0,0,3,0,0,0,0,0,0,0,3,3,3,0.0738,2,0,0,hop,1
1620,195,1,0,-1,4,0,9,1,4,0,0,4,0,0,0,0,0,0,0,4,4,4,0.1729,4,0,0,hop,1
1622,6,1,0,-1,1,0,1,1,1,0,0,1,0,0,0,0,0,0,0,1,1,1,0.0369,1,0,0,pending,0
1623,6,1,0,-1,1,0,1,1,1,0,0,1,0,0,0,0,0,0,0,1,1,1,0.0369,1,0,0,hop,1
1624,125,1,0,-1,15,4,6,0,18,0,0,18,0,0,0,0,0,0,0,18,18,18,0.4552,14,0,0,pending,0
1625,125,1,0,-1,15,4,6,0,18,0,0,18,0,0,0,0,0,0,0,18,18,18,0.4550,14,0,0,hop,1
1625,161,1,0,-1,2,0,2,1,2,0,0,2,0,0,0,0,0,0,0,2,2,2,0.0360,1,0,0,pending,0
1626,130,1,0,-1,7,5,8,0,10,0,0,10,0,0,0,0,0,0,0,10,10,10,0.2504,7,0,0,pending,0
1626,161,1,0,-1,2,0,2,1,2,0,0,2,0,0,0,0,0,0,0,2,2,2,0.0360,1,0,0,hop,1
1627,130,1,0,-1,7,5,8,0,10,0,0,10,0,0,0,0,0,0,0,10,10,10,0.2504,7,0,0,hop,1
1627,167,1,0,-1,15,3,5,0,16,0,0,16,0,0,0,1,0,0,0,16,17,17,0.4765,13,0,0,pending,0
1627,193,1,0,-1,12,2,3,0,14,0,0,14,0,0,0,0,0,0,0,14,14,14,0.3953,11,0,0,hop,1
1628,167,1,0,-1,15,3,5,0,16,0,0,16,0,0,0,1,0,0,0,16,17,17,0.4761,13,0,0,hop,1
1628,169,1,0,-1,6,4,8,0,8,0,0,8,0,0,0,0,0,0,0,8,8,8,0.2226,6,0,0,hop,1
1631,156,2,0,-1,0,0,1,1,1,0,0,1,0,0,0,0,0,0,0,1,1,1,0.0000,0,0,0,pending,0
1632,156,2,0,-1,0,0,1,1,1,0,0,1,0,0,0,0,0,0,0,1,1,1,0.0000,0,0,0,hop,1
1650,128,1,0,-1,9,0,3,0,11,0,0,11,0,0,0,0,0,0,0,11,11,11,0.2876,8,0,0,pending,0
1651,128,1,0,-1,9,0,3,0,11,0,0,11,0,0,0,0,0,0,0,11,11,11,0.2875,8,0,0,hop,1
1654,93,1,0,-1,2,1,2,0,2,0,0,2,0,0,0,0,0,0,0,2,2,2,0.1340,2,0,0,pending,0
1655,93,1,0,-1,2,1,2,0,2,0,0,2,0,0,0,0,0,0,0,2,2,2,0.1339,2,0,0,hop,1
1659,153,1,0,-1,13,2,6,0,15,0,0,15,0,0,0,0,0,0,0,15,15,15,0.4471,13,0,0,pending,0
1660,153,1,0,-1,13,2,6,0,15,0,0,15,0,0,0,0,0,0,0,15,15,15,0.4471,13,0,0,hop,1
1661,171,1,0,-1,5,2,8,0,7,0,0,7,0,0,0,0,0,0,0,7,7,7,0.1791,5,0,0,pending,0
1662,134,2,0,-1,1,0,1,1,1,0,0,1,0,0,0,0,0,0,0,1,1,1,0.0597,1,0,0,pending,0
1662,171,1,0,-1,5,2,8,0,7,0,0,7,0,0,0,0,0,0,0,7,7,7,0.1790,5,0,0,hop,1
1663,134,2,0,-1,1,0,1,1,1,0,0,1,0,0,0,0,0,0,0,1,1,1,0.0597,1,0,0,hop,1
1664,155,1,0,-1,7,3,5,0,10,0,0,10,0,0,0,0,0,0,0,10,10,10,0.2181,6,0,0,hop,1
1664,162,1,0,-1,3,0,2,1,3,0,0,3,0,0,0,0,0,0,0,3,3,3,0.1108,2,0,0,hop,1
1673,133,1,0,-1,4,0,3,1,5,0,0,5,0,0,0,0,0,0,0,5,5,5,0.1461,4,0,0,pending,0
1674,133,1,0,-1,4,0,3,1,5,0,0,5,0,0,0,0,0,0,0,5,5,5,0.1461,4,0,0,hop,1
1675,160,1,0,-1,4,0,1,1,5,0,0,5,0,0,0,0,0,0,0,5,5,5,0.1710,4,0,0,hop,1
1687,192,1,0,-1,12,1,6,0,13,0,0,13,0,0,0,0,0,0,0,13,13,13,0.3954,11,0,0,hop,1
1693,168,1,0,-1,8,4,5,0,11,0,0,11,0,0,0,0,0,0,0,11,11,11,0.2519,7,0,0,pending,0
1694,168,1,0,-1,8,4,5,0,12,0,0,12,0,0,0,0,0,0,0,12,12,12,0.2519,7,0,0,hop,1
1698,158,1,0,-1,5,0,5,0,8,0,0,8,0,0,0,0,0,0,0,8,8,8,0.1845,5,0,0,hop,1
1725,181,2,0,-1,0,0,2,1,1,0,0,1,0,0,0,0,0,0,0,1,1,1,0.0000,0,0,0,hop,1
1726,132,1,0,-1,5,0,7,1,5,0,0,5,0,0,0,0,0,0,0,5,5,5,0.1472,4,0,0,pending,0
1727,132,1,0,-1,5,0,7,1,5,0,0,5,0,0,0,0,0,0,0,5,5,5,0.1472,4,0,0,hop,1
1729,125,1,0,-1,16,4,6,0,15,0,0,15,0,0,0,1,0,0,0,15,16,16,0.4803,13,0,0,pending,0
1730,125,1,0,-1,16,4,6,0,15,0,0,15,0,0,0,1,0,0,0,15,16,16,0.4803,13,0,0,hop,1
1740,130,1,0,-1,7,3,6,0,9,0,0,9,0,0,0,0,0,0,0,9,9,9,0.2153,6,0,0,hop,1
1741,193,1,0,-1,10,2,3,0,14,0,0,14,0,0,0,0,0,0,0,14,14,14,0.3626,10,0,0,pending,0
1742,193,1,0,-1,10,2,3,0,14,0,0,14,0,0,0,0,0,0,0,14,14,14,0.3626,10,0,0,hop,1
1753,92,1,0,-1,10,0,5,0,15,0,0,15,0,0,0,0,0,0,0,15,15,15,0.3602,10,0,0,pending,0
1753,170,1,0,-1,3,0,1,1,3,0,0,3,0,0,0,0,0,0,0,3,3,3,0.1106,3,0,0,pending,0
1753,195,1,0,-1,4,2,5,0,4,0,0,4,0,0,0,0,0,0,0,4,4,4,0.1314,3,0,0,hop,1
1754,92,1,0,-1,10,0,5,0,15,0,0,15,0,0,0,0,0,0,0,15,15,15,0.3602,10,0,0,hop,1
1754,126,1,0,-1,8,1,3,0,13,0,0,13,0,0,0,0,0,0,0,13,13,13,0.2890,8,0,0,pending,0
1754,170,1,0,-1,3,0,1,1,3,0,0,3,0,0,0,0,0,0,0,3,3,3,0.1106,3,0,0,hop,1
1755,126,1,0,-1,8,1,3,0,13,0,0,13,0,0,0,0,0,0,0,13,13,13,0.2905,8,0,0,hop,1
1756,162,1,0,-1,3,1,3,0,3,0,0,3,0,0,0,0,0,0,0,3,3,3,0.1108,2,0,0,hop,1
1758,128,1,0,-1,8,0,3,0,12,0,0,12,0,0,0,0,0,0,0,12,12,12,0.2577,7,0,0,hop,1
1758,171,1,0,-1,5,0,6,1,6,0,0,6,0,0,0,0,0,0,0,6,6,6,0.1791,5,0,0,hop,1
1760,167,1,0,-1,13,3,5,0,16,0,0,16,0,0,0,0,0,0,0,16,16,16,0.4251,12,0,0,pending,0
1761,167,1,0,-1,13,3,5,0,16,0,0,16,0,0,0,0,0,0,0,16,16,16,0.4251,12,0,0,hop,1
1766,91,1,0,-1,19,0,1,1,16,0,0,16,0,0,0,0,0,0,0,16,16,16,0.4433,12,0,0,pending,0
1767,91,1,0,-1,19,0,1,1,16,0,0,16,0,0,0,0,0,0,0,16,16,16,0.4433,12,0,0,hop,1
1769,7,1,0,-1,2,0,2,1,2,0,0,2,0,0,0,0,0,0,0,2,2,2,0.0739,2,0,0,hop,1
1774,160,1,0,-1,4,1,3,0,6,0,0,6,0,0,1,0,0,0,0,6,5,5,0.1307,4,0,0,hop,1
1775,161,1,0,-1,1,0,1,1,1,0,0,1,0,0,0,0,0,0,0,1,1,1,0.0387,1,0,0,pending,0
1776,161,1,0,-1,1,0,1,1,1,0,0,1,0,0,0,0,0,0,0,1,1,1,0.0387,1,0,0,hop,1
1778,134,2,0,-1,1,0,1,1,1,0,0,1,0,0,0,0,0,0,0,1,1,1,0.0663,1,0,0,pending,0
1779,134,2,0,-1,1,0,1,1,1,0,0,1,0,0,0,0,0,0,0,1,1,1,0.0663,1,0,0,hop,1
1780,192,1,0,-1,11,1,6,0,14,0,0,14,0,0,0,0,0,0,0,14,14,14,0.3646,10,0,0,pending,0
1781,192,1,0,-1,11,1,6,0,14,0,0,14,0,0,0,0,0,0,0,14,14,14,0.3645,10,0,0,hop,1
1790,133,1,0,-1,4,4,5,0,6,0,0,6,0,0,0,0,0,0,0,6,6,6,0.1467,4,0,0,pending,0
1791,133,1,0,-1,4,4,5,0,6,0,0,6,0,0,0,0,0,0,0,6,6,6,0.1467,4,0,0,hop,1
1794,6,1,0,-1,0,0,3,1,0,0,0,0,0,0,0,0,0,0,0,0,0,0,0.0000,0,0,0,pending,0
1794,155,1,0,-1,7,3,5,0,10,0,0,10,0,0,0,0,0,0,0,10,10,10,0.2570,7,0,0,hop,1
1795,6,1,0,-1,0,0,3,1,0,0,0,0,0,0,0,0,0,0,0,0,0,0,0.0000,0,0,0,hop,1
1801,169,1,0,-1,6,1,5,0,8,0,0,8,0,0,0,0,0,0,0,8,8,8,0.2231,6,0,0,pending,0
1802,169,1,0,-1,6,1,5,0,8,0,0,8,0,0,0,0,0,0,0,8,8,8,0.2230,6,0,0,hop,1
1805,168,1,0,-1,8,2,3,0,12,0,0,12,0,0,0,0,0,0,0,12,12,12,0.2521,7,0,0,hop,1
1807,93,1,0,-1,2,0,5,1,2,0,0,2,0,0,0,0,0,0,0,2,2,2,0.1331,2,0,0,hop,1
1816,156,2,0,-1,0,0,1,1,2,0,0,2,0,0,0,0,0,0,0,2,2,2,0.0000,0,0,0,hop,1
1818,158,1,0,-1,5,0,5,1,7,0,0,7,0,0,0,0,0,0,0,7,7,7,0.1814,5,0,0,pending,0
1819,158,1,0,-1,5,0,5,1,7,0,0,7,0,0,0,0,0,0,0,7,7,7,0.1815,5,0,0,hop,1
1830,132,1,0,-1,5,0,1,1,7,0,0,7,0,0,0,0,0,0,0,7,7,7,0.1758,5,0,0,pending,0
1831,132,1,0,-1,5,0,1,1,7,0,0,7,0,0,0,0,0,0,0,7,7,7,0.1757,5,0,0,hop,1
1836,153,1,0,-1,11,2,6,0,15,0,0,15,0,0,0,0,0,0,0,15,15,15,0.3571,10,0,0,hop,1
1841,181,2,0,-1,0,0,1,1,0,0,0,0,0,0,0,0,0,0,0,0,0,0,0.0000,0,0,0,hop,1
1853,126,1,0,-1,8,1,3,0,12,0,0,12,0,0,0,0,0,0,0,12,12,12,0.2935,8,0,0,hop,1
1857,170,1,0,-1,2,0,1,1,2,0,0,2,0,0,0,0,0,0,0,2,2,2,0.0738,2,0,0,pending,0
1858,170,1,0,-1,2,0,1,1,2,0,0,2,0,0,0,0,0,0,0,2,2,2,0.0738,2,0,0,hop,1
1867,92,1,0,-1,10,0,6,0,14,0,0,14,0,0,0,0,0,0,0,14,14,14,0.3672,10,0,0,pending,0
1867,171,1,0,-1,5,0,1,0,6,0,0,6,0,0,0,0,0,0,0,6,6,6,0.1345,4,0,0,hop,1
1868,92,1,0,-1,10,0,6,0,14,0,0,14,0,0,0,0,0,0,0,14,14,14,0.3303,9,0,0,hop,1
1869,7,1,0,-1,1,1,2,0,1,0,0,1,0,0,0,0,0,0,0,1,1,1,0.0375,1,0,0,pending,0
1870,7,1,0,-1,1,1,3,0,1,0,0,1,0,0,0,0,0,0,0,1,1,1,0.0375,1,0,0,hop,1
1874,91,1,0,-1,18,5,6,0,14,0,0,14,0,0,0,0,0,0,0,14,14,14,0.4064,11,0,0,pending,0
1875,91,1,0,-1,18,5,6,0,14,0,0,14,0,0,0,0,0,0,0,14,14,14,0.4064,11,0,0,hop,1
1876,167,1,0,-1,12,3,6,0,16,0,0,16,0,0,0,0,0,0,0,16,16,16,0.4214,12,0,0,pending,0
1877,167,1,0,-1,12,3,6,0,16,0,0,16,0,0,0,0,0,0,0,16,16,16,0.4219,12,0,0,hop,1
1880,195,1,0,-1,4,1,4,0,3,0,0,3,0,0,0,1,0,0,0,3,4,4,0.1477,3,0,0,pending,0
1881,195,1,0,-1,4,1,4,0,3,0,0,3,0,0,0,1,0,0,0,3,4,4,0.1477,3,0,0,hop,1
1882,192,1,0,-1,11,1,4,0,14,0,0,14,0,0,0,0,0,0,0,14,14,14,0.3663,10,0,0,hop,1
1883,193,1,0,-1,10,2,3,0,14,0,0,14,0,0,0,0,0,0,0,14,14,14,0.3625,10,0,0,hop,1
1885,160,1,0,-1,4,0,2,1,5,0,0,5,0,0,0,0,0,0,0,5,5,5,0.1478,4,0,0,pending,0
1886,160,1,0,-1,4,0,2,1,5,0,0,5,0,0,0,0,0,0,0,5,5,5,0.1478,4,0,0,hop,1
1890,125,1,0,-1,13,4,6,0,16,0,0,16,0,0,0,0,0,0,0,16,16,16,0.4034,12,0,0,hop,1
1891,130,1,0,-1,7,3,6,0,8,0,0,8,0,0,0,0,0,0,0,8,8,8,0.2196,6,0,0,pending,0
1892,130,1,0,-1,7,3,6,0,8,0,0,8,0,0,0,0,0,0,0,8,8,8,0.2194,6,0,0,hop,1
1892,162,1,0,-1,2,0,4,1,2,0,0,2,0,0,0,0,0,0,0,2,2,2,0.1108,2,0,0,pending,0
1893,162,1,0,-1,2,0,4,1,2,0,0,2,0,0,0,0,0,0,0,2,2,2,0.1108,2,0,0,hop,1
1898,155,1,0,-1,7,4,6,0,9,0,0,9,0,0,0,0,0,0,0,9,9,9,0.2590,7,0,0,pending,0
1899,155,1,0,-1,7,4,6,0,9,0,0,9,0,0,0,0,0,0,0,9,9,9,0.2589,7,0,0,hop,1
1899,168,1,0,-1,8,5,6,0,11,0,0,11,0,0,1,0,0,0,0,11,10,10,0.2885,8,0,0,pending,0
1900,168,1,0,-1,8,5,6,0,11,0,0,11,0,0,1,0,0,0,0,11,10,10,0.2883,8,0,0,hop,1
1913,158,1,0,-1,5,2,7,0,8,0,0,8,0,0,0,0,0,0,0,8,8,8,0.1787,5,0,0,pending,0
1914,158,1,0,-1,5,2,7,0,8,0,0,8,0,0,0,0,0,0,0,8,8,8,0.1787,5,0,0,hop,1
1915,93,1,0,-1,1,1,2,0,2,0,0,2,0,0,0,0,0,0,0,2,2,2,0.0713,1,0,0,pending,0
1916,93,1,0,-1,1,1,3,0,2,0,0,2,0,0,0,0,0,0,0,2,2,2,0.0713,1,0,0,hop,1
1917,128,1,0,-1,9,0,3,1,11,0,0,11,0,0,0,0,0,0,0,11,11,11,0.2576,7,0,0,pending,0
1918,128,1,0,-1,9,0,3,1,11,0,0,11,0,0,0,0,0,0,0,11,11,11,0.2576,7,0,0,hop,1
1918,161,1,0,-1,0,0,3,1,0,0,0,0,0,0,0,0,0,0,0,0,0,0,0.0000,0,0,0,pending,0
1919,161,1,0,-1,0,0,3,1,0,0,0,0,0,0,0,0,0,0,0,0,0,0,0.0000,0,0,0,hop,1
1922,134,2,0,-1,2,0,2,1,1,0,0,1,0,0,0,1,0,0,0,1,2,2,0.0663,1,0,0,pending,0
1923,134,2,0,-1,2,0,2,1,1,0,0,1,0,0,0,1,0,0,0,1,2,2,0.0000,0,0,0,hop,1
1930,132,1,0,-1,5,1,7,0,7,0,0,7,0,0,0,0,0,0,0,7,7,7,0.1325,4,0,0,hop,1
1936,133,1,0,-1,4,2,3,0,5,0,0,5,0,0,0,0,0,0,0,5,5,5,0.1466,4,0,0,pending,0
1937,133,1,0,-1,4,2,3,0,5,0,0,5,0,0,0,0,0,0,0,5,5,5,0.1466,4,0,0,hop,1
1950,153,1,0,-1,11,2,5,0,16,0,0,16,0,0,0,0,0,0,0,16,16,16,0.3998,11,0,0,hop,1
1965,126,1,0,-1,8,1,3,0,12,0,0,12,0,0,0,0,0,0,0,12,12,12,0.2919,8,0,0,hop,1
1967,7,1,0,-1,0,0,2,1,1,0,0,1,0,0,0,0,0,0,0,1,1,1,0.0000,0,0,0,hop,1
1968,171,1,0,-1,5,0,7,1,5,0,0,5,0,0,0,0,0,0,0,5,5,5,0.1620,5,0,0,hop,1
1972,195,1,0,-1,4,0,2,1,4,0,0,4,0,0,0,1,0,0,0,4,5,5,0.1108,3,0,0,hop,1
1975,181,2,0,-1,0,0,1,1,1,0,0,1,0,0,0,0,0,0,0,1,1,1,0.0000,0,0,0,pending,0
1976,181,2,0,-1,0,0,1,1,1,0,0,1,0,0,0,0,0,0,0,1,1,1,0.0000,0,0,0,hop,1
1981,169,1,0,-1,6,2,6,0,8,0,0,8,0,0,0,0,0,0,0,8,8,8,0.2215,6,0,0,hop,1
1983,130,1,0,-1,7,0,3,1,9,0,0,9,0,0,0,0,0,0,0,9,9,9,0.2207,6,0,0,hop,1
1987,170,1,0,-1,1,0,1,1,1,0,0,1,0,0,0,0,0,0,0,1,1,1,0.0355,1,0,0,hop,1
1992,92,1,0,-1,10,0,6,0,14,0,0,14,0,0,0,0,0,0,0,14,14,14,0.3659,10,0,0,pending,0
1992,192,1,0,-1,11,1,6,0,16,0,0,16,0,0,0,0,0,0,0,16,16,16,0.4016,11,0,0,hop,1
1993,92,1,0,-1,10,0,6,0,14,0,0,14,0,0,0,0,0,0,0,14,14,14,0.3658,10,0,0,hop,1
2013,93,1,0,-1,1,0,2,1,1,0,0,1,0,0,0,0,0,0,0,1,1,1,0.0739,1,0,0,pending,0
2013,158,1,0,-1,5,2,7,0,7,0,0,7,0,0,0,0,0,0,0,7,7,7,0.1805,5,0,0,hop,1
2014,93,1,0,-1,1,0,2,1,1,0,0,1,0,0,0,0,0,0,0,1,1,1,0.0739,1,0,0,hop,1
2018,8,1,0,-1,1,0,1,1,2,0,0,2,0,0,0,0,0,0,0,2,2,2,0.0369,1,0,0,hop,1
2018,128,1,0,-1,9,0,3,0,11,0,0,11,0,0,0,0,0,0,0,11,11,11,0.2930,8,0,0,pending,0
2019,128,1,0,-1,9,0,3,0,11,0,0,11,0,0,0,0,0,0,0,11,11,11,0.2930,8,0,0,hop,1
2020,156,2,0,-1,1,0,1,1,2,0,0,2,0,0,0,0,0,0,0,2,2,2,0.0330,1,0,0,pending,0
2021,156,2,0,-1,1,0,1,1,2,0,0,2,0,0,0,0,0,0,0,2,2,2,0.0330,1,0,0,hop,1
2022,167,1,0,-1,12,3,6,0,16,0,0,16,0,0,0,0,0,0,0,16,16,16,0.3902,11,0,0,pending,0
2023,167,1,0,-1,12,3,6,0,16,0,0,16,0,0,0,0,0,0,0,16,16,16,0.3900,11,0,0,hop,1
2026,125,1,0,-1,13,0,2,1,17,0,0,17,0,0,0,0,0,0,0,17,17,17,0.3971,12,0,0,pending,0
2026,162,1,0,-1,2,0,1,1,2,0,0,2,0,0,0,0,0,0,0,2,2,2,0.0974,2,0,0,hop,1
2027,125,1,0,-1,13,0,2,1,17,0,0,17,0,0,0,0,0,0,0,17,17,17,0.3972,12,0,0,hop,1
2032,91,1,0,-1,17,0,1,1,16,0,0,16,0,0,0,0,0,0,0,16,16,16,0.4064,11,0,0,pending,0
2033,91,1,0,-1,17,0,1,1,16,0,0,16,0,0,0,0,0,0,0,16,16,16,0.4064,11,0,0,hop,1
2047,160,1,0,-1,2,0,2,1,5,0,0,5,0,0,0,0,0,0,0,5,5,5,0.0739,2,0,0,pending,0
2048,160,1,0,-1,2,0,2,1,5,0,0,5,0,0,0,0,0,0,0,5,5,5,0.0739,2,0,0,hop,1
2053,193,1,0,-1,10,2,3,0,13,0,0,13,0,0,0,0,0,0,0,13,13,13,0.3585,10,0,0,hop,1
2054,168,1,0,-1,9,6,7,0,10,0,0,10,0,0,0,0,0,0,0,10,10,10,0.3289,9,0,0,pending,0
2055,168,1,0,-1,9,6,7,0,10,0,0,10,0,0,0,0,0,0,0,10,10,10,0.3290,9,0,0,hop,1
2079,155,1,0,-1,8,5,7,0,9,0,0,9,0,0,0,0,0,0,0,9,9,9,0.2589,7,0,0,hop,1
2094,195,1,0,-1,3,0,1,1,3,0,0,3,0,0,0,0,0,0,0,3,3,3,0.0658,2,0,0,hop,1
2097,134,2,0,-1,0,0,3,1,1,0,0,1,0,0,0,0,0,0,0,1,1,1,0.0000,0,0,0,hop,1
2108,132,1,0,-1,4,1,7,0,6,0,0,6,0,0,0,0,0,0,0,6,6,6,0.1301,4,0,0,hop,1
2108,192,1,0,-1,11,1,6,0,14,0,0,14,0,0,0,0,0,0,0,14,14,14,0.4028,11,0,0,hop,1
2109,133,1,0,-1,4,1,2,0,3,0,0,3,0,0,0,1,0,0,0,3,4,4,0.0670,2,0,0,pending,0
2110,133,1,0,-1,4,1,2,0,3,0,0,3,0,0,0,1,0,0,0,3,4,4,0.0670,2,0,0,hop,1
2110,153,1,0,-1,11,2,6,0,15,0,0,15,0,0,0,0,0,0,0,15,15,15,0.3982,11,0,0,hop,1
2113,130,1,0,-1,6,2,5,0,7,0,0,7,0,0,0,0,0,0,0,7,7,7,0.2197,6,0,0,hop,1
2118,181,2,0,-1,0,0,1,1,2,0,0,2,0,0,0,0,0,0,0,2,2,2,0.0000,0,0,0,hop,1
2123,171,1,0,-1,3,1,3,0,5,0,0,5,0,0,0,0,0,0,0,5,5,5,0.0738,2,0,0,pending,0
2124,8,1,0,-1,0,0,1,1,0,0,0,0,0,0,0,0,0,0,0,0,0,0,0.0000,0,0,0,hop,1
2124,171,1,0,-1,3,1,3,0,5,0,0,5,0,0,0,0,0,0,0,5,5,5,0.0738,2,0,0,hop,1
2125,158,1,0,-1,4,0,5,1,5,0,0,5,0,0,0,0,0,0,0,5,5,5,0.1433,4,0,0,hop,1
2125,169,1,0,-1,5,1,5,0,6,0,0,6,0,0,0,0,0,0,0,6,6,6,0.1389,4,0,0,hop,1
2135,91,1,0,-1,16,5,6,0,16,0,0,16,0,0,0,0,0,0,0,16,16,16,0.4064,11,0,0,pending,0
2136,91,1,0,-1,16,5,6,0,16,0,0,16,0,0,0,0,0,0,0,16,16,16,0.4064,11,0,0,hop,1
2139,126,1,0,-1,8,7,9,0,9,0,0,9,0,0,0,0,0,0,0,9,9,9,0.3231,9,0,0,pending,0
2140,126,1,0,-1,8,7,9,0,9,0,0,9,0,0,0,0,0,0,0,9,9,9,0.3230,9,0,0,hop,1
2147,93,1,0,-1,1,0,4,1,1,0,0,1,0,0,0,0,0,0,0,1,1,1,0.0669,1,0,0,hop,1
2172,92,1,0,-1,10,0,6,0,11,0,0,11,0,0,0,0,0,0,0,11,11,11,0.3492,10,0,0,hop,1
2176,9,1,0,-1,0,0,2,1,0,0,0,0,0,0,0,0,0,0,0,0,0,0,0.0000,0,0,0,hop,1
2177,167,1,0,-1,12,3,6,0,14,0,0,14,0,0,0,0,0,0,0,14,14,14,0.4318,12,0,0,pending,0
2178,167,1,0,-1,12,3,6,0,14,0,0,14,0,0,0,0,0,0,0,14,14,14,0.4317,12,0,0,hop,1
2188,128,1,0,-1,8,8,11,0,8,0,0,8,0,0,0,0,0,0,0,8,8,8,0.2917,8,0,0,pending,0
2188,160,1,0,-1,2,0,11,1,3,0,0,3,0,0,0,0,0,0,0,3,3,3,0.0739,2,0,0,hop,1
2189,128,1,0,-1,8,7,10,0,8,0,0,8,0,0,0,0,0,0,0,8,8,8,0.2916,8,0,0,hop,1
2192,162,1,0,-1,2,0,3,1,2,0,0,2,0,0,0,0,0,0,0,2,2,2,0.0370,1,0,0,hop,1
2200,125,1,0,-1,13,4,6,0,14,0,0,14,0,0,0,0,0,0,0,14,14,14,0.4116,12,0,0,pending,0
2201,125,1,0,-1,13,4,6,0,14,0,0,14,0,0,0,0,0,0,0,14,14,14,0.4115,12,0,0,hop,1
2204,130,1,0,-1,5,1,7,0,7,0,0,7,0,0,0,0,0,0,0,7,7,7,0.1841,5,0,0,hop,1
2205,193,1,0,-1,9,6,7,0,10,0,0,10,0,0,0,0,0,0,0,10,10,10,0.3249,9,0,0,hop,1
2208,156,2,0,-1,1,0,1,1,1,0,0,1,0,0,0,0,0,0,0,1,1,1,0.0316,1,0,0,hop,1
2214,192,1,0,-1,11,1,5,0,11,0,0,11,0,0,0,0,0,0,0,11,11,11,0.3640,10,0,0,pending,0
2215,192,1,0,-1,11,1,5,0,11,0,0,11,0,0,0,0,0,0,0,11,11,11,0.3639,10,0,0,hop,1
2216,171,1,0,-1,3,0,3,1,3,0,0,3,0,0,0,0,0,0,0,3,3,3,0.0984,3,0,0,pending,0
2216,195,1,0,-1,2,0,2,1,3,0,0,3,0,0,0,0,0,0,0,3,3,3,0.0684,2,0,0,pending,0
2217,171,1,0,-1,3,0,3,1,3,0,0,3,0,0,0,0,0,0,0,3,3,3,0.0984,3,0,0,hop,1
2217,195,1,0,-1,2,0,2,1,3,0,0,3,0,0,0,0,0,0,0,3,3,3,0.0684,2,0,0,hop,1
2220,133,1,0,-1,3,0,2,1,4,0,0,4,0,0,0,0,0,0,0,4,4,4,0.0681,2,0,0,hop,1
2222,168,1,0,-1,6,3,7,0,8,0,0,8,0,0,1,0,0,0,0,8,7,7,0.2538,7,0,0,pending,0
2223,168,1,0,-1,6,3,7,0,8,0,0,8,0,0,1,0,0,0,0,8,7,7,0.2537,7,0,0,hop,1
2238,155,1,0,-1,5,2,7,0,6,0,0,6,0,0,0,0,0,0,0,6,6,6,0.1481,4,0,0,hop,1
2239,134,2,0,-1,0,0,1,1,1,0,0,1,0,0,0,0,0,0,0,1,1,1,0.0000,0,0,0,hop,1
2251,126,1,0,-1,7,5,7,0,8,0,0,8,0,0,0,0,0,0,0,8,8,8,0.2557,7,0,0,pending,0
2252,126,1,0,-1,7,5,7,0,8,0,0,8,0,0,0,0,0,0,0,8,8,8,0.2557,7,0,0,hop,1
2257,153,1,0,-1,11,0,4,0,11,0,0,11,0,0,0,0,0,0,0,11,11,11,0.3863,11,0,0,pending,0
2258,153,1,0,-1,11,0,4,0,11,0,0,11,0,0,0,0,0,0,0,11,11,11,0.3863,11,0,0,hop,1
2266,93,1,0,-1,1,0,1,1,1,0,0,1,0,0,0,0,0,0,0,1,1,1,0.0738,1,0,0,pending,0
2267,93,1,0,-1,1,0,1,1,1,0,0,1,0,0,0,0,0,0,0,1,1,1,0.0738,1,0,0,hop,1
2272,181,2,0,-1,1,0,1,1,3,0,0,3,0,0,0,0,0,0,0,3,3,3,0.0330,1,0,0,pending,0
2273,181,2,0,-1,1,0,1,1,3,0,0,3,0,0,0,0,0,0,0,3,3,3,0.0330,1,0,0,hop,1
2277,91,1,0,-1,17,3,4,0,14,0,0,14,0,0,0,0,0,0,0,14,14,14,0.4064,11,0,0,hop,1
2277,169,1,0,-1,3,0,7,1,6,0,0,6,0,0,1,0,0,0,0,6,5,5,0.1465,4,0,0,hop,1
2285,132,1,0,-1,2,0,3,1,3,0,0,3,0,0,0,0,0,0,0,3,3,3,0.0682,2,0,0,hop,1
2299,9,1,0,-1,0,0,2,1,0,0,0,0,0,0,0,0,0,0,0,0,0,0,0.0000,0,0,0,pending,0
2300,9,1,0,-1,0,0,2,1,0,0,0,0,0,0,0,0,0,0,0,0,0,0,0.0000,0,0,0,hop,1
2302,158,1,0,-1,3,0,2,1,3,0,0,3,0,0,0,0,0,0,0,3,3,3,0.1089,3,0,0,pending,0
2303,158,1,0,-1,3,0,2,1,3,0,0,3,0,0,0,0,0,0,0,3,3,3,0.1089,3,0,0,hop,1
2310,92,1,0,-1,8,0,2,0,12,0,0,12,0,0,1,0,0,0,0,12,11,11,0.3111,9,0,0,hop,1
2312,192,1,0,-1,9,1,2,0,12,0,0,12,0,0,0,0,0,0,0,12,12,12,0.3326,9,0,0,hop,1
2314,130,1,0,-1,4,0,4,1,5,0,0,5,0,0,0,0,0,0,0,5,5,5,0.1478,4,0,0,hop,1
2314,195,1,0,-1,2,0,1,1,3,0,0,3,0,0,0,0,0,0,0,3,3,3,0.0343,1,0,0,hop,1
2320,128,1,0,-1,6,4,5,0,8,0,0,8,0,0,0,0,0,0,0,8,8,8,0.1847,5,0,0,pending,0
2321,128,1,0,-1,6,4,5,0,8,0,0,8,0,0,0,0,0,0,0,8,8,8,0.1847,5,0,0,hop,1
2326,156,2,0,-1,1,0,1,1,1,0,0,1,0,0,0,0,0,0,0,1,1,1,0.0336,1,0,0,pending,0
2327,156,2,0,-1,1,0,1,1,1,0,0,1,0,0,0,0,0,0,0,1,1,1,0.0336,1,0,0,hop,1
2334,162,1,0,-1,1,0,1,1,2,0,0,2,0,0,0,0,0,0,0,2,2,2,0.0370,1,0,0,pending,0
2335,162,1,0,-1,1,0,1,1,2,0,0,2,0,0,0,0,0,0,0,2,2,2,0.0370,1,0,0,hop,1
2337,167,1,0,-1,11,1,4,0,12,0,0,12,0,0,0,0,0,0,0,12,12,12,0.3489,10,0,0,hop,1
2339,125,1,0,-1,12,0,2,1,13,0,0,13,0,0,0,0,0,0,0,13,13,13,0.3674,11,0,0,pending,0
2340,125,1,0,-1,12,0,2,1,13,0,0,13,0,0,0,0,0,0,0,13,13,13,0.3675,11,0,0,hop,1
2342,193,1,0,-1,7,0,4,0,10,0,0,10,0,0,0,0,0,0,0,10,10,10,0.2547,7,0,0,pending,0
2343,193,1,0,-1,7,0,4,0,10,0,0,10,0,0,0,0,0,0,0,10,10,10,0.2547,7,0,0,hop,1
2346,168,1,0,-1,5,3,5,0,8,0,0,8,0,0,1,0,0,0,0,8,7,7,0.2219,6,0,0,hop,1
2348,160,1,0,-1,2,0,3,1,3,0,0,3,0,0,0,0,0,0,0,3,3,3,0.0678,2,0,0,pending,0
2349,160,1,0,-1,2,0,3,1,3,0,0,3,0,0,0,0,0,0,0,3,3,3,0.0678,2,0,0,hop,1
2360,153,1,0,-1,10,0,3,0,11,0,0,11,0,0,0,0,0,0,0,11,11,11,0.3175,9,0,0,hop,1
2363,10,1,0,-1,1,0,2,1,1,0,0,1,0,0,0,0,0,0,0,1,1,1,0.0000,0,0,0,hop,1
2376,91,1,0,-1,15,0,1,1,14,0,0,14,0,0,0,0,0,0,0,14,14,14,0.3694,10,0,0,hop,1
2376,171,1,0,-1,2,0,1,1,3,0,0,3,0,0,0,0,0,0,0,3,3,3,0.0739,2,0,0,hop,1
2383,155,1,0,-1,4,2,5,0,6,0,0,6,0,0,0,0,0,0,0,6,6,6,0.1474,4,0,0,hop,1
2385,169,1,0,-1,3,0,5,1,4,0,0,4,0,0,0,0,0,0,0,4,4,4,0.1111,3,0,0,pending,0
2386,169,1,0,-1,3,0,5,1,4,0,0,4,0,0,0,0,0,0,0,4,4,4,0.1111,3,0,0,hop,1
2391,181,2,0,-1,1,0,1,1,1,0,0,1,0,0,0,0,0,0,0,1,1,1,0.0329,1,0,0,hop,1
2392,93,1,0,-1,1,0,1,1,1,0,0,1,0,0,0,0,0,0,0,1,1,1,0.0736,1,0,0,hop,1
2393,134,2,0,-1,0,0,1,1,1,0,0,1,0,0,0,0,0,0,0,1,1,1,0.0000,0,0,0,pending,0
2394,134,2,0,-1,0,0,1,1,1,0,0,1,0,0,0,0,0,0,0,1,1,1,0.0000,0,0,0,hop,1
2398,133,1,0,-1,2,0,2,1,3,0,0,3,0,0,0,0,0,0,0,3,3,3,0.0671,2,0,0,pending,0
2399,133,1,0,-1,2,0,2,1,3,0,0,3,0,0,0,0,0,0,0,3,3,3,0.0671,2,0,0,hop,1
